[2025-11-03 22:26:12.609] [info]  DiscordSplash.signalReady
[2025-11-03 22:26:12.876] [info]  DiscordSplash.onStateUpdate: {"status":"installing-updates","current":1,"total":6}
[2025-11-03 22:26:12.876] [info]  Splash.onStateUpdate: {"status":"installing-updates","current":1,"total":6}
[2025-11-03 22:26:12.878] [info]  DiscordSplash.onStateUpdate: {"status":"installing-updates","current":2,"total":6}
[2025-11-03 22:26:12.878] [info]  Splash.onStateUpdate: {"status":"installing-updates","current":2,"total":6}
[2025-11-03 22:26:12.878] [info]  DiscordSplash.onStateUpdate: {"status":"installing-updates","current":3,"total":6}
[2025-11-03 22:26:12.878] [info]  Splash.onStateUpdate: {"status":"installing-updates","current":3,"total":6}
[2025-11-03 22:26:12.878] [info]  DiscordSplash.onStateUpdate: {"status":"installing-updates","current":4,"total":6}
[2025-11-03 22:26:12.878] [info]  Splash.onStateUpdate: {"status":"installing-updates","current":4,"total":6}
[2025-11-03 22:26:12.878] [info]  DiscordSplash.onStateUpdate: {"status":"installing-updates","current":5,"total":6}
[2025-11-03 22:26:12.879] [info]  Splash.onStateUpdate: {"status":"installing-updates","current":5,"total":6}
[2025-11-03 22:26:12.879] [info]  DiscordSplash.onStateUpdate: {"status":"installing-updates","current":6,"total":6}
[2025-11-03 22:26:12.879] [info]  Splash.onStateUpdate: {"status":"installing-updates","current":6,"total":6}
[2025-11-03 22:26:12.879] [info]  DiscordSplash.onStateUpdate: {"status":"checking-for-updates","current":6,"total":6}
[2025-11-03 22:26:12.879] [info]  Splash.onStateUpdate: {"status":"checking-for-updates","current":6,"total":6}
[2025-11-03 22:26:12.879] [info]  DiscordSplash.onStateUpdate: {"status":"downloading-updates","current":1,"total":6}
[2025-11-03 22:26:12.879] [info]  Splash.onStateUpdate: {"status":"downloading-updates","current":1,"total":6}
[2025-11-03 22:26:13.205] [info]  DiscordSplash.onStateUpdate: {"status":"downloading-updates","current":1,"total":6,"progress":2}
[2025-11-03 22:26:13.205] [info]  Splash.onStateUpdate: {"status":"downloading-updates","current":1,"total":6,"progress":2}
[2025-11-03 22:26:13.209] [info]  DiscordSplash.onStateUpdate: {"status":"downloading-updates","current":1,"total":6,"progress":3}
[2025-11-03 22:26:13.210] [info]  Splash.onStateUpdate: {"status":"downloading-updates","current":1,"total":6,"progress":3}
[2025-11-03 22:26:13.223] [info]  DiscordSplash.onStateUpdate: {"status":"downloading-updates","current":1,"total":6,"progress":4}
[2025-11-03 22:26:13.224] [info]  Splash.onStateUpdate: {"status":"downloading-updates","current":1,"total":6,"progress":4}
[2025-11-03 22:26:13.239] [info]  DiscordSplash.onStateUpdate: {"status":"downloading-updates","current":1,"total":6,"progress":5}
[2025-11-03 22:26:13.239] [info]  Splash.onStateUpdate: {"status":"downloading-updates","current":1,"total":6,"progress":5}
[2025-11-03 22:26:13.245] [info]  DiscordSplash.onStateUpdate: {"status":"downloading-updates","current":1,"total":6,"progress":6}
[2025-11-03 22:26:13.245] [info]  Splash.onStateUpdate: {"status":"downloading-updates","current":1,"total":6,"progress":6}
[2025-11-03 22:26:13.252] [info]  DiscordSplash.onStateUpdate: {"status":"downloading-updates","current":1,"total":6,"progress":7}
[2025-11-03 22:26:13.252] [info]  Splash.onStateUpdate: {"status":"downloading-updates","current":1,"total":6,"progress":7}
[2025-11-03 22:26:13.263] [info]  DiscordSplash.onStateUpdate: {"status":"downloading-updates","current":1,"total":6,"progress":8}
[2025-11-03 22:26:13.263] [info]  Splash.onStateUpdate: {"status":"downloading-updates","current":1,"total":6,"progress":8}
[2025-11-03 22:26:13.266] [info]  DiscordSplash.onStateUpdate: {"status":"downloading-updates","current":1,"total":6,"progress":9}
[2025-11-03 22:26:13.267] [info]  Splash.onStateUpdate: {"status":"downloading-updates","current":1,"total":6,"progress":9}
[2025-11-03 22:26:13.274] [info]  DiscordSplash.onStateUpdate: {"status":"downloading-updates","current":1,"total":6,"progress":10}
[2025-11-03 22:26:13.274] [info]  Splash.onStateUpdate: {"status":"downloading-updates","current":1,"total":6,"progress":10}
[2025-11-03 22:26:13.277] [info]  DiscordSplash.onStateUpdate: {"status":"downloading-updates","current":1,"total":6,"progress":11}
[2025-11-03 22:26:13.277] [info]  Splash.onStateUpdate: {"status":"downloading-updates","current":1,"total":6,"progress":11}
[2025-11-03 22:26:13.283] [info]  DiscordSplash.onStateUpdate: {"status":"downloading-updates","current":1,"total":6,"progress":12}
[2025-11-03 22:26:13.283] [info]  Splash.onStateUpdate: {"status":"downloading-updates","current":1,"total":6,"progress":12}
[2025-11-03 22:26:13.285] [info]  DiscordSplash.onStateUpdate: {"status":"downloading-updates","current":1,"total":6,"progress":13}
[2025-11-03 22:26:13.285] [info]  Splash.onStateUpdate: {"status":"downloading-updates","current":1,"total":6,"progress":13}
[2025-11-03 22:26:13.288] [info]  DiscordSplash.onStateUpdate: {"status":"downloading-updates","current":1,"total":6,"progress":14}
[2025-11-03 22:26:13.288] [info]  Splash.onStateUpdate: {"status":"downloading-updates","current":1,"total":6,"progress":14}
[2025-11-03 22:26:13.297] [info]  DiscordSplash.onStateUpdate: {"status":"downloading-updates","current":1,"total":6,"progress":16}
[2025-11-03 22:26:13.297] [info]  Splash.onStateUpdate: {"status":"downloading-updates","current":1,"total":6,"progress":16}
[2025-11-03 22:26:13.301] [info]  DiscordSplash.onStateUpdate: {"status":"downloading-updates","current":1,"total":6,"progress":18}
[2025-11-03 22:26:13.302] [info]  Splash.onStateUpdate: {"status":"downloading-updates","current":1,"total":6,"progress":18}
[2025-11-03 22:26:13.308] [info]  DiscordSplash.onStateUpdate: {"status":"downloading-updates","current":1,"total":6,"progress":21}
[2025-11-03 22:26:13.308] [info]  Splash.onStateUpdate: {"status":"downloading-updates","current":1,"total":6,"progress":21}
[2025-11-03 22:26:13.316] [info]  DiscordSplash.onStateUpdate: {"status":"downloading-updates","current":1,"total":6,"progress":24}
[2025-11-03 22:26:13.316] [info]  Splash.onStateUpdate: {"status":"downloading-updates","current":1,"total":6,"progress":24}
[2025-11-03 22:26:13.317] [info]  DiscordSplash.onStateUpdate: {"status":"downloading-updates","current":1,"total":6,"progress":25}
[2025-11-03 22:26:13.317] [info]  Splash.onStateUpdate: {"status":"downloading-updates","current":1,"total":6,"progress":25}
[2025-11-03 22:26:13.321] [info]  DiscordSplash.onStateUpdate: {"status":"downloading-updates","current":1,"total":6,"progress":28}
[2025-11-03 22:26:13.322] [info]  Splash.onStateUpdate: {"status":"downloading-updates","current":1,"total":6,"progress":28}
[2025-11-03 22:26:13.328] [info]  DiscordSplash.onStateUpdate: {"status":"downloading-updates","current":1,"total":6,"progress":31}
[2025-11-03 22:26:13.328] [info]  Splash.onStateUpdate: {"status":"downloading-updates","current":1,"total":6,"progress":31}
[2025-11-03 22:26:13.328] [info]  DiscordSplash.onStateUpdate: {"status":"downloading-updates","current":1,"total":6,"progress":32}
[2025-11-03 22:26:13.329] [info]  Splash.onStateUpdate: {"status":"downloading-updates","current":1,"total":6,"progress":32}
[2025-11-03 22:26:13.332] [info]  DiscordSplash.onStateUpdate: {"status":"downloading-updates","current":1,"total":6,"progress":35}
[2025-11-03 22:26:13.332] [info]  Splash.onStateUpdate: {"status":"downloading-updates","current":1,"total":6,"progress":35}
[2025-11-03 22:26:13.334] [info]  DiscordSplash.onStateUpdate: {"status":"downloading-updates","current":1,"total":6,"progress":37}
[2025-11-03 22:26:13.334] [info]  Splash.onStateUpdate: {"status":"downloading-updates","current":1,"total":6,"progress":37}
[2025-11-03 22:26:13.337] [info]  DiscordSplash.onStateUpdate: {"status":"downloading-updates","current":1,"total":6,"progress":39}
[2025-11-03 22:26:13.337] [info]  Splash.onStateUpdate: {"status":"downloading-updates","current":1,"total":6,"progress":39}
[2025-11-03 22:26:13.340] [info]  DiscordSplash.onStateUpdate: {"status":"downloading-updates","current":1,"total":6,"progress":42}
[2025-11-03 22:26:13.340] [info]  Splash.onStateUpdate: {"status":"downloading-updates","current":1,"total":6,"progress":42}
[2025-11-03 22:26:13.344] [info]  DiscordSplash.onStateUpdate: {"status":"downloading-updates","current":1,"total":6,"progress":45}
[2025-11-03 22:26:13.344] [info]  Splash.onStateUpdate: {"status":"downloading-updates","current":1,"total":6,"progress":45}
[2025-11-03 22:26:13.345] [info]  DiscordSplash.onStateUpdate: {"status":"downloading-updates","current":1,"total":6,"progress":46}
[2025-11-03 22:26:13.345] [info]  Splash.onStateUpdate: {"status":"downloading-updates","current":1,"total":6,"progress":46}
[2025-11-03 22:26:13.347] [info]  DiscordSplash.onStateUpdate: {"status":"downloading-updates","current":1,"total":6,"progress":48}
[2025-11-03 22:26:13.348] [info]  Splash.onStateUpdate: {"status":"downloading-updates","current":1,"total":6,"progress":48}
[2025-11-03 22:26:13.350] [info]  DiscordSplash.onStateUpdate: {"status":"downloading-updates","current":1,"total":6,"progress":51}
[2025-11-03 22:26:13.350] [info]  Splash.onStateUpdate: {"status":"downloading-updates","current":1,"total":6,"progress":51}
[2025-11-03 22:26:13.350] [info]  DiscordSplash.onStateUpdate: {"status":"downloading-updates","current":1,"total":6,"progress":52}
[2025-11-03 22:26:13.350] [info]  Splash.onStateUpdate: {"status":"downloading-updates","current":1,"total":6,"progress":52}
[2025-11-03 22:26:13.354] [info]  DiscordSplash.onStateUpdate: {"status":"downloading-updates","current":1,"total":6,"progress":55}
[2025-11-03 22:26:13.354] [info]  Splash.onStateUpdate: {"status":"downloading-updates","current":1,"total":6,"progress":55}
[2025-11-03 22:26:13.354] [info]  DiscordSplash.onStateUpdate: {"status":"downloading-updates","current":1,"total":6,"progress":57}
[2025-11-03 22:26:13.354] [info]  Splash.onStateUpdate: {"status":"downloading-updates","current":1,"total":6,"progress":57}
[2025-11-03 22:26:13.358] [info]  DiscordSplash.onStateUpdate: {"status":"downloading-updates","current":1,"total":6,"progress":59}
[2025-11-03 22:26:13.358] [info]  Splash.onStateUpdate: {"status":"downloading-updates","current":1,"total":6,"progress":59}
[2025-11-03 22:26:13.358] [info]  DiscordSplash.onStateUpdate: {"status":"downloading-updates","current":1,"total":6,"progress":60}
[2025-11-03 22:26:13.358] [info]  Splash.onStateUpdate: {"status":"downloading-updates","current":1,"total":6,"progress":60}
[2025-11-03 22:26:13.360] [info]  DiscordSplash.onStateUpdate: {"status":"downloading-updates","current":1,"total":6,"progress":63}
[2025-11-03 22:26:13.360] [info]  Splash.onStateUpdate: {"status":"downloading-updates","current":1,"total":6,"progress":63}
[2025-11-03 22:26:13.360] [info]  DiscordSplash.onStateUpdate: {"status":"downloading-updates","current":1,"total":6,"progress":64}
[2025-11-03 22:26:13.360] [info]  Splash.onStateUpdate: {"status":"downloading-updates","current":1,"total":6,"progress":64}
[2025-11-03 22:26:13.362] [info]  DiscordSplash.onStateUpdate: {"status":"downloading-updates","current":1,"total":6,"progress":66}
[2025-11-03 22:26:13.362] [info]  Splash.onStateUpdate: {"status":"downloading-updates","current":1,"total":6,"progress":66}
[2025-11-03 22:26:13.362] [info]  DiscordSplash.onStateUpdate: {"status":"downloading-updates","current":1,"total":6,"progress":67}
[2025-11-03 22:26:13.362] [info]  Splash.onStateUpdate: {"status":"downloading-updates","current":1,"total":6,"progress":67}
[2025-11-03 22:26:13.365] [info]  DiscordSplash.onStateUpdate: {"status":"downloading-updates","current":1,"total":6,"progress":70}
[2025-11-03 22:26:13.365] [info]  Splash.onStateUpdate: {"status":"downloading-updates","current":1,"total":6,"progress":70}
[2025-11-03 22:26:13.365] [info]  DiscordSplash.onStateUpdate: {"status":"downloading-updates","current":1,"total":6,"progress":71}
[2025-11-03 22:26:13.365] [info]  Splash.onStateUpdate: {"status":"downloading-updates","current":1,"total":6,"progress":71}
[2025-11-03 22:26:13.367] [info]  DiscordSplash.onStateUpdate: {"status":"downloading-updates","current":1,"total":6,"progress":74}
[2025-11-03 22:26:13.367] [info]  Splash.onStateUpdate: {"status":"downloading-updates","current":1,"total":6,"progress":74}
[2025-11-03 22:26:13.368] [info]  DiscordSplash.onStateUpdate: {"status":"downloading-updates","current":1,"total":6,"progress":76}
[2025-11-03 22:26:13.368] [info]  Splash.onStateUpdate: {"status":"downloading-updates","current":1,"total":6,"progress":76}
[2025-11-03 22:26:13.369] [info]  DiscordSplash.onStateUpdate: {"status":"downloading-updates","current":1,"total":6,"progress":78}
[2025-11-03 22:26:13.370] [info]  Splash.onStateUpdate: {"status":"downloading-updates","current":1,"total":6,"progress":78}
[2025-11-03 22:26:13.370] [info]  DiscordSplash.onStateUpdate: {"status":"downloading-updates","current":1,"total":6,"progress":79}
[2025-11-03 22:26:13.370] [info]  Splash.onStateUpdate: {"status":"downloading-updates","current":1,"total":6,"progress":79}
[2025-11-03 22:26:13.371] [info]  DiscordSplash.onStateUpdate: {"status":"downloading-updates","current":1,"total":6,"progress":82}
[2025-11-03 22:26:13.371] [info]  Splash.onStateUpdate: {"status":"downloading-updates","current":1,"total":6,"progress":82}
[2025-11-03 22:26:13.371] [info]  DiscordSplash.onStateUpdate: {"status":"downloading-updates","current":1,"total":6,"progress":83}
[2025-11-03 22:26:13.372] [info]  Splash.onStateUpdate: {"status":"downloading-updates","current":1,"total":6,"progress":83}
[2025-11-03 22:26:13.374] [info]  DiscordSplash.onStateUpdate: {"status":"downloading-updates","current":1,"total":6,"progress":85}
[2025-11-03 22:26:13.374] [info]  Splash.onStateUpdate: {"status":"downloading-updates","current":1,"total":6,"progress":85}
[2025-11-03 22:26:13.374] [info]  DiscordSplash.onStateUpdate: {"status":"downloading-updates","current":1,"total":6,"progress":88}
[2025-11-03 22:26:13.374] [info]  Splash.onStateUpdate: {"status":"downloading-updates","current":1,"total":6,"progress":88}
[2025-11-03 22:26:13.376] [info]  DiscordSplash.onStateUpdate: {"status":"downloading-updates","current":1,"total":6,"progress":90}
[2025-11-03 22:26:13.376] [info]  Splash.onStateUpdate: {"status":"downloading-updates","current":1,"total":6,"progress":90}
[2025-11-03 22:26:13.376] [info]  DiscordSplash.onStateUpdate: {"status":"downloading-updates","current":1,"total":6,"progress":92}
[2025-11-03 22:26:13.376] [info]  Splash.onStateUpdate: {"status":"downloading-updates","current":1,"total":6,"progress":92}
[2025-11-03 22:26:13.377] [info]  DiscordSplash.onStateUpdate: {"status":"downloading-updates","current":1,"total":6,"progress":95}
[2025-11-03 22:26:13.377] [info]  Splash.onStateUpdate: {"status":"downloading-updates","current":1,"total":6,"progress":95}
[2025-11-03 22:26:13.379] [info]  DiscordSplash.onStateUpdate: {"status":"downloading-updates","current":1,"total":6,"progress":97}
[2025-11-03 22:26:13.379] [info]  Splash.onStateUpdate: {"status":"downloading-updates","current":1,"total":6,"progress":97}
[2025-11-03 22:26:13.382] [info]  DiscordSplash.onStateUpdate: {"status":"downloading-updates","current":1,"total":6,"progress":100}
[2025-11-03 22:26:13.382] [info]  Splash.onStateUpdate: {"status":"downloading-updates","current":1,"total":6,"progress":100}
[2025-11-03 22:26:13.382] [info]  DiscordSplash.onStateUpdate: {"status":"downloading-updates","current":2,"total":6}
[2025-11-03 22:26:13.382] [info]  Splash.onStateUpdate: {"status":"downloading-updates","current":2,"total":6}
[2025-11-03 22:26:13.595] [info]  DiscordSplash.onStateUpdate: {"status":"downloading-updates","current":2,"total":6,"progress":2}
[2025-11-03 22:26:13.595] [info]  Splash.onStateUpdate: {"status":"downloading-updates","current":2,"total":6,"progress":2}
[2025-11-03 22:26:13.596] [info]  DiscordSplash.onStateUpdate: {"status":"downloading-updates","current":2,"total":6,"progress":9}
[2025-11-03 22:26:13.596] [info]  Splash.onStateUpdate: {"status":"downloading-updates","current":2,"total":6,"progress":9}
[2025-11-03 22:26:13.596] [info]  DiscordSplash.onStateUpdate: {"status":"downloading-updates","current":2,"total":6,"progress":14}
[2025-11-03 22:26:13.596] [info]  Splash.onStateUpdate: {"status":"downloading-updates","current":2,"total":6,"progress":14}
[2025-11-03 22:26:13.597] [info]  DiscordSplash.onStateUpdate: {"status":"downloading-updates","current":2,"total":6,"progress":19}
[2025-11-03 22:26:13.597] [info]  Splash.onStateUpdate: {"status":"downloading-updates","current":2,"total":6,"progress":19}
[2025-11-03 22:26:13.598] [info]  DiscordSplash.onStateUpdate: {"status":"downloading-updates","current":2,"total":6,"progress":22}
[2025-11-03 22:26:13.598] [info]  Splash.onStateUpdate: {"status":"downloading-updates","current":2,"total":6,"progress":22}
[2025-11-03 22:26:13.599] [info]  DiscordSplash.onStateUpdate: {"status":"downloading-updates","current":2,"total":6,"progress":25}
[2025-11-03 22:26:13.599] [info]  Splash.onStateUpdate: {"status":"downloading-updates","current":2,"total":6,"progress":25}
[2025-11-03 22:26:13.599] [info]  DiscordSplash.onStateUpdate: {"status":"downloading-updates","current":2,"total":6,"progress":28}
[2025-11-03 22:26:13.599] [info]  Splash.onStateUpdate: {"status":"downloading-updates","current":2,"total":6,"progress":28}
[2025-11-03 22:26:13.600] [info]  DiscordSplash.onStateUpdate: {"status":"downloading-updates","current":2,"total":6,"progress":29}
[2025-11-03 22:26:13.600] [info]  Splash.onStateUpdate: {"status":"downloading-updates","current":2,"total":6,"progress":29}
[2025-11-03 22:26:13.600] [info]  DiscordSplash.onStateUpdate: {"status":"downloading-updates","current":2,"total":6,"progress":33}
[2025-11-03 22:26:13.600] [info]  Splash.onStateUpdate: {"status":"downloading-updates","current":2,"total":6,"progress":33}
[2025-11-03 22:26:13.601] [info]  DiscordSplash.onStateUpdate: {"status":"downloading-updates","current":2,"total":6,"progress":35}
[2025-11-03 22:26:13.601] [info]  Splash.onStateUpdate: {"status":"downloading-updates","current":2,"total":6,"progress":35}
[2025-11-03 22:26:13.601] [info]  DiscordSplash.onStateUpdate: {"status":"downloading-updates","current":2,"total":6,"progress":38}
[2025-11-03 22:26:13.602] [info]  Splash.onStateUpdate: {"status":"downloading-updates","current":2,"total":6,"progress":38}
[2025-11-03 22:26:13.602] [info]  DiscordSplash.onStateUpdate: {"status":"downloading-updates","current":2,"total":6,"progress":43}
[2025-11-03 22:26:13.602] [info]  Splash.onStateUpdate: {"status":"downloading-updates","current":2,"total":6,"progress":43}
[2025-11-03 22:26:13.603] [info]  DiscordSplash.onStateUpdate: {"status":"downloading-updates","current":2,"total":6,"progress":46}
[2025-11-03 22:26:13.604] [info]  Splash.onStateUpdate: {"status":"downloading-updates","current":2,"total":6,"progress":46}
[2025-11-03 22:26:13.604] [info]  DiscordSplash.onStateUpdate: {"status":"downloading-updates","current":2,"total":6,"progress":49}
[2025-11-03 22:26:13.604] [info]  Splash.onStateUpdate: {"status":"downloading-updates","current":2,"total":6,"progress":49}
[2025-11-03 22:26:13.605] [info]  DiscordSplash.onStateUpdate: {"status":"downloading-updates","current":2,"total":6,"progress":52}
[2025-11-03 22:26:13.605] [info]  Splash.onStateUpdate: {"status":"downloading-updates","current":2,"total":6,"progress":52}
[2025-11-03 22:26:13.605] [info]  DiscordSplash.onStateUpdate: {"status":"downloading-updates","current":2,"total":6,"progress":55}
[2025-11-03 22:26:13.605] [info]  Splash.onStateUpdate: {"status":"downloading-updates","current":2,"total":6,"progress":55}
[2025-11-03 22:26:13.606] [info]  DiscordSplash.onStateUpdate: {"status":"downloading-updates","current":2,"total":6,"progress":58}
[2025-11-03 22:26:13.606] [info]  Splash.onStateUpdate: {"status":"downloading-updates","current":2,"total":6,"progress":58}
[2025-11-03 22:26:13.606] [info]  DiscordSplash.onStateUpdate: {"status":"downloading-updates","current":2,"total":6,"progress":60}
[2025-11-03 22:26:13.607] [info]  Splash.onStateUpdate: {"status":"downloading-updates","current":2,"total":6,"progress":60}
[2025-11-03 22:26:13.608] [info]  Splash.updateCountdownSeconds: undefined
[2025-11-03 22:26:13.626] [info]  DiscordSplash.onStateUpdate: {"status":"downloading-updates","current":2,"total":6,"progress":63}
[2025-11-03 22:26:13.626] [info]  Splash.onStateUpdate: {"status":"downloading-updates","current":2,"total":6,"progress":63}
[2025-11-03 22:26:13.627] [info]  DiscordSplash.onStateUpdate: {"status":"downloading-updates","current":2,"total":6,"progress":67}
[2025-11-03 22:26:13.627] [info]  Splash.onStateUpdate: {"status":"downloading-updates","current":2,"total":6,"progress":67}
[2025-11-03 22:26:13.628] [info]  DiscordSplash.onStateUpdate: {"status":"downloading-updates","current":2,"total":6,"progress":70}
[2025-11-03 22:26:13.628] [info]  Splash.onStateUpdate: {"status":"downloading-updates","current":2,"total":6,"progress":70}
[2025-11-03 22:26:13.628] [info]  DiscordSplash.onStateUpdate: {"status":"downloading-updates","current":2,"total":6,"progress":73}
[2025-11-03 22:26:13.628] [info]  Splash.onStateUpdate: {"status":"downloading-updates","current":2,"total":6,"progress":73}
[2025-11-03 22:26:13.629] [info]  DiscordSplash.onStateUpdate: {"status":"downloading-updates","current":2,"total":6,"progress":79}
[2025-11-03 22:26:13.629] [info]  Splash.onStateUpdate: {"status":"downloading-updates","current":2,"total":6,"progress":79}
[2025-11-03 22:26:13.630] [info]  DiscordSplash.onStateUpdate: {"status":"downloading-updates","current":2,"total":6,"progress":82}
[2025-11-03 22:26:13.630] [info]  Splash.onStateUpdate: {"status":"downloading-updates","current":2,"total":6,"progress":82}
[2025-11-03 22:26:13.630] [info]  DiscordSplash.onStateUpdate: {"status":"downloading-updates","current":2,"total":6,"progress":84}
[2025-11-03 22:26:13.630] [info]  Splash.onStateUpdate: {"status":"downloading-updates","current":2,"total":6,"progress":84}
[2025-11-03 22:26:13.631] [info]  DiscordSplash.onStateUpdate: {"status":"downloading-updates","current":2,"total":6,"progress":90}
[2025-11-03 22:26:13.631] [info]  Splash.onStateUpdate: {"status":"downloading-updates","current":2,"total":6,"progress":90}
[2025-11-03 22:26:13.632] [info]  DiscordSplash.onStateUpdate: {"status":"downloading-updates","current":2,"total":6,"progress":92}
[2025-11-03 22:26:13.632] [info]  Splash.onStateUpdate: {"status":"downloading-updates","current":2,"total":6,"progress":92}
[2025-11-03 22:26:13.633] [info]  DiscordSplash.onStateUpdate: {"status":"downloading-updates","current":2,"total":6,"progress":95}
[2025-11-03 22:26:13.633] [info]  Splash.onStateUpdate: {"status":"downloading-updates","current":2,"total":6,"progress":95}
[2025-11-03 22:26:13.633] [info]  DiscordSplash.onStateUpdate: {"status":"downloading-updates","current":2,"total":6,"progress":100}
[2025-11-03 22:26:13.633] [info]  Splash.onStateUpdate: {"status":"downloading-updates","current":2,"total":6,"progress":100}
[2025-11-03 22:26:13.635] [info]  DiscordSplash.onStateUpdate: {"status":"downloading-updates","current":3,"total":6}
[2025-11-03 22:26:13.635] [info]  Splash.onStateUpdate: {"status":"downloading-updates","current":3,"total":6}
[2025-11-03 22:26:13.889] [info]  DiscordSplash.onStateUpdate: {"status":"downloading-updates","current":3,"total":6,"progress":1}
[2025-11-03 22:26:13.889] [info]  Splash.onStateUpdate: {"status":"downloading-updates","current":3,"total":6,"progress":1}
[2025-11-03 22:26:13.921] [info]  DiscordSplash.onStateUpdate: {"status":"downloading-updates","current":3,"total":6,"progress":2}
[2025-11-03 22:26:13.921] [info]  Splash.onStateUpdate: {"status":"downloading-updates","current":3,"total":6,"progress":2}
[2025-11-03 22:26:13.939] [info]  DiscordSplash.onStateUpdate: {"status":"downloading-updates","current":3,"total":6,"progress":3}
[2025-11-03 22:26:13.939] [info]  Splash.onStateUpdate: {"status":"downloading-updates","current":3,"total":6,"progress":3}
[2025-11-03 22:26:13.957] [info]  DiscordSplash.onStateUpdate: {"status":"downloading-updates","current":3,"total":6,"progress":4}
[2025-11-03 22:26:13.957] [info]  Splash.onStateUpdate: {"status":"downloading-updates","current":3,"total":6,"progress":4}
[2025-11-03 22:26:13.968] [info]  DiscordSplash.onStateUpdate: {"status":"downloading-updates","current":3,"total":6,"progress":5}
[2025-11-03 22:26:13.968] [info]  Splash.onStateUpdate: {"status":"downloading-updates","current":3,"total":6,"progress":5}
[2025-11-03 22:26:13.974] [info]  DiscordSplash.onStateUpdate: {"status":"downloading-updates","current":3,"total":6,"progress":6}
[2025-11-03 22:26:13.974] [info]  Splash.onStateUpdate: {"status":"downloading-updates","current":3,"total":6,"progress":6}
[2025-11-03 22:26:13.980] [info]  DiscordSplash.onStateUpdate: {"status":"downloading-updates","current":3,"total":6,"progress":7}
[2025-11-03 22:26:13.981] [info]  Splash.onStateUpdate: {"status":"downloading-updates","current":3,"total":6,"progress":7}
[2025-11-03 22:26:13.988] [info]  DiscordSplash.onStateUpdate: {"status":"downloading-updates","current":3,"total":6,"progress":8}
[2025-11-03 22:26:13.988] [info]  Splash.onStateUpdate: {"status":"downloading-updates","current":3,"total":6,"progress":8}
[2025-11-03 22:26:13.997] [info]  DiscordSplash.onStateUpdate: {"status":"downloading-updates","current":3,"total":6,"progress":9}
[2025-11-03 22:26:13.997] [info]  Splash.onStateUpdate: {"status":"downloading-updates","current":3,"total":6,"progress":9}
[2025-11-03 22:26:14.003] [info]  DiscordSplash.onStateUpdate: {"status":"downloading-updates","current":3,"total":6,"progress":10}
[2025-11-03 22:26:14.003] [info]  Splash.onStateUpdate: {"status":"downloading-updates","current":3,"total":6,"progress":10}
[2025-11-03 22:26:14.008] [info]  DiscordSplash.onStateUpdate: {"status":"downloading-updates","current":3,"total":6,"progress":11}
[2025-11-03 22:26:14.008] [info]  Splash.onStateUpdate: {"status":"downloading-updates","current":3,"total":6,"progress":11}
[2025-11-03 22:26:14.011] [info]  DiscordSplash.onStateUpdate: {"status":"downloading-updates","current":3,"total":6,"progress":12}
[2025-11-03 22:26:14.011] [info]  Splash.onStateUpdate: {"status":"downloading-updates","current":3,"total":6,"progress":12}
[2025-11-03 22:26:14.013] [info]  DiscordSplash.onStateUpdate: {"status":"downloading-updates","current":3,"total":6,"progress":13}
[2025-11-03 22:26:14.014] [info]  Splash.onStateUpdate: {"status":"downloading-updates","current":3,"total":6,"progress":13}
[2025-11-03 22:26:14.018] [info]  DiscordSplash.onStateUpdate: {"status":"downloading-updates","current":3,"total":6,"progress":14}
[2025-11-03 22:26:14.018] [info]  Splash.onStateUpdate: {"status":"downloading-updates","current":3,"total":6,"progress":14}
[2025-11-03 22:26:14.019] [info]  DiscordSplash.onStateUpdate: {"status":"downloading-updates","current":3,"total":6,"progress":15}
[2025-11-03 22:26:14.019] [info]  Splash.onStateUpdate: {"status":"downloading-updates","current":3,"total":6,"progress":15}
[2025-11-03 22:26:14.022] [info]  DiscordSplash.onStateUpdate: {"status":"downloading-updates","current":3,"total":6,"progress":16}
[2025-11-03 22:26:14.022] [info]  Splash.onStateUpdate: {"status":"downloading-updates","current":3,"total":6,"progress":16}
[2025-11-03 22:26:14.031] [info]  DiscordSplash.onStateUpdate: {"status":"downloading-updates","current":3,"total":6,"progress":17}
[2025-11-03 22:26:14.032] [info]  Splash.onStateUpdate: {"status":"downloading-updates","current":3,"total":6,"progress":17}
[2025-11-03 22:26:14.035] [info]  DiscordSplash.onStateUpdate: {"status":"downloading-updates","current":3,"total":6,"progress":18}
[2025-11-03 22:26:14.035] [info]  Splash.onStateUpdate: {"status":"downloading-updates","current":3,"total":6,"progress":18}
[2025-11-03 22:26:14.039] [info]  DiscordSplash.onStateUpdate: {"status":"downloading-updates","current":3,"total":6,"progress":19}
[2025-11-03 22:26:14.040] [info]  Splash.onStateUpdate: {"status":"downloading-updates","current":3,"total":6,"progress":19}
[2025-11-03 22:26:14.041] [info]  DiscordSplash.onStateUpdate: {"status":"downloading-updates","current":3,"total":6,"progress":20}
[2025-11-03 22:26:14.041] [info]  Splash.onStateUpdate: {"status":"downloading-updates","current":3,"total":6,"progress":20}
[2025-11-03 22:26:14.042] [info]  DiscordSplash.onStateUpdate: {"status":"downloading-updates","current":3,"total":6,"progress":21}
[2025-11-03 22:26:14.042] [info]  Splash.onStateUpdate: {"status":"downloading-updates","current":3,"total":6,"progress":21}
[2025-11-03 22:26:14.043] [info]  DiscordSplash.onStateUpdate: {"status":"downloading-updates","current":3,"total":6,"progress":22}
[2025-11-03 22:26:14.044] [info]  Splash.onStateUpdate: {"status":"downloading-updates","current":3,"total":6,"progress":22}
[2025-11-03 22:26:14.046] [info]  DiscordSplash.onStateUpdate: {"status":"downloading-updates","current":3,"total":6,"progress":23}
[2025-11-03 22:26:14.046] [info]  Splash.onStateUpdate: {"status":"downloading-updates","current":3,"total":6,"progress":23}
[2025-11-03 22:26:14.047] [info]  DiscordSplash.onStateUpdate: {"status":"downloading-updates","current":3,"total":6,"progress":24}
[2025-11-03 22:26:14.047] [info]  Splash.onStateUpdate: {"status":"downloading-updates","current":3,"total":6,"progress":24}
[2025-11-03 22:26:14.048] [info]  DiscordSplash.onStateUpdate: {"status":"downloading-updates","current":3,"total":6,"progress":25}
[2025-11-03 22:26:14.048] [info]  Splash.onStateUpdate: {"status":"downloading-updates","current":3,"total":6,"progress":25}
[2025-11-03 22:26:14.053] [info]  DiscordSplash.onStateUpdate: {"status":"downloading-updates","current":3,"total":6,"progress":26}
[2025-11-03 22:26:14.053] [info]  Splash.onStateUpdate: {"status":"downloading-updates","current":3,"total":6,"progress":26}
[2025-11-03 22:26:14.053] [info]  DiscordSplash.onStateUpdate: {"status":"downloading-updates","current":3,"total":6,"progress":27}
[2025-11-03 22:26:14.053] [info]  Splash.onStateUpdate: {"status":"downloading-updates","current":3,"total":6,"progress":27}
[2025-11-03 22:26:14.085] [info]  DiscordSplash.onStateUpdate: {"status":"downloading-updates","current":3,"total":6,"progress":28}
[2025-11-03 22:26:14.085] [info]  Splash.onStateUpdate: {"status":"downloading-updates","current":3,"total":6,"progress":28}
[2025-11-03 22:26:14.086] [info]  DiscordSplash.onStateUpdate: {"status":"downloading-updates","current":3,"total":6,"progress":29}
[2025-11-03 22:26:14.086] [info]  Splash.onStateUpdate: {"status":"downloading-updates","current":3,"total":6,"progress":29}
[2025-11-03 22:26:14.088] [info]  DiscordSplash.onStateUpdate: {"status":"downloading-updates","current":3,"total":6,"progress":33}
[2025-11-03 22:26:14.088] [info]  Splash.onStateUpdate: {"status":"downloading-updates","current":3,"total":6,"progress":33}
[2025-11-03 22:26:14.089] [info]  DiscordSplash.onStateUpdate: {"status":"downloading-updates","current":3,"total":6,"progress":39}
[2025-11-03 22:26:14.089] [info]  Splash.onStateUpdate: {"status":"downloading-updates","current":3,"total":6,"progress":39}
[2025-11-03 22:26:14.089] [info]  DiscordSplash.onStateUpdate: {"status":"downloading-updates","current":3,"total":6,"progress":41}
[2025-11-03 22:26:14.090] [info]  Splash.onStateUpdate: {"status":"downloading-updates","current":3,"total":6,"progress":41}
[2025-11-03 22:26:14.090] [info]  DiscordSplash.onStateUpdate: {"status":"downloading-updates","current":3,"total":6,"progress":49}
[2025-11-03 22:26:14.090] [info]  Splash.onStateUpdate: {"status":"downloading-updates","current":3,"total":6,"progress":49}
[2025-11-03 22:26:14.090] [info]  DiscordSplash.onStateUpdate: {"status":"downloading-updates","current":3,"total":6,"progress":50}
[2025-11-03 22:26:14.090] [info]  Splash.onStateUpdate: {"status":"downloading-updates","current":3,"total":6,"progress":50}
[2025-11-03 22:26:14.117] [info]  DiscordSplash.onStateUpdate: {"status":"downloading-updates","current":3,"total":6,"progress":51}
[2025-11-03 22:26:14.117] [info]  Splash.onStateUpdate: {"status":"downloading-updates","current":3,"total":6,"progress":51}
[2025-11-03 22:26:14.124] [info]  DiscordSplash.onStateUpdate: {"status":"downloading-updates","current":3,"total":6,"progress":52}
[2025-11-03 22:26:14.125] [info]  Splash.onStateUpdate: {"status":"downloading-updates","current":3,"total":6,"progress":52}
[2025-11-03 22:26:14.126] [info]  DiscordSplash.onStateUpdate: {"status":"downloading-updates","current":3,"total":6,"progress":53}
[2025-11-03 22:26:14.126] [info]  Splash.onStateUpdate: {"status":"downloading-updates","current":3,"total":6,"progress":53}
[2025-11-03 22:26:14.126] [info]  DiscordSplash.onStateUpdate: {"status":"downloading-updates","current":3,"total":6,"progress":55}
[2025-11-03 22:26:14.127] [info]  Splash.onStateUpdate: {"status":"downloading-updates","current":3,"total":6,"progress":55}
[2025-11-03 22:26:14.127] [info]  DiscordSplash.onStateUpdate: {"status":"downloading-updates","current":3,"total":6,"progress":56}
[2025-11-03 22:26:14.127] [info]  Splash.onStateUpdate: {"status":"downloading-updates","current":3,"total":6,"progress":56}
[2025-11-03 22:26:14.129] [info]  DiscordSplash.onStateUpdate: {"status":"downloading-updates","current":3,"total":6,"progress":57}
[2025-11-03 22:26:14.129] [info]  Splash.onStateUpdate: {"status":"downloading-updates","current":3,"total":6,"progress":57}
[2025-11-03 22:26:14.129] [info]  DiscordSplash.onStateUpdate: {"status":"downloading-updates","current":3,"total":6,"progress":59}
[2025-11-03 22:26:14.129] [info]  Splash.onStateUpdate: {"status":"downloading-updates","current":3,"total":6,"progress":59}
[2025-11-03 22:26:14.130] [info]  DiscordSplash.onStateUpdate: {"status":"downloading-updates","current":3,"total":6,"progress":60}
[2025-11-03 22:26:14.130] [info]  Splash.onStateUpdate: {"status":"downloading-updates","current":3,"total":6,"progress":60}
[2025-11-03 22:26:14.130] [info]  DiscordSplash.onStateUpdate: {"status":"downloading-updates","current":3,"total":6,"progress":61}
[2025-11-03 22:26:14.130] [info]  Splash.onStateUpdate: {"status":"downloading-updates","current":3,"total":6,"progress":61}
[2025-11-03 22:26:14.131] [info]  DiscordSplash.onStateUpdate: {"status":"downloading-updates","current":3,"total":6,"progress":62}
[2025-11-03 22:26:14.131] [info]  Splash.onStateUpdate: {"status":"downloading-updates","current":3,"total":6,"progress":62}
[2025-11-03 22:26:14.132] [info]  DiscordSplash.onStateUpdate: {"status":"downloading-updates","current":3,"total":6,"progress":64}
[2025-11-03 22:26:14.132] [info]  Splash.onStateUpdate: {"status":"downloading-updates","current":3,"total":6,"progress":64}
[2025-11-03 22:26:14.149] [info]  DiscordSplash.onStateUpdate: {"status":"downloading-updates","current":3,"total":6,"progress":65}
[2025-11-03 22:26:14.149] [info]  Splash.onStateUpdate: {"status":"downloading-updates","current":3,"total":6,"progress":65}
[2025-11-03 22:26:14.149] [info]  DiscordSplash.onStateUpdate: {"status":"downloading-updates","current":3,"total":6,"progress":66}
[2025-11-03 22:26:14.149] [info]  Splash.onStateUpdate: {"status":"downloading-updates","current":3,"total":6,"progress":66}
[2025-11-03 22:26:14.180] [info]  DiscordSplash.onStateUpdate: {"status":"downloading-updates","current":3,"total":6,"progress":67}
[2025-11-03 22:26:14.180] [info]  Splash.onStateUpdate: {"status":"downloading-updates","current":3,"total":6,"progress":67}
[2025-11-03 22:26:14.181] [info]  DiscordSplash.onStateUpdate: {"status":"downloading-updates","current":3,"total":6,"progress":68}
[2025-11-03 22:26:14.181] [info]  Splash.onStateUpdate: {"status":"downloading-updates","current":3,"total":6,"progress":68}
[2025-11-03 22:26:14.181] [info]  DiscordSplash.onStateUpdate: {"status":"downloading-updates","current":3,"total":6,"progress":70}
[2025-11-03 22:26:14.182] [info]  Splash.onStateUpdate: {"status":"downloading-updates","current":3,"total":6,"progress":70}
[2025-11-03 22:26:14.182] [info]  DiscordSplash.onStateUpdate: {"status":"downloading-updates","current":3,"total":6,"progress":71}
[2025-11-03 22:26:14.182] [info]  Splash.onStateUpdate: {"status":"downloading-updates","current":3,"total":6,"progress":71}
[2025-11-03 22:26:14.185] [info]  DiscordSplash.onStateUpdate: {"status":"downloading-updates","current":3,"total":6,"progress":72}
[2025-11-03 22:26:14.185] [info]  Splash.onStateUpdate: {"status":"downloading-updates","current":3,"total":6,"progress":72}
[2025-11-03 22:26:14.186] [info]  DiscordSplash.onStateUpdate: {"status":"downloading-updates","current":3,"total":6,"progress":74}
[2025-11-03 22:26:14.186] [info]  Splash.onStateUpdate: {"status":"downloading-updates","current":3,"total":6,"progress":74}
[2025-11-03 22:26:14.186] [info]  DiscordSplash.onStateUpdate: {"status":"downloading-updates","current":3,"total":6,"progress":77}
[2025-11-03 22:26:14.187] [info]  Splash.onStateUpdate: {"status":"downloading-updates","current":3,"total":6,"progress":77}
[2025-11-03 22:26:14.187] [info]  DiscordSplash.onStateUpdate: {"status":"downloading-updates","current":3,"total":6,"progress":80}
[2025-11-03 22:26:14.188] [info]  Splash.onStateUpdate: {"status":"downloading-updates","current":3,"total":6,"progress":80}
[2025-11-03 22:26:14.189] [info]  DiscordSplash.onStateUpdate: {"status":"downloading-updates","current":3,"total":6,"progress":82}
[2025-11-03 22:26:14.189] [info]  Splash.onStateUpdate: {"status":"downloading-updates","current":3,"total":6,"progress":82}
[2025-11-03 22:26:14.190] [info]  DiscordSplash.onStateUpdate: {"status":"downloading-updates","current":3,"total":6,"progress":89}
[2025-11-03 22:26:14.190] [info]  Splash.onStateUpdate: {"status":"downloading-updates","current":3,"total":6,"progress":89}
[2025-11-03 22:26:14.191] [info]  DiscordSplash.onStateUpdate: {"status":"downloading-updates","current":3,"total":6,"progress":94}
[2025-11-03 22:26:14.191] [info]  Splash.onStateUpdate: {"status":"downloading-updates","current":3,"total":6,"progress":94}
[2025-11-03 22:26:14.194] [info]  DiscordSplash.onStateUpdate: {"status":"downloading-updates","current":3,"total":6,"progress":95}
[2025-11-03 22:26:14.195] [info]  Splash.onStateUpdate: {"status":"downloading-updates","current":3,"total":6,"progress":95}
[2025-11-03 22:26:14.196] [info]  DiscordSplash.onStateUpdate: {"status":"downloading-updates","current":3,"total":6,"progress":98}
[2025-11-03 22:26:14.196] [info]  Splash.onStateUpdate: {"status":"downloading-updates","current":3,"total":6,"progress":98}
[2025-11-03 22:26:14.196] [info]  DiscordSplash.onStateUpdate: {"status":"downloading-updates","current":3,"total":6,"progress":99}
[2025-11-03 22:26:14.196] [info]  Splash.onStateUpdate: {"status":"downloading-updates","current":3,"total":6,"progress":99}
[2025-11-03 22:26:14.210] [info]  DiscordSplash.onStateUpdate: {"status":"downloading-updates","current":3,"total":6,"progress":100}
[2025-11-03 22:26:14.210] [info]  Splash.onStateUpdate: {"status":"downloading-updates","current":3,"total":6,"progress":100}
[2025-11-03 22:26:14.211] [info]  DiscordSplash.onStateUpdate: {"status":"downloading-updates","current":4,"total":6}
[2025-11-03 22:26:14.211] [info]  Splash.onStateUpdate: {"status":"downloading-updates","current":4,"total":6}
[2025-11-03 22:26:14.412] [info]  DiscordSplash.onStateUpdate: {"status":"downloading-updates","current":4,"total":6,"progress":1}
[2025-11-03 22:26:14.412] [info]  Splash.onStateUpdate: {"status":"downloading-updates","current":4,"total":6,"progress":1}
[2025-11-03 22:26:14.413] [info]  DiscordSplash.onStateUpdate: {"status":"downloading-updates","current":4,"total":6,"progress":3}
[2025-11-03 22:26:14.413] [info]  Splash.onStateUpdate: {"status":"downloading-updates","current":4,"total":6,"progress":3}
[2025-11-03 22:26:14.413] [info]  DiscordSplash.onStateUpdate: {"status":"downloading-updates","current":4,"total":6,"progress":5}
[2025-11-03 22:26:14.413] [info]  Splash.onStateUpdate: {"status":"downloading-updates","current":4,"total":6,"progress":5}
[2025-11-03 22:26:14.413] [info]  DiscordSplash.onStateUpdate: {"status":"downloading-updates","current":4,"total":6,"progress":7}
[2025-11-03 22:26:14.413] [info]  Splash.onStateUpdate: {"status":"downloading-updates","current":4,"total":6,"progress":7}
[2025-11-03 22:26:14.414] [info]  DiscordSplash.onStateUpdate: {"status":"downloading-updates","current":4,"total":6,"progress":8}
[2025-11-03 22:26:14.414] [info]  Splash.onStateUpdate: {"status":"downloading-updates","current":4,"total":6,"progress":8}
[2025-11-03 22:26:14.415] [info]  DiscordSplash.onStateUpdate: {"status":"downloading-updates","current":4,"total":6,"progress":9}
[2025-11-03 22:26:14.415] [info]  Splash.onStateUpdate: {"status":"downloading-updates","current":4,"total":6,"progress":9}
[2025-11-03 22:26:14.415] [info]  DiscordSplash.onStateUpdate: {"status":"downloading-updates","current":4,"total":6,"progress":10}
[2025-11-03 22:26:14.415] [info]  Splash.onStateUpdate: {"status":"downloading-updates","current":4,"total":6,"progress":10}
[2025-11-03 22:26:14.416] [info]  DiscordSplash.onStateUpdate: {"status":"downloading-updates","current":4,"total":6,"progress":11}
[2025-11-03 22:26:14.416] [info]  Splash.onStateUpdate: {"status":"downloading-updates","current":4,"total":6,"progress":11}
[2025-11-03 22:26:14.416] [info]  DiscordSplash.onStateUpdate: {"status":"downloading-updates","current":4,"total":6,"progress":12}
[2025-11-03 22:26:14.416] [info]  Splash.onStateUpdate: {"status":"downloading-updates","current":4,"total":6,"progress":12}
[2025-11-03 22:26:14.446] [info]  DiscordSplash.onStateUpdate: {"status":"downloading-updates","current":4,"total":6,"progress":13}
[2025-11-03 22:26:14.447] [info]  Splash.onStateUpdate: {"status":"downloading-updates","current":4,"total":6,"progress":13}
[2025-11-03 22:26:14.447] [info]  DiscordSplash.onStateUpdate: {"status":"downloading-updates","current":4,"total":6,"progress":19}
[2025-11-03 22:26:14.447] [info]  Splash.onStateUpdate: {"status":"downloading-updates","current":4,"total":6,"progress":19}
[2025-11-03 22:26:14.447] [info]  DiscordSplash.onStateUpdate: {"status":"downloading-updates","current":4,"total":6,"progress":22}
[2025-11-03 22:26:14.448] [info]  Splash.onStateUpdate: {"status":"downloading-updates","current":4,"total":6,"progress":22}
[2025-11-03 22:26:14.450] [info]  DiscordSplash.onStateUpdate: {"status":"downloading-updates","current":4,"total":6,"progress":23}
[2025-11-03 22:26:14.450] [info]  Splash.onStateUpdate: {"status":"downloading-updates","current":4,"total":6,"progress":23}
[2025-11-03 22:26:14.452] [info]  DiscordSplash.onStateUpdate: {"status":"downloading-updates","current":4,"total":6,"progress":24}
[2025-11-03 22:26:14.452] [info]  Splash.onStateUpdate: {"status":"downloading-updates","current":4,"total":6,"progress":24}
[2025-11-03 22:26:14.452] [info]  DiscordSplash.onStateUpdate: {"status":"downloading-updates","current":4,"total":6,"progress":25}
[2025-11-03 22:26:14.452] [info]  Splash.onStateUpdate: {"status":"downloading-updates","current":4,"total":6,"progress":25}
[2025-11-03 22:26:14.453] [info]  DiscordSplash.onStateUpdate: {"status":"downloading-updates","current":4,"total":6,"progress":28}
[2025-11-03 22:26:14.453] [info]  Splash.onStateUpdate: {"status":"downloading-updates","current":4,"total":6,"progress":28}
[2025-11-03 22:26:14.453] [info]  DiscordSplash.onStateUpdate: {"status":"downloading-updates","current":4,"total":6,"progress":29}
[2025-11-03 22:26:14.454] [info]  Splash.onStateUpdate: {"status":"downloading-updates","current":4,"total":6,"progress":29}
[2025-11-03 22:26:14.454] [info]  DiscordSplash.onStateUpdate: {"status":"downloading-updates","current":4,"total":6,"progress":32}
[2025-11-03 22:26:14.454] [info]  Splash.onStateUpdate: {"status":"downloading-updates","current":4,"total":6,"progress":32}
[2025-11-03 22:26:14.454] [info]  DiscordSplash.onStateUpdate: {"status":"downloading-updates","current":4,"total":6,"progress":37}
[2025-11-03 22:26:14.454] [info]  Splash.onStateUpdate: {"status":"downloading-updates","current":4,"total":6,"progress":37}
[2025-11-03 22:26:14.459] [info]  DiscordSplash.onStateUpdate: {"status":"downloading-updates","current":4,"total":6,"progress":38}
[2025-11-03 22:26:14.459] [info]  Splash.onStateUpdate: {"status":"downloading-updates","current":4,"total":6,"progress":38}
[2025-11-03 22:26:14.459] [info]  DiscordSplash.onStateUpdate: {"status":"downloading-updates","current":4,"total":6,"progress":44}
[2025-11-03 22:26:14.459] [info]  Splash.onStateUpdate: {"status":"downloading-updates","current":4,"total":6,"progress":44}
[2025-11-03 22:26:14.459] [info]  DiscordSplash.onStateUpdate: {"status":"downloading-updates","current":4,"total":6,"progress":45}
[2025-11-03 22:26:14.459] [info]  Splash.onStateUpdate: {"status":"downloading-updates","current":4,"total":6,"progress":45}
[2025-11-03 22:26:14.462] [info]  DiscordSplash.onStateUpdate: {"status":"downloading-updates","current":4,"total":6,"progress":46}
[2025-11-03 22:26:14.463] [info]  Splash.onStateUpdate: {"status":"downloading-updates","current":4,"total":6,"progress":46}
[2025-11-03 22:26:14.464] [info]  DiscordSplash.onStateUpdate: {"status":"downloading-updates","current":4,"total":6,"progress":48}
[2025-11-03 22:26:14.464] [info]  Splash.onStateUpdate: {"status":"downloading-updates","current":4,"total":6,"progress":48}
[2025-11-03 22:26:14.464] [info]  DiscordSplash.onStateUpdate: {"status":"downloading-updates","current":4,"total":6,"progress":49}
[2025-11-03 22:26:14.464] [info]  Splash.onStateUpdate: {"status":"downloading-updates","current":4,"total":6,"progress":49}
[2025-11-03 22:26:14.465] [info]  DiscordSplash.onStateUpdate: {"status":"downloading-updates","current":4,"total":6,"progress":51}
[2025-11-03 22:26:14.465] [info]  Splash.onStateUpdate: {"status":"downloading-updates","current":4,"total":6,"progress":51}
[2025-11-03 22:26:14.465] [info]  DiscordSplash.onStateUpdate: {"status":"downloading-updates","current":4,"total":6,"progress":52}
[2025-11-03 22:26:14.465] [info]  Splash.onStateUpdate: {"status":"downloading-updates","current":4,"total":6,"progress":52}
[2025-11-03 22:26:14.466] [info]  DiscordSplash.onStateUpdate: {"status":"downloading-updates","current":4,"total":6,"progress":55}
[2025-11-03 22:26:14.466] [info]  Splash.onStateUpdate: {"status":"downloading-updates","current":4,"total":6,"progress":55}
[2025-11-03 22:26:14.466] [info]  DiscordSplash.onStateUpdate: {"status":"downloading-updates","current":4,"total":6,"progress":60}
[2025-11-03 22:26:14.466] [info]  Splash.onStateUpdate: {"status":"downloading-updates","current":4,"total":6,"progress":60}
[2025-11-03 22:26:14.471] [info]  DiscordSplash.onStateUpdate: {"status":"downloading-updates","current":4,"total":6,"progress":61}
[2025-11-03 22:26:14.471] [info]  Splash.onStateUpdate: {"status":"downloading-updates","current":4,"total":6,"progress":61}
[2025-11-03 22:26:14.471] [info]  DiscordSplash.onStateUpdate: {"status":"downloading-updates","current":4,"total":6,"progress":69}
[2025-11-03 22:26:14.471] [info]  Splash.onStateUpdate: {"status":"downloading-updates","current":4,"total":6,"progress":69}
[2025-11-03 22:26:14.472] [info]  DiscordSplash.onStateUpdate: {"status":"downloading-updates","current":4,"total":6,"progress":81}
[2025-11-03 22:26:14.472] [info]  Splash.onStateUpdate: {"status":"downloading-updates","current":4,"total":6,"progress":81}
[2025-11-03 22:26:14.473] [info]  DiscordSplash.onStateUpdate: {"status":"downloading-updates","current":4,"total":6,"progress":88}
[2025-11-03 22:26:14.473] [info]  Splash.onStateUpdate: {"status":"downloading-updates","current":4,"total":6,"progress":88}
[2025-11-03 22:26:14.473] [info]  DiscordSplash.onStateUpdate: {"status":"downloading-updates","current":4,"total":6,"progress":100}
[2025-11-03 22:26:14.473] [info]  Splash.onStateUpdate: {"status":"downloading-updates","current":4,"total":6,"progress":100}
[2025-11-03 22:26:14.475] [info]  DiscordSplash.onStateUpdate: {"status":"downloading-updates","current":5,"total":6}
[2025-11-03 22:26:14.475] [info]  Splash.onStateUpdate: {"status":"downloading-updates","current":5,"total":6}
[2025-11-03 22:26:14.609] [info]  Splash.updateCountdownSeconds: undefined
[2025-11-03 22:26:14.690] [info]  DiscordSplash.onStateUpdate: {"status":"downloading-updates","current":5,"total":6,"progress":1}
[2025-11-03 22:26:14.690] [info]  Splash.onStateUpdate: {"status":"downloading-updates","current":5,"total":6,"progress":1}
[2025-11-03 22:26:14.721] [info]  DiscordSplash.onStateUpdate: {"status":"downloading-updates","current":5,"total":6,"progress":2}
[2025-11-03 22:26:14.722] [info]  Splash.onStateUpdate: {"status":"downloading-updates","current":5,"total":6,"progress":2}
[2025-11-03 22:26:14.722] [info]  DiscordSplash.onStateUpdate: {"status":"downloading-updates","current":5,"total":6,"progress":3}
[2025-11-03 22:26:14.722] [info]  Splash.onStateUpdate: {"status":"downloading-updates","current":5,"total":6,"progress":3}
[2025-11-03 22:26:14.723] [info]  DiscordSplash.onStateUpdate: {"status":"downloading-updates","current":5,"total":6,"progress":4}
[2025-11-03 22:26:14.724] [info]  Splash.onStateUpdate: {"status":"downloading-updates","current":5,"total":6,"progress":4}
[2025-11-03 22:26:14.727] [info]  DiscordSplash.onStateUpdate: {"status":"downloading-updates","current":5,"total":6,"progress":5}
[2025-11-03 22:26:14.727] [info]  Splash.onStateUpdate: {"status":"downloading-updates","current":5,"total":6,"progress":5}
[2025-11-03 22:26:14.729] [info]  DiscordSplash.onStateUpdate: {"status":"downloading-updates","current":5,"total":6,"progress":6}
[2025-11-03 22:26:14.729] [info]  Splash.onStateUpdate: {"status":"downloading-updates","current":5,"total":6,"progress":6}
[2025-11-03 22:26:14.732] [info]  DiscordSplash.onStateUpdate: {"status":"downloading-updates","current":5,"total":6,"progress":7}
[2025-11-03 22:26:14.732] [info]  Splash.onStateUpdate: {"status":"downloading-updates","current":5,"total":6,"progress":7}
[2025-11-03 22:26:14.733] [info]  DiscordSplash.onStateUpdate: {"status":"downloading-updates","current":5,"total":6,"progress":8}
[2025-11-03 22:26:14.733] [info]  Splash.onStateUpdate: {"status":"downloading-updates","current":5,"total":6,"progress":8}
[2025-11-03 22:26:14.737] [info]  DiscordSplash.onStateUpdate: {"status":"downloading-updates","current":5,"total":6,"progress":9}
[2025-11-03 22:26:14.737] [info]  Splash.onStateUpdate: {"status":"downloading-updates","current":5,"total":6,"progress":9}
[2025-11-03 22:26:14.738] [info]  DiscordSplash.onStateUpdate: {"status":"downloading-updates","current":5,"total":6,"progress":10}
[2025-11-03 22:26:14.738] [info]  Splash.onStateUpdate: {"status":"downloading-updates","current":5,"total":6,"progress":10}
[2025-11-03 22:26:14.747] [info]  DiscordSplash.onStateUpdate: {"status":"downloading-updates","current":5,"total":6,"progress":11}
[2025-11-03 22:26:14.748] [info]  Splash.onStateUpdate: {"status":"downloading-updates","current":5,"total":6,"progress":11}
[2025-11-03 22:26:14.748] [info]  DiscordSplash.onStateUpdate: {"status":"downloading-updates","current":5,"total":6,"progress":12}
[2025-11-03 22:26:14.748] [info]  Splash.onStateUpdate: {"status":"downloading-updates","current":5,"total":6,"progress":12}
[2025-11-03 22:26:14.749] [info]  DiscordSplash.onStateUpdate: {"status":"downloading-updates","current":5,"total":6,"progress":13}
[2025-11-03 22:26:14.749] [info]  Splash.onStateUpdate: {"status":"downloading-updates","current":5,"total":6,"progress":13}
[2025-11-03 22:26:14.749] [info]  DiscordSplash.onStateUpdate: {"status":"downloading-updates","current":5,"total":6,"progress":14}
[2025-11-03 22:26:14.750] [info]  Splash.onStateUpdate: {"status":"downloading-updates","current":5,"total":6,"progress":14}
[2025-11-03 22:26:14.750] [info]  DiscordSplash.onStateUpdate: {"status":"downloading-updates","current":5,"total":6,"progress":15}
[2025-11-03 22:26:14.751] [info]  Splash.onStateUpdate: {"status":"downloading-updates","current":5,"total":6,"progress":15}
[2025-11-03 22:26:14.751] [info]  DiscordSplash.onStateUpdate: {"status":"downloading-updates","current":5,"total":6,"progress":16}
[2025-11-03 22:26:14.751] [info]  Splash.onStateUpdate: {"status":"downloading-updates","current":5,"total":6,"progress":16}
[2025-11-03 22:26:14.753] [info]  DiscordSplash.onStateUpdate: {"status":"downloading-updates","current":5,"total":6,"progress":17}
[2025-11-03 22:26:14.753] [info]  Splash.onStateUpdate: {"status":"downloading-updates","current":5,"total":6,"progress":17}
[2025-11-03 22:26:14.785] [info]  DiscordSplash.onStateUpdate: {"status":"downloading-updates","current":5,"total":6,"progress":18}
[2025-11-03 22:26:14.785] [info]  Splash.onStateUpdate: {"status":"downloading-updates","current":5,"total":6,"progress":18}
[2025-11-03 22:26:14.786] [info]  DiscordSplash.onStateUpdate: {"status":"downloading-updates","current":5,"total":6,"progress":19}
[2025-11-03 22:26:14.786] [info]  Splash.onStateUpdate: {"status":"downloading-updates","current":5,"total":6,"progress":19}
[2025-11-03 22:26:14.787] [info]  DiscordSplash.onStateUpdate: {"status":"downloading-updates","current":5,"total":6,"progress":21}
[2025-11-03 22:26:14.787] [info]  Splash.onStateUpdate: {"status":"downloading-updates","current":5,"total":6,"progress":21}
[2025-11-03 22:26:14.798] [info]  DiscordSplash.onStateUpdate: {"status":"downloading-updates","current":5,"total":6,"progress":22}
[2025-11-03 22:26:14.798] [info]  Splash.onStateUpdate: {"status":"downloading-updates","current":5,"total":6,"progress":22}
[2025-11-03 22:26:14.799] [info]  DiscordSplash.onStateUpdate: {"status":"downloading-updates","current":5,"total":6,"progress":23}
[2025-11-03 22:26:14.799] [info]  Splash.onStateUpdate: {"status":"downloading-updates","current":5,"total":6,"progress":23}
[2025-11-03 22:26:14.800] [info]  DiscordSplash.onStateUpdate: {"status":"downloading-updates","current":5,"total":6,"progress":26}
[2025-11-03 22:26:14.800] [info]  Splash.onStateUpdate: {"status":"downloading-updates","current":5,"total":6,"progress":26}
[2025-11-03 22:26:14.800] [info]  DiscordSplash.onStateUpdate: {"status":"downloading-updates","current":5,"total":6,"progress":27}
[2025-11-03 22:26:14.800] [info]  Splash.onStateUpdate: {"status":"downloading-updates","current":5,"total":6,"progress":27}
[2025-11-03 22:26:14.807] [info]  DiscordSplash.onStateUpdate: {"status":"downloading-updates","current":5,"total":6,"progress":28}
[2025-11-03 22:26:14.807] [info]  Splash.onStateUpdate: {"status":"downloading-updates","current":5,"total":6,"progress":28}
[2025-11-03 22:26:14.809] [info]  DiscordSplash.onStateUpdate: {"status":"downloading-updates","current":5,"total":6,"progress":29}
[2025-11-03 22:26:14.809] [info]  Splash.onStateUpdate: {"status":"downloading-updates","current":5,"total":6,"progress":29}
[2025-11-03 22:26:14.813] [info]  DiscordSplash.onStateUpdate: {"status":"downloading-updates","current":5,"total":6,"progress":30}
[2025-11-03 22:26:14.813] [info]  Splash.onStateUpdate: {"status":"downloading-updates","current":5,"total":6,"progress":30}
[2025-11-03 22:26:14.815] [info]  DiscordSplash.onStateUpdate: {"status":"downloading-updates","current":5,"total":6,"progress":31}
[2025-11-03 22:26:14.815] [info]  Splash.onStateUpdate: {"status":"downloading-updates","current":5,"total":6,"progress":31}
[2025-11-03 22:26:14.818] [info]  DiscordSplash.onStateUpdate: {"status":"downloading-updates","current":5,"total":6,"progress":32}
[2025-11-03 22:26:14.819] [info]  Splash.onStateUpdate: {"status":"downloading-updates","current":5,"total":6,"progress":32}
[2025-11-03 22:26:14.854] [info]  DiscordSplash.onStateUpdate: {"status":"downloading-updates","current":5,"total":6,"progress":33}
[2025-11-03 22:26:14.854] [info]  Splash.onStateUpdate: {"status":"downloading-updates","current":5,"total":6,"progress":33}
[2025-11-03 22:26:14.859] [info]  DiscordSplash.onStateUpdate: {"status":"downloading-updates","current":5,"total":6,"progress":34}
[2025-11-03 22:26:14.859] [info]  Splash.onStateUpdate: {"status":"downloading-updates","current":5,"total":6,"progress":34}
[2025-11-03 22:26:14.864] [info]  DiscordSplash.onStateUpdate: {"status":"downloading-updates","current":5,"total":6,"progress":35}
[2025-11-03 22:26:14.864] [info]  Splash.onStateUpdate: {"status":"downloading-updates","current":5,"total":6,"progress":35}
[2025-11-03 22:26:14.865] [info]  DiscordSplash.onStateUpdate: {"status":"downloading-updates","current":5,"total":6,"progress":36}
[2025-11-03 22:26:14.865] [info]  Splash.onStateUpdate: {"status":"downloading-updates","current":5,"total":6,"progress":36}
[2025-11-03 22:26:14.866] [info]  DiscordSplash.onStateUpdate: {"status":"downloading-updates","current":5,"total":6,"progress":37}
[2025-11-03 22:26:14.866] [info]  Splash.onStateUpdate: {"status":"downloading-updates","current":5,"total":6,"progress":37}
[2025-11-03 22:26:14.867] [info]  DiscordSplash.onStateUpdate: {"status":"downloading-updates","current":5,"total":6,"progress":38}
[2025-11-03 22:26:14.867] [info]  Splash.onStateUpdate: {"status":"downloading-updates","current":5,"total":6,"progress":38}
[2025-11-03 22:26:14.867] [info]  DiscordSplash.onStateUpdate: {"status":"downloading-updates","current":5,"total":6,"progress":39}
[2025-11-03 22:26:14.867] [info]  Splash.onStateUpdate: {"status":"downloading-updates","current":5,"total":6,"progress":39}
[2025-11-03 22:26:14.877] [info]  DiscordSplash.onStateUpdate: {"status":"downloading-updates","current":5,"total":6,"progress":40}
[2025-11-03 22:26:14.877] [info]  Splash.onStateUpdate: {"status":"downloading-updates","current":5,"total":6,"progress":40}
[2025-11-03 22:26:14.878] [info]  DiscordSplash.onStateUpdate: {"status":"downloading-updates","current":5,"total":6,"progress":41}
[2025-11-03 22:26:14.878] [info]  Splash.onStateUpdate: {"status":"downloading-updates","current":5,"total":6,"progress":41}
[2025-11-03 22:26:14.879] [info]  DiscordSplash.onStateUpdate: {"status":"downloading-updates","current":5,"total":6,"progress":42}
[2025-11-03 22:26:14.879] [info]  Splash.onStateUpdate: {"status":"downloading-updates","current":5,"total":6,"progress":42}
[2025-11-03 22:26:14.879] [info]  DiscordSplash.onStateUpdate: {"status":"downloading-updates","current":5,"total":6,"progress":43}
[2025-11-03 22:26:14.879] [info]  Splash.onStateUpdate: {"status":"downloading-updates","current":5,"total":6,"progress":43}
[2025-11-03 22:26:14.880] [info]  DiscordSplash.onStateUpdate: {"status":"downloading-updates","current":5,"total":6,"progress":44}
[2025-11-03 22:26:14.880] [info]  Splash.onStateUpdate: {"status":"downloading-updates","current":5,"total":6,"progress":44}
[2025-11-03 22:26:14.889] [info]  DiscordSplash.onStateUpdate: {"status":"downloading-updates","current":5,"total":6,"progress":45}
[2025-11-03 22:26:14.889] [info]  Splash.onStateUpdate: {"status":"downloading-updates","current":5,"total":6,"progress":45}
[2025-11-03 22:26:14.893] [info]  DiscordSplash.onStateUpdate: {"status":"downloading-updates","current":5,"total":6,"progress":46}
[2025-11-03 22:26:14.893] [info]  Splash.onStateUpdate: {"status":"downloading-updates","current":5,"total":6,"progress":46}
[2025-11-03 22:26:14.925] [info]  DiscordSplash.onStateUpdate: {"status":"downloading-updates","current":5,"total":6,"progress":47}
[2025-11-03 22:26:14.925] [info]  Splash.onStateUpdate: {"status":"downloading-updates","current":5,"total":6,"progress":47}
[2025-11-03 22:26:14.926] [info]  DiscordSplash.onStateUpdate: {"status":"downloading-updates","current":5,"total":6,"progress":48}
[2025-11-03 22:26:14.926] [info]  Splash.onStateUpdate: {"status":"downloading-updates","current":5,"total":6,"progress":48}
[2025-11-03 22:26:14.926] [info]  DiscordSplash.onStateUpdate: {"status":"downloading-updates","current":5,"total":6,"progress":49}
[2025-11-03 22:26:14.927] [info]  Splash.onStateUpdate: {"status":"downloading-updates","current":5,"total":6,"progress":49}
[2025-11-03 22:26:14.934] [info]  DiscordSplash.onStateUpdate: {"status":"downloading-updates","current":5,"total":6,"progress":50}
[2025-11-03 22:26:14.934] [info]  Splash.onStateUpdate: {"status":"downloading-updates","current":5,"total":6,"progress":50}
[2025-11-03 22:26:14.936] [info]  DiscordSplash.onStateUpdate: {"status":"downloading-updates","current":5,"total":6,"progress":51}
[2025-11-03 22:26:14.936] [info]  Splash.onStateUpdate: {"status":"downloading-updates","current":5,"total":6,"progress":51}
[2025-11-03 22:26:14.937] [info]  DiscordSplash.onStateUpdate: {"status":"downloading-updates","current":5,"total":6,"progress":52}
[2025-11-03 22:26:14.937] [info]  Splash.onStateUpdate: {"status":"downloading-updates","current":5,"total":6,"progress":52}
[2025-11-03 22:26:14.938] [info]  DiscordSplash.onStateUpdate: {"status":"downloading-updates","current":5,"total":6,"progress":53}
[2025-11-03 22:26:14.938] [info]  Splash.onStateUpdate: {"status":"downloading-updates","current":5,"total":6,"progress":53}
[2025-11-03 22:26:14.942] [info]  DiscordSplash.onStateUpdate: {"status":"downloading-updates","current":5,"total":6,"progress":54}
[2025-11-03 22:26:14.942] [info]  Splash.onStateUpdate: {"status":"downloading-updates","current":5,"total":6,"progress":54}
[2025-11-03 22:26:14.943] [info]  DiscordSplash.onStateUpdate: {"status":"downloading-updates","current":5,"total":6,"progress":55}
[2025-11-03 22:26:14.943] [info]  Splash.onStateUpdate: {"status":"downloading-updates","current":5,"total":6,"progress":55}
[2025-11-03 22:26:14.944] [info]  DiscordSplash.onStateUpdate: {"status":"downloading-updates","current":5,"total":6,"progress":56}
[2025-11-03 22:26:14.944] [info]  Splash.onStateUpdate: {"status":"downloading-updates","current":5,"total":6,"progress":56}
[2025-11-03 22:26:14.944] [info]  DiscordSplash.onStateUpdate: {"status":"downloading-updates","current":5,"total":6,"progress":58}
[2025-11-03 22:26:14.945] [info]  Splash.onStateUpdate: {"status":"downloading-updates","current":5,"total":6,"progress":58}
[2025-11-03 22:26:14.945] [info]  DiscordSplash.onStateUpdate: {"status":"downloading-updates","current":5,"total":6,"progress":59}
[2025-11-03 22:26:14.945] [info]  Splash.onStateUpdate: {"status":"downloading-updates","current":5,"total":6,"progress":59}
[2025-11-03 22:26:14.967] [info]  DiscordSplash.onStateUpdate: {"status":"downloading-updates","current":5,"total":6,"progress":60}
[2025-11-03 22:26:14.967] [info]  Splash.onStateUpdate: {"status":"downloading-updates","current":5,"total":6,"progress":60}
[2025-11-03 22:26:14.968] [info]  DiscordSplash.onStateUpdate: {"status":"downloading-updates","current":5,"total":6,"progress":61}
[2025-11-03 22:26:14.968] [info]  Splash.onStateUpdate: {"status":"downloading-updates","current":5,"total":6,"progress":61}
[2025-11-03 22:26:14.968] [info]  DiscordSplash.onStateUpdate: {"status":"downloading-updates","current":5,"total":6,"progress":63}
[2025-11-03 22:26:14.969] [info]  Splash.onStateUpdate: {"status":"downloading-updates","current":5,"total":6,"progress":63}
[2025-11-03 22:26:14.969] [info]  DiscordSplash.onStateUpdate: {"status":"downloading-updates","current":5,"total":6,"progress":64}
[2025-11-03 22:26:14.969] [info]  Splash.onStateUpdate: {"status":"downloading-updates","current":5,"total":6,"progress":64}
[2025-11-03 22:26:14.969] [info]  DiscordSplash.onStateUpdate: {"status":"downloading-updates","current":5,"total":6,"progress":65}
[2025-11-03 22:26:14.969] [info]  Splash.onStateUpdate: {"status":"downloading-updates","current":5,"total":6,"progress":65}
[2025-11-03 22:26:14.991] [info]  DiscordSplash.onStateUpdate: {"status":"downloading-updates","current":5,"total":6,"progress":66}
[2025-11-03 22:26:14.991] [info]  Splash.onStateUpdate: {"status":"downloading-updates","current":5,"total":6,"progress":66}
[2025-11-03 22:26:14.992] [info]  DiscordSplash.onStateUpdate: {"status":"downloading-updates","current":5,"total":6,"progress":69}
[2025-11-03 22:26:14.992] [info]  Splash.onStateUpdate: {"status":"downloading-updates","current":5,"total":6,"progress":69}
[2025-11-03 22:26:14.993] [info]  DiscordSplash.onStateUpdate: {"status":"downloading-updates","current":5,"total":6,"progress":70}
[2025-11-03 22:26:14.993] [info]  Splash.onStateUpdate: {"status":"downloading-updates","current":5,"total":6,"progress":70}
[2025-11-03 22:26:15.015] [info]  DiscordSplash.onStateUpdate: {"status":"downloading-updates","current":5,"total":6,"progress":71}
[2025-11-03 22:26:15.016] [info]  Splash.onStateUpdate: {"status":"downloading-updates","current":5,"total":6,"progress":71}
[2025-11-03 22:26:15.016] [info]  DiscordSplash.onStateUpdate: {"status":"downloading-updates","current":5,"total":6,"progress":73}
[2025-11-03 22:26:15.016] [info]  Splash.onStateUpdate: {"status":"downloading-updates","current":5,"total":6,"progress":73}
[2025-11-03 22:26:15.026] [info]  DiscordSplash.onStateUpdate: {"status":"downloading-updates","current":5,"total":6,"progress":74}
[2025-11-03 22:26:15.026] [info]  Splash.onStateUpdate: {"status":"downloading-updates","current":5,"total":6,"progress":74}
[2025-11-03 22:26:15.028] [info]  DiscordSplash.onStateUpdate: {"status":"downloading-updates","current":5,"total":6,"progress":75}
[2025-11-03 22:26:15.028] [info]  Splash.onStateUpdate: {"status":"downloading-updates","current":5,"total":6,"progress":75}
[2025-11-03 22:26:15.028] [info]  DiscordSplash.onStateUpdate: {"status":"downloading-updates","current":5,"total":6,"progress":76}
[2025-11-03 22:26:15.029] [info]  Splash.onStateUpdate: {"status":"downloading-updates","current":5,"total":6,"progress":76}
[2025-11-03 22:26:15.034] [info]  DiscordSplash.onStateUpdate: {"status":"downloading-updates","current":5,"total":6,"progress":77}
[2025-11-03 22:26:15.034] [info]  Splash.onStateUpdate: {"status":"downloading-updates","current":5,"total":6,"progress":77}
[2025-11-03 22:26:15.035] [info]  DiscordSplash.onStateUpdate: {"status":"downloading-updates","current":5,"total":6,"progress":78}
[2025-11-03 22:26:15.035] [info]  Splash.onStateUpdate: {"status":"downloading-updates","current":5,"total":6,"progress":78}
[2025-11-03 22:26:15.036] [info]  DiscordSplash.onStateUpdate: {"status":"downloading-updates","current":5,"total":6,"progress":79}
[2025-11-03 22:26:15.036] [info]  Splash.onStateUpdate: {"status":"downloading-updates","current":5,"total":6,"progress":79}
[2025-11-03 22:26:15.036] [info]  DiscordSplash.onStateUpdate: {"status":"downloading-updates","current":5,"total":6,"progress":81}
[2025-11-03 22:26:15.036] [info]  Splash.onStateUpdate: {"status":"downloading-updates","current":5,"total":6,"progress":81}
[2025-11-03 22:26:15.064] [info]  DiscordSplash.onStateUpdate: {"status":"downloading-updates","current":5,"total":6,"progress":82}
[2025-11-03 22:26:15.064] [info]  Splash.onStateUpdate: {"status":"downloading-updates","current":5,"total":6,"progress":82}
[2025-11-03 22:26:15.064] [info]  DiscordSplash.onStateUpdate: {"status":"downloading-updates","current":5,"total":6,"progress":84}
[2025-11-03 22:26:15.064] [info]  Splash.onStateUpdate: {"status":"downloading-updates","current":5,"total":6,"progress":84}
[2025-11-03 22:26:15.075] [info]  DiscordSplash.onStateUpdate: {"status":"downloading-updates","current":5,"total":6,"progress":85}
[2025-11-03 22:26:15.075] [info]  Splash.onStateUpdate: {"status":"downloading-updates","current":5,"total":6,"progress":85}
[2025-11-03 22:26:15.077] [info]  DiscordSplash.onStateUpdate: {"status":"downloading-updates","current":5,"total":6,"progress":86}
[2025-11-03 22:26:15.077] [info]  Splash.onStateUpdate: {"status":"downloading-updates","current":5,"total":6,"progress":86}
[2025-11-03 22:26:15.078] [info]  DiscordSplash.onStateUpdate: {"status":"downloading-updates","current":5,"total":6,"progress":87}
[2025-11-03 22:26:15.078] [info]  Splash.onStateUpdate: {"status":"downloading-updates","current":5,"total":6,"progress":87}
[2025-11-03 22:26:15.083] [info]  DiscordSplash.onStateUpdate: {"status":"downloading-updates","current":5,"total":6,"progress":88}
[2025-11-03 22:26:15.083] [info]  Splash.onStateUpdate: {"status":"downloading-updates","current":5,"total":6,"progress":88}
[2025-11-03 22:26:15.084] [info]  DiscordSplash.onStateUpdate: {"status":"downloading-updates","current":5,"total":6,"progress":89}
[2025-11-03 22:26:15.084] [info]  Splash.onStateUpdate: {"status":"downloading-updates","current":5,"total":6,"progress":89}
[2025-11-03 22:26:15.084] [info]  DiscordSplash.onStateUpdate: {"status":"downloading-updates","current":5,"total":6,"progress":90}
[2025-11-03 22:26:15.084] [info]  Splash.onStateUpdate: {"status":"downloading-updates","current":5,"total":6,"progress":90}
[2025-11-03 22:26:15.085] [info]  DiscordSplash.onStateUpdate: {"status":"downloading-updates","current":5,"total":6,"progress":91}
[2025-11-03 22:26:15.085] [info]  Splash.onStateUpdate: {"status":"downloading-updates","current":5,"total":6,"progress":91}
[2025-11-03 22:26:15.085] [info]  DiscordSplash.onStateUpdate: {"status":"downloading-updates","current":5,"total":6,"progress":92}
[2025-11-03 22:26:15.085] [info]  Splash.onStateUpdate: {"status":"downloading-updates","current":5,"total":6,"progress":92}
[2025-11-03 22:26:15.105] [info]  DiscordSplash.onStateUpdate: {"status":"downloading-updates","current":5,"total":6,"progress":93}
[2025-11-03 22:26:15.105] [info]  Splash.onStateUpdate: {"status":"downloading-updates","current":5,"total":6,"progress":93}
[2025-11-03 22:26:15.106] [info]  DiscordSplash.onStateUpdate: {"status":"downloading-updates","current":5,"total":6,"progress":94}
[2025-11-03 22:26:15.106] [info]  Splash.onStateUpdate: {"status":"downloading-updates","current":5,"total":6,"progress":94}
[2025-11-03 22:26:15.106] [info]  DiscordSplash.onStateUpdate: {"status":"downloading-updates","current":5,"total":6,"progress":95}
[2025-11-03 22:26:15.106] [info]  Splash.onStateUpdate: {"status":"downloading-updates","current":5,"total":6,"progress":95}
[2025-11-03 22:26:15.113] [info]  DiscordSplash.onStateUpdate: {"status":"downloading-updates","current":5,"total":6,"progress":96}
[2025-11-03 22:26:15.113] [info]  Splash.onStateUpdate: {"status":"downloading-updates","current":5,"total":6,"progress":96}
[2025-11-03 22:26:15.113] [info]  DiscordSplash.onStateUpdate: {"status":"downloading-updates","current":5,"total":6,"progress":97}
[2025-11-03 22:26:15.113] [info]  Splash.onStateUpdate: {"status":"downloading-updates","current":5,"total":6,"progress":97}
[2025-11-03 22:26:15.121] [info]  DiscordSplash.onStateUpdate: {"status":"downloading-updates","current":5,"total":6,"progress":98}
[2025-11-03 22:26:15.121] [info]  Splash.onStateUpdate: {"status":"downloading-updates","current":5,"total":6,"progress":98}
[2025-11-03 22:26:15.122] [info]  DiscordSplash.onStateUpdate: {"status":"downloading-updates","current":5,"total":6,"progress":99}
[2025-11-03 22:26:15.122] [info]  Splash.onStateUpdate: {"status":"downloading-updates","current":5,"total":6,"progress":99}
[2025-11-03 22:26:15.122] [info]  DiscordSplash.onStateUpdate: {"status":"downloading-updates","current":5,"total":6,"progress":100}
[2025-11-03 22:26:15.122] [info]  Splash.onStateUpdate: {"status":"downloading-updates","current":5,"total":6,"progress":100}
[2025-11-03 22:26:15.123] [info]  DiscordSplash.onStateUpdate: {"status":"downloading-updates","current":6,"total":6}
[2025-11-03 22:26:15.123] [info]  Splash.onStateUpdate: {"status":"downloading-updates","current":6,"total":6}
[2025-11-03 22:26:15.365] [info]  DiscordSplash.onStateUpdate: {"status":"downloading-updates","current":6,"total":6,"progress":10}
[2025-11-03 22:26:15.365] [info]  Splash.onStateUpdate: {"status":"downloading-updates","current":6,"total":6,"progress":10}
[2025-11-03 22:26:15.365] [info]  DiscordSplash.onStateUpdate: {"status":"downloading-updates","current":6,"total":6,"progress":68}
[2025-11-03 22:26:15.365] [info]  Splash.onStateUpdate: {"status":"downloading-updates","current":6,"total":6,"progress":68}
[2025-11-03 22:26:15.366] [info]  DiscordSplash.onStateUpdate: {"status":"downloading-updates","current":6,"total":6,"progress":95}
[2025-11-03 22:26:15.366] [info]  Splash.onStateUpdate: {"status":"downloading-updates","current":6,"total":6,"progress":95}
[2025-11-03 22:26:15.366] [info]  DiscordSplash.onStateUpdate: {"status":"downloading-updates","current":6,"total":6,"progress":99}
[2025-11-03 22:26:15.366] [info]  Splash.onStateUpdate: {"status":"downloading-updates","current":6,"total":6,"progress":99}
[2025-11-03 22:26:15.424] [info]  DiscordSplash.onStateUpdate: {"status":"downloading-updates","current":6,"total":6,"progress":100}
[2025-11-03 22:26:15.424] [info]  Splash.onStateUpdate: {"status":"downloading-updates","current":6,"total":6,"progress":100}
[2025-11-03 22:26:15.424] [info]  DiscordSplash.onStateUpdate: {"status":"installing-updates","current":1,"total":6}
[2025-11-03 22:26:15.424] [info]  Splash.onStateUpdate: {"status":"installing-updates","current":1,"total":6}
[2025-11-03 22:26:15.427] [info]  DiscordSplash.onStateUpdate: {"status":"installing-updates","current":1,"total":6,"progress":33}
[2025-11-03 22:26:15.427] [info]  Splash.onStateUpdate: {"status":"installing-updates","current":1,"total":6,"progress":33}
[2025-11-03 22:26:15.431] [info]  DiscordSplash.onStateUpdate: {"status":"installing-updates","current":1,"total":6,"progress":66}
[2025-11-03 22:26:15.431] [info]  Splash.onStateUpdate: {"status":"installing-updates","current":1,"total":6,"progress":66}
[2025-11-03 22:26:15.432] [info]  DiscordSplash.onStateUpdate: {"status":"installing-updates","current":1,"total":6,"progress":100}
[2025-11-03 22:26:15.432] [info]  Splash.onStateUpdate: {"status":"installing-updates","current":1,"total":6,"progress":100}
[2025-11-03 22:26:15.477] [info]  DiscordSplash.onStateUpdate: {"status":"installing-updates","current":2,"total":6}
[2025-11-03 22:26:15.477] [info]  Splash.onStateUpdate: {"status":"installing-updates","current":2,"total":6}
[2025-11-03 22:26:15.477] [info]  DiscordSplash.onStateUpdate: {"status":"installing-updates","current":2,"total":6,"progress":25}
[2025-11-03 22:26:15.478] [info]  Splash.onStateUpdate: {"status":"installing-updates","current":2,"total":6,"progress":25}
[2025-11-03 22:26:15.478] [info]  DiscordSplash.onStateUpdate: {"status":"installing-updates","current":2,"total":6,"progress":50}
[2025-11-03 22:26:15.479] [info]  Splash.onStateUpdate: {"status":"installing-updates","current":2,"total":6,"progress":50}
[2025-11-03 22:26:15.511] [info]  DiscordSplash.onStateUpdate: {"status":"installing-updates","current":2,"total":6,"progress":75}
[2025-11-03 22:26:15.511] [info]  Splash.onStateUpdate: {"status":"installing-updates","current":2,"total":6,"progress":75}
[2025-11-03 22:26:15.512] [info]  DiscordSplash.onStateUpdate: {"status":"installing-updates","current":2,"total":6,"progress":100}
[2025-11-03 22:26:15.512] [info]  Splash.onStateUpdate: {"status":"installing-updates","current":2,"total":6,"progress":100}
[2025-11-03 22:26:15.513] [info]  DiscordSplash.onStateUpdate: {"status":"installing-updates","current":3,"total":6}
[2025-11-03 22:26:15.513] [info]  Splash.onStateUpdate: {"status":"installing-updates","current":3,"total":6}
[2025-11-03 22:26:15.514] [info]  DiscordSplash.onStateUpdate: {"status":"installing-updates","current":3,"total":6,"progress":0}
[2025-11-03 22:26:15.514] [info]  Splash.onStateUpdate: {"status":"installing-updates","current":3,"total":6,"progress":0}
[2025-11-03 22:26:15.515] [info]  DiscordSplash.onStateUpdate: {"status":"installing-updates","current":3,"total":6,"progress":0}
[2025-11-03 22:26:15.515] [info]  Splash.onStateUpdate: {"status":"installing-updates","current":3,"total":6,"progress":0}
[2025-11-03 22:26:15.516] [info]  DiscordSplash.onStateUpdate: {"status":"installing-updates","current":3,"total":6,"progress":0}
[2025-11-03 22:26:15.516] [info]  Splash.onStateUpdate: {"status":"installing-updates","current":3,"total":6,"progress":0}
[2025-11-03 22:26:15.517] [info]  DiscordSplash.onStateUpdate: {"status":"installing-updates","current":3,"total":6,"progress":0}
[2025-11-03 22:26:15.517] [info]  Splash.onStateUpdate: {"status":"installing-updates","current":3,"total":6,"progress":0}
[2025-11-03 22:26:15.518] [info]  DiscordSplash.onStateUpdate: {"status":"installing-updates","current":3,"total":6,"progress":0}
[2025-11-03 22:26:15.518] [info]  Splash.onStateUpdate: {"status":"installing-updates","current":3,"total":6,"progress":0}
[2025-11-03 22:26:15.518] [info]  DiscordSplash.onStateUpdate: {"status":"installing-updates","current":3,"total":6,"progress":0}
[2025-11-03 22:26:15.519] [info]  Splash.onStateUpdate: {"status":"installing-updates","current":3,"total":6,"progress":0}
[2025-11-03 22:26:15.519] [info]  DiscordSplash.onStateUpdate: {"status":"installing-updates","current":3,"total":6,"progress":1}
[2025-11-03 22:26:15.519] [info]  Splash.onStateUpdate: {"status":"installing-updates","current":3,"total":6,"progress":1}
[2025-11-03 22:26:15.520] [info]  DiscordSplash.onStateUpdate: {"status":"installing-updates","current":3,"total":6,"progress":1}
[2025-11-03 22:26:15.520] [info]  Splash.onStateUpdate: {"status":"installing-updates","current":3,"total":6,"progress":1}
[2025-11-03 22:26:15.521] [info]  DiscordSplash.onStateUpdate: {"status":"installing-updates","current":3,"total":6,"progress":1}
[2025-11-03 22:26:15.521] [info]  Splash.onStateUpdate: {"status":"installing-updates","current":3,"total":6,"progress":1}
[2025-11-03 22:26:15.522] [info]  DiscordSplash.onStateUpdate: {"status":"installing-updates","current":3,"total":6,"progress":1}
[2025-11-03 22:26:15.522] [info]  Splash.onStateUpdate: {"status":"installing-updates","current":3,"total":6,"progress":1}
[2025-11-03 22:26:15.522] [info]  DiscordSplash.onStateUpdate: {"status":"installing-updates","current":3,"total":6,"progress":1}
[2025-11-03 22:26:15.522] [info]  Splash.onStateUpdate: {"status":"installing-updates","current":3,"total":6,"progress":1}
[2025-11-03 22:26:15.523] [info]  DiscordSplash.onStateUpdate: {"status":"installing-updates","current":3,"total":6,"progress":1}
[2025-11-03 22:26:15.523] [info]  Splash.onStateUpdate: {"status":"installing-updates","current":3,"total":6,"progress":1}
[2025-11-03 22:26:15.524] [info]  DiscordSplash.onStateUpdate: {"status":"installing-updates","current":3,"total":6,"progress":2}
[2025-11-03 22:26:15.524] [info]  Splash.onStateUpdate: {"status":"installing-updates","current":3,"total":6,"progress":2}
[2025-11-03 22:26:15.525] [info]  DiscordSplash.onStateUpdate: {"status":"installing-updates","current":3,"total":6,"progress":2}
[2025-11-03 22:26:15.526] [info]  Splash.onStateUpdate: {"status":"installing-updates","current":3,"total":6,"progress":2}
[2025-11-03 22:26:15.526] [info]  DiscordSplash.onStateUpdate: {"status":"installing-updates","current":3,"total":6,"progress":2}
[2025-11-03 22:26:15.526] [info]  Splash.onStateUpdate: {"status":"installing-updates","current":3,"total":6,"progress":2}
[2025-11-03 22:26:15.527] [info]  DiscordSplash.onStateUpdate: {"status":"installing-updates","current":3,"total":6,"progress":2}
[2025-11-03 22:26:15.527] [info]  Splash.onStateUpdate: {"status":"installing-updates","current":3,"total":6,"progress":2}
[2025-11-03 22:26:15.528] [info]  DiscordSplash.onStateUpdate: {"status":"installing-updates","current":3,"total":6,"progress":2}
[2025-11-03 22:26:15.528] [info]  Splash.onStateUpdate: {"status":"installing-updates","current":3,"total":6,"progress":2}
[2025-11-03 22:26:15.529] [info]  DiscordSplash.onStateUpdate: {"status":"installing-updates","current":3,"total":6,"progress":2}
[2025-11-03 22:26:15.529] [info]  Splash.onStateUpdate: {"status":"installing-updates","current":3,"total":6,"progress":2}
[2025-11-03 22:26:15.529] [info]  DiscordSplash.onStateUpdate: {"status":"installing-updates","current":3,"total":6,"progress":3}
[2025-11-03 22:26:15.529] [info]  Splash.onStateUpdate: {"status":"installing-updates","current":3,"total":6,"progress":3}
[2025-11-03 22:26:15.530] [info]  DiscordSplash.onStateUpdate: {"status":"installing-updates","current":3,"total":6,"progress":3}
[2025-11-03 22:26:15.530] [info]  Splash.onStateUpdate: {"status":"installing-updates","current":3,"total":6,"progress":3}
[2025-11-03 22:26:15.531] [info]  DiscordSplash.onStateUpdate: {"status":"installing-updates","current":3,"total":6,"progress":3}
[2025-11-03 22:26:15.531] [info]  Splash.onStateUpdate: {"status":"installing-updates","current":3,"total":6,"progress":3}
[2025-11-03 22:26:15.532] [info]  DiscordSplash.onStateUpdate: {"status":"installing-updates","current":3,"total":6,"progress":3}
[2025-11-03 22:26:15.532] [info]  Splash.onStateUpdate: {"status":"installing-updates","current":3,"total":6,"progress":3}
[2025-11-03 22:26:15.532] [info]  DiscordSplash.onStateUpdate: {"status":"installing-updates","current":3,"total":6,"progress":3}
[2025-11-03 22:26:15.532] [info]  Splash.onStateUpdate: {"status":"installing-updates","current":3,"total":6,"progress":3}
[2025-11-03 22:26:15.533] [info]  DiscordSplash.onStateUpdate: {"status":"installing-updates","current":3,"total":6,"progress":3}
[2025-11-03 22:26:15.533] [info]  Splash.onStateUpdate: {"status":"installing-updates","current":3,"total":6,"progress":3}
[2025-11-03 22:26:15.534] [info]  DiscordSplash.onStateUpdate: {"status":"installing-updates","current":3,"total":6,"progress":4}
[2025-11-03 22:26:15.534] [info]  Splash.onStateUpdate: {"status":"installing-updates","current":3,"total":6,"progress":4}
[2025-11-03 22:26:15.535] [info]  DiscordSplash.onStateUpdate: {"status":"installing-updates","current":3,"total":6,"progress":4}
[2025-11-03 22:26:15.535] [info]  Splash.onStateUpdate: {"status":"installing-updates","current":3,"total":6,"progress":4}
[2025-11-03 22:26:15.535] [info]  DiscordSplash.onStateUpdate: {"status":"installing-updates","current":3,"total":6,"progress":4}
[2025-11-03 22:26:15.535] [info]  Splash.onStateUpdate: {"status":"installing-updates","current":3,"total":6,"progress":4}
[2025-11-03 22:26:15.536] [info]  DiscordSplash.onStateUpdate: {"status":"installing-updates","current":3,"total":6,"progress":4}
[2025-11-03 22:26:15.536] [info]  Splash.onStateUpdate: {"status":"installing-updates","current":3,"total":6,"progress":4}
[2025-11-03 22:26:15.537] [info]  DiscordSplash.onStateUpdate: {"status":"installing-updates","current":3,"total":6,"progress":4}
[2025-11-03 22:26:15.537] [info]  Splash.onStateUpdate: {"status":"installing-updates","current":3,"total":6,"progress":4}
[2025-11-03 22:26:15.537] [info]  DiscordSplash.onStateUpdate: {"status":"installing-updates","current":3,"total":6,"progress":4}
[2025-11-03 22:26:15.538] [info]  Splash.onStateUpdate: {"status":"installing-updates","current":3,"total":6,"progress":4}
[2025-11-03 22:26:15.538] [info]  DiscordSplash.onStateUpdate: {"status":"installing-updates","current":3,"total":6,"progress":5}
[2025-11-03 22:26:15.538] [info]  Splash.onStateUpdate: {"status":"installing-updates","current":3,"total":6,"progress":5}
[2025-11-03 22:26:15.539] [info]  DiscordSplash.onStateUpdate: {"status":"installing-updates","current":3,"total":6,"progress":5}
[2025-11-03 22:26:15.539] [info]  Splash.onStateUpdate: {"status":"installing-updates","current":3,"total":6,"progress":5}
[2025-11-03 22:26:15.540] [info]  DiscordSplash.onStateUpdate: {"status":"installing-updates","current":3,"total":6,"progress":5}
[2025-11-03 22:26:15.540] [info]  Splash.onStateUpdate: {"status":"installing-updates","current":3,"total":6,"progress":5}
[2025-11-03 22:26:15.540] [info]  DiscordSplash.onStateUpdate: {"status":"installing-updates","current":3,"total":6,"progress":5}
[2025-11-03 22:26:15.540] [info]  Splash.onStateUpdate: {"status":"installing-updates","current":3,"total":6,"progress":5}
[2025-11-03 22:26:15.541] [info]  DiscordSplash.onStateUpdate: {"status":"installing-updates","current":3,"total":6,"progress":5}
[2025-11-03 22:26:15.541] [info]  Splash.onStateUpdate: {"status":"installing-updates","current":3,"total":6,"progress":5}
[2025-11-03 22:26:15.542] [info]  DiscordSplash.onStateUpdate: {"status":"installing-updates","current":3,"total":6,"progress":5}
[2025-11-03 22:26:15.542] [info]  Splash.onStateUpdate: {"status":"installing-updates","current":3,"total":6,"progress":5}
[2025-11-03 22:26:15.543] [info]  DiscordSplash.onStateUpdate: {"status":"installing-updates","current":3,"total":6,"progress":5}
[2025-11-03 22:26:15.543] [info]  Splash.onStateUpdate: {"status":"installing-updates","current":3,"total":6,"progress":5}
[2025-11-03 22:26:15.543] [info]  DiscordSplash.onStateUpdate: {"status":"installing-updates","current":3,"total":6,"progress":6}
[2025-11-03 22:26:15.543] [info]  Splash.onStateUpdate: {"status":"installing-updates","current":3,"total":6,"progress":6}
[2025-11-03 22:26:15.544] [info]  DiscordSplash.onStateUpdate: {"status":"installing-updates","current":3,"total":6,"progress":6}
[2025-11-03 22:26:15.544] [info]  Splash.onStateUpdate: {"status":"installing-updates","current":3,"total":6,"progress":6}
[2025-11-03 22:26:15.544] [info]  DiscordSplash.onStateUpdate: {"status":"installing-updates","current":3,"total":6,"progress":6}
[2025-11-03 22:26:15.545] [info]  Splash.onStateUpdate: {"status":"installing-updates","current":3,"total":6,"progress":6}
[2025-11-03 22:26:15.545] [info]  DiscordSplash.onStateUpdate: {"status":"installing-updates","current":3,"total":6,"progress":6}
[2025-11-03 22:26:15.545] [info]  Splash.onStateUpdate: {"status":"installing-updates","current":3,"total":6,"progress":6}
[2025-11-03 22:26:15.546] [info]  DiscordSplash.onStateUpdate: {"status":"installing-updates","current":3,"total":6,"progress":6}
[2025-11-03 22:26:15.546] [info]  Splash.onStateUpdate: {"status":"installing-updates","current":3,"total":6,"progress":6}
[2025-11-03 22:26:15.547] [info]  DiscordSplash.onStateUpdate: {"status":"installing-updates","current":3,"total":6,"progress":6}
[2025-11-03 22:26:15.547] [info]  Splash.onStateUpdate: {"status":"installing-updates","current":3,"total":6,"progress":6}
[2025-11-03 22:26:15.547] [info]  DiscordSplash.onStateUpdate: {"status":"installing-updates","current":3,"total":6,"progress":7}
[2025-11-03 22:26:15.548] [info]  Splash.onStateUpdate: {"status":"installing-updates","current":3,"total":6,"progress":7}
[2025-11-03 22:26:15.548] [info]  DiscordSplash.onStateUpdate: {"status":"installing-updates","current":3,"total":6,"progress":7}
[2025-11-03 22:26:15.548] [info]  Splash.onStateUpdate: {"status":"installing-updates","current":3,"total":6,"progress":7}
[2025-11-03 22:26:15.549] [info]  DiscordSplash.onStateUpdate: {"status":"installing-updates","current":3,"total":6,"progress":7}
[2025-11-03 22:26:15.549] [info]  Splash.onStateUpdate: {"status":"installing-updates","current":3,"total":6,"progress":7}
[2025-11-03 22:26:15.550] [info]  DiscordSplash.onStateUpdate: {"status":"installing-updates","current":3,"total":6,"progress":7}
[2025-11-03 22:26:15.550] [info]  Splash.onStateUpdate: {"status":"installing-updates","current":3,"total":6,"progress":7}
[2025-11-03 22:26:15.550] [info]  DiscordSplash.onStateUpdate: {"status":"installing-updates","current":3,"total":6,"progress":7}
[2025-11-03 22:26:15.551] [info]  Splash.onStateUpdate: {"status":"installing-updates","current":3,"total":6,"progress":7}
[2025-11-03 22:26:15.551] [info]  DiscordSplash.onStateUpdate: {"status":"installing-updates","current":3,"total":6,"progress":7}
[2025-11-03 22:26:15.551] [info]  Splash.onStateUpdate: {"status":"installing-updates","current":3,"total":6,"progress":7}
[2025-11-03 22:26:15.552] [info]  DiscordSplash.onStateUpdate: {"status":"installing-updates","current":3,"total":6,"progress":8}
[2025-11-03 22:26:15.552] [info]  Splash.onStateUpdate: {"status":"installing-updates","current":3,"total":6,"progress":8}
[2025-11-03 22:26:15.553] [info]  DiscordSplash.onStateUpdate: {"status":"installing-updates","current":3,"total":6,"progress":8}
[2025-11-03 22:26:15.553] [info]  Splash.onStateUpdate: {"status":"installing-updates","current":3,"total":6,"progress":8}
[2025-11-03 22:26:15.553] [info]  DiscordSplash.onStateUpdate: {"status":"installing-updates","current":3,"total":6,"progress":8}
[2025-11-03 22:26:15.553] [info]  Splash.onStateUpdate: {"status":"installing-updates","current":3,"total":6,"progress":8}
[2025-11-03 22:26:15.554] [info]  DiscordSplash.onStateUpdate: {"status":"installing-updates","current":3,"total":6,"progress":8}
[2025-11-03 22:26:15.554] [info]  Splash.onStateUpdate: {"status":"installing-updates","current":3,"total":6,"progress":8}
[2025-11-03 22:26:15.555] [info]  DiscordSplash.onStateUpdate: {"status":"installing-updates","current":3,"total":6,"progress":8}
[2025-11-03 22:26:15.555] [info]  Splash.onStateUpdate: {"status":"installing-updates","current":3,"total":6,"progress":8}
[2025-11-03 22:26:15.556] [info]  DiscordSplash.onStateUpdate: {"status":"installing-updates","current":3,"total":6,"progress":8}
[2025-11-03 22:26:15.556] [info]  Splash.onStateUpdate: {"status":"installing-updates","current":3,"total":6,"progress":8}
[2025-11-03 22:26:15.556] [info]  DiscordSplash.onStateUpdate: {"status":"installing-updates","current":3,"total":6,"progress":9}
[2025-11-03 22:26:15.556] [info]  Splash.onStateUpdate: {"status":"installing-updates","current":3,"total":6,"progress":9}
[2025-11-03 22:26:15.557] [info]  DiscordSplash.onStateUpdate: {"status":"installing-updates","current":3,"total":6,"progress":9}
[2025-11-03 22:26:15.557] [info]  Splash.onStateUpdate: {"status":"installing-updates","current":3,"total":6,"progress":9}
[2025-11-03 22:26:15.558] [info]  DiscordSplash.onStateUpdate: {"status":"installing-updates","current":3,"total":6,"progress":9}
[2025-11-03 22:26:15.558] [info]  Splash.onStateUpdate: {"status":"installing-updates","current":3,"total":6,"progress":9}
[2025-11-03 22:26:15.559] [info]  DiscordSplash.onStateUpdate: {"status":"installing-updates","current":3,"total":6,"progress":9}
[2025-11-03 22:26:15.559] [info]  Splash.onStateUpdate: {"status":"installing-updates","current":3,"total":6,"progress":9}
[2025-11-03 22:26:15.559] [info]  DiscordSplash.onStateUpdate: {"status":"installing-updates","current":3,"total":6,"progress":9}
[2025-11-03 22:26:15.560] [info]  Splash.onStateUpdate: {"status":"installing-updates","current":3,"total":6,"progress":9}
[2025-11-03 22:26:15.560] [info]  DiscordSplash.onStateUpdate: {"status":"installing-updates","current":3,"total":6,"progress":9}
[2025-11-03 22:26:15.560] [info]  Splash.onStateUpdate: {"status":"installing-updates","current":3,"total":6,"progress":9}
[2025-11-03 22:26:15.561] [info]  DiscordSplash.onStateUpdate: {"status":"installing-updates","current":3,"total":6,"progress":10}
[2025-11-03 22:26:15.561] [info]  Splash.onStateUpdate: {"status":"installing-updates","current":3,"total":6,"progress":10}
[2025-11-03 22:26:15.562] [info]  DiscordSplash.onStateUpdate: {"status":"installing-updates","current":3,"total":6,"progress":10}
[2025-11-03 22:26:15.562] [info]  Splash.onStateUpdate: {"status":"installing-updates","current":3,"total":6,"progress":10}
[2025-11-03 22:26:15.562] [info]  DiscordSplash.onStateUpdate: {"status":"installing-updates","current":3,"total":6,"progress":10}
[2025-11-03 22:26:15.562] [info]  Splash.onStateUpdate: {"status":"installing-updates","current":3,"total":6,"progress":10}
[2025-11-03 22:26:15.563] [info]  DiscordSplash.onStateUpdate: {"status":"installing-updates","current":3,"total":6,"progress":10}
[2025-11-03 22:26:15.563] [info]  Splash.onStateUpdate: {"status":"installing-updates","current":3,"total":6,"progress":10}
[2025-11-03 22:26:15.564] [info]  DiscordSplash.onStateUpdate: {"status":"installing-updates","current":3,"total":6,"progress":10}
[2025-11-03 22:26:15.564] [info]  Splash.onStateUpdate: {"status":"installing-updates","current":3,"total":6,"progress":10}
[2025-11-03 22:26:15.565] [info]  DiscordSplash.onStateUpdate: {"status":"installing-updates","current":3,"total":6,"progress":10}
[2025-11-03 22:26:15.565] [info]  Splash.onStateUpdate: {"status":"installing-updates","current":3,"total":6,"progress":10}
[2025-11-03 22:26:15.565] [info]  DiscordSplash.onStateUpdate: {"status":"installing-updates","current":3,"total":6,"progress":11}
[2025-11-03 22:26:15.565] [info]  Splash.onStateUpdate: {"status":"installing-updates","current":3,"total":6,"progress":11}
[2025-11-03 22:26:15.566] [info]  DiscordSplash.onStateUpdate: {"status":"installing-updates","current":3,"total":6,"progress":11}
[2025-11-03 22:26:15.566] [info]  Splash.onStateUpdate: {"status":"installing-updates","current":3,"total":6,"progress":11}
[2025-11-03 22:26:15.567] [info]  DiscordSplash.onStateUpdate: {"status":"installing-updates","current":3,"total":6,"progress":11}
[2025-11-03 22:26:15.567] [info]  Splash.onStateUpdate: {"status":"installing-updates","current":3,"total":6,"progress":11}
[2025-11-03 22:26:15.568] [info]  DiscordSplash.onStateUpdate: {"status":"installing-updates","current":3,"total":6,"progress":11}
[2025-11-03 22:26:15.568] [info]  Splash.onStateUpdate: {"status":"installing-updates","current":3,"total":6,"progress":11}
[2025-11-03 22:26:15.568] [info]  DiscordSplash.onStateUpdate: {"status":"installing-updates","current":3,"total":6,"progress":11}
[2025-11-03 22:26:15.568] [info]  Splash.onStateUpdate: {"status":"installing-updates","current":3,"total":6,"progress":11}
[2025-11-03 22:26:15.569] [info]  DiscordSplash.onStateUpdate: {"status":"installing-updates","current":3,"total":6,"progress":11}
[2025-11-03 22:26:15.569] [info]  Splash.onStateUpdate: {"status":"installing-updates","current":3,"total":6,"progress":11}
[2025-11-03 22:26:15.570] [info]  DiscordSplash.onStateUpdate: {"status":"installing-updates","current":3,"total":6,"progress":11}
[2025-11-03 22:26:15.570] [info]  Splash.onStateUpdate: {"status":"installing-updates","current":3,"total":6,"progress":11}
[2025-11-03 22:26:15.570] [info]  DiscordSplash.onStateUpdate: {"status":"installing-updates","current":3,"total":6,"progress":12}
[2025-11-03 22:26:15.570] [info]  Splash.onStateUpdate: {"status":"installing-updates","current":3,"total":6,"progress":12}
[2025-11-03 22:26:15.571] [info]  DiscordSplash.onStateUpdate: {"status":"installing-updates","current":3,"total":6,"progress":12}
[2025-11-03 22:26:15.571] [info]  Splash.onStateUpdate: {"status":"installing-updates","current":3,"total":6,"progress":12}
[2025-11-03 22:26:15.572] [info]  DiscordSplash.onStateUpdate: {"status":"installing-updates","current":3,"total":6,"progress":12}
[2025-11-03 22:26:15.572] [info]  Splash.onStateUpdate: {"status":"installing-updates","current":3,"total":6,"progress":12}
[2025-11-03 22:26:15.574] [info]  DiscordSplash.onStateUpdate: {"status":"installing-updates","current":3,"total":6,"progress":12}
[2025-11-03 22:26:15.574] [info]  Splash.onStateUpdate: {"status":"installing-updates","current":3,"total":6,"progress":12}
[2025-11-03 22:26:15.575] [info]  DiscordSplash.onStateUpdate: {"status":"installing-updates","current":3,"total":6,"progress":12}
[2025-11-03 22:26:15.575] [info]  Splash.onStateUpdate: {"status":"installing-updates","current":3,"total":6,"progress":12}
[2025-11-03 22:26:15.576] [info]  DiscordSplash.onStateUpdate: {"status":"installing-updates","current":3,"total":6,"progress":12}
[2025-11-03 22:26:15.576] [info]  Splash.onStateUpdate: {"status":"installing-updates","current":3,"total":6,"progress":12}
[2025-11-03 22:26:15.576] [info]  DiscordSplash.onStateUpdate: {"status":"installing-updates","current":3,"total":6,"progress":13}
[2025-11-03 22:26:15.576] [info]  Splash.onStateUpdate: {"status":"installing-updates","current":3,"total":6,"progress":13}
[2025-11-03 22:26:15.577] [info]  DiscordSplash.onStateUpdate: {"status":"installing-updates","current":3,"total":6,"progress":13}
[2025-11-03 22:26:15.577] [info]  Splash.onStateUpdate: {"status":"installing-updates","current":3,"total":6,"progress":13}
[2025-11-03 22:26:15.578] [info]  DiscordSplash.onStateUpdate: {"status":"installing-updates","current":3,"total":6,"progress":13}
[2025-11-03 22:26:15.578] [info]  Splash.onStateUpdate: {"status":"installing-updates","current":3,"total":6,"progress":13}
[2025-11-03 22:26:15.578] [info]  DiscordSplash.onStateUpdate: {"status":"installing-updates","current":3,"total":6,"progress":13}
[2025-11-03 22:26:15.578] [info]  Splash.onStateUpdate: {"status":"installing-updates","current":3,"total":6,"progress":13}
[2025-11-03 22:26:15.579] [info]  DiscordSplash.onStateUpdate: {"status":"installing-updates","current":3,"total":6,"progress":13}
[2025-11-03 22:26:15.579] [info]  Splash.onStateUpdate: {"status":"installing-updates","current":3,"total":6,"progress":13}
[2025-11-03 22:26:15.580] [info]  DiscordSplash.onStateUpdate: {"status":"installing-updates","current":3,"total":6,"progress":13}
[2025-11-03 22:26:15.580] [info]  Splash.onStateUpdate: {"status":"installing-updates","current":3,"total":6,"progress":13}
[2025-11-03 22:26:15.580] [info]  DiscordSplash.onStateUpdate: {"status":"installing-updates","current":3,"total":6,"progress":14}
[2025-11-03 22:26:15.580] [info]  Splash.onStateUpdate: {"status":"installing-updates","current":3,"total":6,"progress":14}
[2025-11-03 22:26:15.581] [info]  DiscordSplash.onStateUpdate: {"status":"installing-updates","current":3,"total":6,"progress":14}
[2025-11-03 22:26:15.581] [info]  Splash.onStateUpdate: {"status":"installing-updates","current":3,"total":6,"progress":14}
[2025-11-03 22:26:15.582] [info]  DiscordSplash.onStateUpdate: {"status":"installing-updates","current":3,"total":6,"progress":14}
[2025-11-03 22:26:15.582] [info]  Splash.onStateUpdate: {"status":"installing-updates","current":3,"total":6,"progress":14}
[2025-11-03 22:26:15.582] [info]  DiscordSplash.onStateUpdate: {"status":"installing-updates","current":3,"total":6,"progress":14}
[2025-11-03 22:26:15.582] [info]  Splash.onStateUpdate: {"status":"installing-updates","current":3,"total":6,"progress":14}
[2025-11-03 22:26:15.583] [info]  DiscordSplash.onStateUpdate: {"status":"installing-updates","current":3,"total":6,"progress":14}
[2025-11-03 22:26:15.583] [info]  Splash.onStateUpdate: {"status":"installing-updates","current":3,"total":6,"progress":14}
[2025-11-03 22:26:15.584] [info]  DiscordSplash.onStateUpdate: {"status":"installing-updates","current":3,"total":6,"progress":14}
[2025-11-03 22:26:15.584] [info]  Splash.onStateUpdate: {"status":"installing-updates","current":3,"total":6,"progress":14}
[2025-11-03 22:26:15.584] [info]  DiscordSplash.onStateUpdate: {"status":"installing-updates","current":3,"total":6,"progress":15}
[2025-11-03 22:26:15.584] [info]  Splash.onStateUpdate: {"status":"installing-updates","current":3,"total":6,"progress":15}
[2025-11-03 22:26:15.585] [info]  DiscordSplash.onStateUpdate: {"status":"installing-updates","current":3,"total":6,"progress":15}
[2025-11-03 22:26:15.585] [info]  Splash.onStateUpdate: {"status":"installing-updates","current":3,"total":6,"progress":15}
[2025-11-03 22:26:15.585] [info]  DiscordSplash.onStateUpdate: {"status":"installing-updates","current":3,"total":6,"progress":15}
[2025-11-03 22:26:15.586] [info]  Splash.onStateUpdate: {"status":"installing-updates","current":3,"total":6,"progress":15}
[2025-11-03 22:26:15.586] [info]  DiscordSplash.onStateUpdate: {"status":"installing-updates","current":3,"total":6,"progress":15}
[2025-11-03 22:26:15.586] [info]  Splash.onStateUpdate: {"status":"installing-updates","current":3,"total":6,"progress":15}
[2025-11-03 22:26:15.587] [info]  DiscordSplash.onStateUpdate: {"status":"installing-updates","current":3,"total":6,"progress":15}
[2025-11-03 22:26:15.587] [info]  Splash.onStateUpdate: {"status":"installing-updates","current":3,"total":6,"progress":15}
[2025-11-03 22:26:15.587] [info]  DiscordSplash.onStateUpdate: {"status":"installing-updates","current":3,"total":6,"progress":15}
[2025-11-03 22:26:15.588] [info]  Splash.onStateUpdate: {"status":"installing-updates","current":3,"total":6,"progress":15}
[2025-11-03 22:26:15.588] [info]  DiscordSplash.onStateUpdate: {"status":"installing-updates","current":3,"total":6,"progress":16}
[2025-11-03 22:26:15.588] [info]  Splash.onStateUpdate: {"status":"installing-updates","current":3,"total":6,"progress":16}
[2025-11-03 22:26:15.589] [info]  DiscordSplash.onStateUpdate: {"status":"installing-updates","current":3,"total":6,"progress":16}
[2025-11-03 22:26:15.589] [info]  Splash.onStateUpdate: {"status":"installing-updates","current":3,"total":6,"progress":16}
[2025-11-03 22:26:15.589] [info]  DiscordSplash.onStateUpdate: {"status":"installing-updates","current":3,"total":6,"progress":16}
[2025-11-03 22:26:15.589] [info]  Splash.onStateUpdate: {"status":"installing-updates","current":3,"total":6,"progress":16}
[2025-11-03 22:26:15.590] [info]  DiscordSplash.onStateUpdate: {"status":"installing-updates","current":3,"total":6,"progress":16}
[2025-11-03 22:26:15.590] [info]  Splash.onStateUpdate: {"status":"installing-updates","current":3,"total":6,"progress":16}
[2025-11-03 22:26:15.591] [info]  DiscordSplash.onStateUpdate: {"status":"installing-updates","current":3,"total":6,"progress":16}
[2025-11-03 22:26:15.591] [info]  Splash.onStateUpdate: {"status":"installing-updates","current":3,"total":6,"progress":16}
[2025-11-03 22:26:15.591] [info]  DiscordSplash.onStateUpdate: {"status":"installing-updates","current":3,"total":6,"progress":16}
[2025-11-03 22:26:15.592] [info]  Splash.onStateUpdate: {"status":"installing-updates","current":3,"total":6,"progress":16}
[2025-11-03 22:26:15.592] [info]  DiscordSplash.onStateUpdate: {"status":"installing-updates","current":3,"total":6,"progress":17}
[2025-11-03 22:26:15.593] [info]  Splash.onStateUpdate: {"status":"installing-updates","current":3,"total":6,"progress":17}
[2025-11-03 22:26:15.593] [info]  DiscordSplash.onStateUpdate: {"status":"installing-updates","current":3,"total":6,"progress":17}
[2025-11-03 22:26:15.593] [info]  Splash.onStateUpdate: {"status":"installing-updates","current":3,"total":6,"progress":17}
[2025-11-03 22:26:15.594] [info]  DiscordSplash.onStateUpdate: {"status":"installing-updates","current":3,"total":6,"progress":17}
[2025-11-03 22:26:15.594] [info]  Splash.onStateUpdate: {"status":"installing-updates","current":3,"total":6,"progress":17}
[2025-11-03 22:26:15.594] [info]  DiscordSplash.onStateUpdate: {"status":"installing-updates","current":3,"total":6,"progress":17}
[2025-11-03 22:26:15.594] [info]  Splash.onStateUpdate: {"status":"installing-updates","current":3,"total":6,"progress":17}
[2025-11-03 22:26:15.595] [info]  DiscordSplash.onStateUpdate: {"status":"installing-updates","current":3,"total":6,"progress":17}
[2025-11-03 22:26:15.595] [info]  Splash.onStateUpdate: {"status":"installing-updates","current":3,"total":6,"progress":17}
[2025-11-03 22:26:15.595] [info]  DiscordSplash.onStateUpdate: {"status":"installing-updates","current":3,"total":6,"progress":17}
[2025-11-03 22:26:15.596] [info]  Splash.onStateUpdate: {"status":"installing-updates","current":3,"total":6,"progress":17}
[2025-11-03 22:26:15.596] [info]  DiscordSplash.onStateUpdate: {"status":"installing-updates","current":3,"total":6,"progress":17}
[2025-11-03 22:26:15.596] [info]  Splash.onStateUpdate: {"status":"installing-updates","current":3,"total":6,"progress":17}
[2025-11-03 22:26:15.597] [info]  DiscordSplash.onStateUpdate: {"status":"installing-updates","current":3,"total":6,"progress":18}
[2025-11-03 22:26:15.597] [info]  Splash.onStateUpdate: {"status":"installing-updates","current":3,"total":6,"progress":18}
[2025-11-03 22:26:15.598] [info]  DiscordSplash.onStateUpdate: {"status":"installing-updates","current":3,"total":6,"progress":18}
[2025-11-03 22:26:15.598] [info]  Splash.onStateUpdate: {"status":"installing-updates","current":3,"total":6,"progress":18}
[2025-11-03 22:26:15.599] [info]  DiscordSplash.onStateUpdate: {"status":"installing-updates","current":3,"total":6,"progress":18}
[2025-11-03 22:26:15.599] [info]  Splash.onStateUpdate: {"status":"installing-updates","current":3,"total":6,"progress":18}
[2025-11-03 22:26:15.599] [info]  DiscordSplash.onStateUpdate: {"status":"installing-updates","current":3,"total":6,"progress":18}
[2025-11-03 22:26:15.599] [info]  Splash.onStateUpdate: {"status":"installing-updates","current":3,"total":6,"progress":18}
[2025-11-03 22:26:15.600] [info]  DiscordSplash.onStateUpdate: {"status":"installing-updates","current":3,"total":6,"progress":18}
[2025-11-03 22:26:15.600] [info]  Splash.onStateUpdate: {"status":"installing-updates","current":3,"total":6,"progress":18}
[2025-11-03 22:26:15.601] [info]  DiscordSplash.onStateUpdate: {"status":"installing-updates","current":3,"total":6,"progress":18}
[2025-11-03 22:26:15.601] [info]  Splash.onStateUpdate: {"status":"installing-updates","current":3,"total":6,"progress":18}
[2025-11-03 22:26:15.601] [info]  DiscordSplash.onStateUpdate: {"status":"installing-updates","current":3,"total":6,"progress":19}
[2025-11-03 22:26:15.601] [info]  Splash.onStateUpdate: {"status":"installing-updates","current":3,"total":6,"progress":19}
[2025-11-03 22:26:15.602] [info]  DiscordSplash.onStateUpdate: {"status":"installing-updates","current":3,"total":6,"progress":19}
[2025-11-03 22:26:15.602] [info]  Splash.onStateUpdate: {"status":"installing-updates","current":3,"total":6,"progress":19}
[2025-11-03 22:26:15.603] [info]  DiscordSplash.onStateUpdate: {"status":"installing-updates","current":3,"total":6,"progress":19}
[2025-11-03 22:26:15.603] [info]  Splash.onStateUpdate: {"status":"installing-updates","current":3,"total":6,"progress":19}
[2025-11-03 22:26:15.603] [info]  DiscordSplash.onStateUpdate: {"status":"installing-updates","current":3,"total":6,"progress":19}
[2025-11-03 22:26:15.603] [info]  Splash.onStateUpdate: {"status":"installing-updates","current":3,"total":6,"progress":19}
[2025-11-03 22:26:15.604] [info]  DiscordSplash.onStateUpdate: {"status":"installing-updates","current":3,"total":6,"progress":19}
[2025-11-03 22:26:15.604] [info]  Splash.onStateUpdate: {"status":"installing-updates","current":3,"total":6,"progress":19}
[2025-11-03 22:26:15.604] [info]  DiscordSplash.onStateUpdate: {"status":"installing-updates","current":3,"total":6,"progress":19}
[2025-11-03 22:26:15.604] [info]  Splash.onStateUpdate: {"status":"installing-updates","current":3,"total":6,"progress":19}
[2025-11-03 22:26:15.605] [info]  DiscordSplash.onStateUpdate: {"status":"installing-updates","current":3,"total":6,"progress":20}
[2025-11-03 22:26:15.605] [info]  Splash.onStateUpdate: {"status":"installing-updates","current":3,"total":6,"progress":20}
[2025-11-03 22:26:15.606] [info]  DiscordSplash.onStateUpdate: {"status":"installing-updates","current":3,"total":6,"progress":20}
[2025-11-03 22:26:15.606] [info]  Splash.onStateUpdate: {"status":"installing-updates","current":3,"total":6,"progress":20}
[2025-11-03 22:26:15.606] [info]  DiscordSplash.onStateUpdate: {"status":"installing-updates","current":3,"total":6,"progress":20}
[2025-11-03 22:26:15.606] [info]  Splash.onStateUpdate: {"status":"installing-updates","current":3,"total":6,"progress":20}
[2025-11-03 22:26:15.607] [info]  DiscordSplash.onStateUpdate: {"status":"installing-updates","current":3,"total":6,"progress":20}
[2025-11-03 22:26:15.607] [info]  Splash.onStateUpdate: {"status":"installing-updates","current":3,"total":6,"progress":20}
[2025-11-03 22:26:15.608] [info]  DiscordSplash.onStateUpdate: {"status":"installing-updates","current":3,"total":6,"progress":20}
[2025-11-03 22:26:15.608] [info]  Splash.onStateUpdate: {"status":"installing-updates","current":3,"total":6,"progress":20}
[2025-11-03 22:26:15.608] [info]  Splash.updateCountdownSeconds: undefined
[2025-11-03 22:26:15.609] [info]  DiscordSplash.onStateUpdate: {"status":"installing-updates","current":3,"total":6,"progress":20}
[2025-11-03 22:26:15.609] [info]  Splash.onStateUpdate: {"status":"installing-updates","current":3,"total":6,"progress":20}
[2025-11-03 22:26:15.609] [info]  DiscordSplash.onStateUpdate: {"status":"installing-updates","current":3,"total":6,"progress":21}
[2025-11-03 22:26:15.610] [info]  Splash.onStateUpdate: {"status":"installing-updates","current":3,"total":6,"progress":21}
[2025-11-03 22:26:15.610] [info]  DiscordSplash.onStateUpdate: {"status":"installing-updates","current":3,"total":6,"progress":21}
[2025-11-03 22:26:15.610] [info]  Splash.onStateUpdate: {"status":"installing-updates","current":3,"total":6,"progress":21}
[2025-11-03 22:26:15.611] [info]  DiscordSplash.onStateUpdate: {"status":"installing-updates","current":3,"total":6,"progress":21}
[2025-11-03 22:26:15.611] [info]  Splash.onStateUpdate: {"status":"installing-updates","current":3,"total":6,"progress":21}
[2025-11-03 22:26:15.611] [info]  DiscordSplash.onStateUpdate: {"status":"installing-updates","current":3,"total":6,"progress":21}
[2025-11-03 22:26:15.611] [info]  Splash.onStateUpdate: {"status":"installing-updates","current":3,"total":6,"progress":21}
[2025-11-03 22:26:15.612] [info]  DiscordSplash.onStateUpdate: {"status":"installing-updates","current":3,"total":6,"progress":21}
[2025-11-03 22:26:15.612] [info]  Splash.onStateUpdate: {"status":"installing-updates","current":3,"total":6,"progress":21}
[2025-11-03 22:26:15.613] [info]  DiscordSplash.onStateUpdate: {"status":"installing-updates","current":3,"total":6,"progress":21}
[2025-11-03 22:26:15.613] [info]  Splash.onStateUpdate: {"status":"installing-updates","current":3,"total":6,"progress":21}
[2025-11-03 22:26:15.613] [info]  DiscordSplash.onStateUpdate: {"status":"installing-updates","current":3,"total":6,"progress":22}
[2025-11-03 22:26:15.613] [info]  Splash.onStateUpdate: {"status":"installing-updates","current":3,"total":6,"progress":22}
[2025-11-03 22:26:15.614] [info]  DiscordSplash.onStateUpdate: {"status":"installing-updates","current":3,"total":6,"progress":22}
[2025-11-03 22:26:15.614] [info]  Splash.onStateUpdate: {"status":"installing-updates","current":3,"total":6,"progress":22}
[2025-11-03 22:26:15.615] [info]  DiscordSplash.onStateUpdate: {"status":"installing-updates","current":3,"total":6,"progress":22}
[2025-11-03 22:26:15.615] [info]  Splash.onStateUpdate: {"status":"installing-updates","current":3,"total":6,"progress":22}
[2025-11-03 22:26:15.615] [info]  DiscordSplash.onStateUpdate: {"status":"installing-updates","current":3,"total":6,"progress":22}
[2025-11-03 22:26:15.615] [info]  Splash.onStateUpdate: {"status":"installing-updates","current":3,"total":6,"progress":22}
[2025-11-03 22:26:15.616] [info]  DiscordSplash.onStateUpdate: {"status":"installing-updates","current":3,"total":6,"progress":22}
[2025-11-03 22:26:15.616] [info]  Splash.onStateUpdate: {"status":"installing-updates","current":3,"total":6,"progress":22}
[2025-11-03 22:26:15.617] [info]  DiscordSplash.onStateUpdate: {"status":"installing-updates","current":3,"total":6,"progress":22}
[2025-11-03 22:26:15.617] [info]  Splash.onStateUpdate: {"status":"installing-updates","current":3,"total":6,"progress":22}
[2025-11-03 22:26:15.617] [info]  DiscordSplash.onStateUpdate: {"status":"installing-updates","current":3,"total":6,"progress":23}
[2025-11-03 22:26:15.617] [info]  Splash.onStateUpdate: {"status":"installing-updates","current":3,"total":6,"progress":23}
[2025-11-03 22:26:15.618] [info]  DiscordSplash.onStateUpdate: {"status":"installing-updates","current":3,"total":6,"progress":23}
[2025-11-03 22:26:15.618] [info]  Splash.onStateUpdate: {"status":"installing-updates","current":3,"total":6,"progress":23}
[2025-11-03 22:26:15.618] [info]  DiscordSplash.onStateUpdate: {"status":"installing-updates","current":3,"total":6,"progress":23}
[2025-11-03 22:26:15.619] [info]  Splash.onStateUpdate: {"status":"installing-updates","current":3,"total":6,"progress":23}
[2025-11-03 22:26:15.619] [info]  DiscordSplash.onStateUpdate: {"status":"installing-updates","current":3,"total":6,"progress":23}
[2025-11-03 22:26:15.619] [info]  Splash.onStateUpdate: {"status":"installing-updates","current":3,"total":6,"progress":23}
[2025-11-03 22:26:15.620] [info]  DiscordSplash.onStateUpdate: {"status":"installing-updates","current":3,"total":6,"progress":23}
[2025-11-03 22:26:15.620] [info]  Splash.onStateUpdate: {"status":"installing-updates","current":3,"total":6,"progress":23}
[2025-11-03 22:26:15.620] [info]  DiscordSplash.onStateUpdate: {"status":"installing-updates","current":3,"total":6,"progress":23}
[2025-11-03 22:26:15.621] [info]  Splash.onStateUpdate: {"status":"installing-updates","current":3,"total":6,"progress":23}
[2025-11-03 22:26:15.621] [info]  DiscordSplash.onStateUpdate: {"status":"installing-updates","current":3,"total":6,"progress":23}
[2025-11-03 22:26:15.621] [info]  Splash.onStateUpdate: {"status":"installing-updates","current":3,"total":6,"progress":23}
[2025-11-03 22:26:15.622] [info]  DiscordSplash.onStateUpdate: {"status":"installing-updates","current":3,"total":6,"progress":24}
[2025-11-03 22:26:15.622] [info]  Splash.onStateUpdate: {"status":"installing-updates","current":3,"total":6,"progress":24}
[2025-11-03 22:26:15.622] [info]  DiscordSplash.onStateUpdate: {"status":"installing-updates","current":3,"total":6,"progress":24}
[2025-11-03 22:26:15.623] [info]  Splash.onStateUpdate: {"status":"installing-updates","current":3,"total":6,"progress":24}
[2025-11-03 22:26:15.623] [info]  DiscordSplash.onStateUpdate: {"status":"installing-updates","current":3,"total":6,"progress":24}
[2025-11-03 22:26:15.623] [info]  Splash.onStateUpdate: {"status":"installing-updates","current":3,"total":6,"progress":24}
[2025-11-03 22:26:15.624] [info]  DiscordSplash.onStateUpdate: {"status":"installing-updates","current":3,"total":6,"progress":24}
[2025-11-03 22:26:15.624] [info]  Splash.onStateUpdate: {"status":"installing-updates","current":3,"total":6,"progress":24}
[2025-11-03 22:26:15.624] [info]  DiscordSplash.onStateUpdate: {"status":"installing-updates","current":3,"total":6,"progress":24}
[2025-11-03 22:26:15.625] [info]  Splash.onStateUpdate: {"status":"installing-updates","current":3,"total":6,"progress":24}
[2025-11-03 22:26:15.625] [info]  DiscordSplash.onStateUpdate: {"status":"installing-updates","current":3,"total":6,"progress":24}
[2025-11-03 22:26:15.625] [info]  Splash.onStateUpdate: {"status":"installing-updates","current":3,"total":6,"progress":24}
[2025-11-03 22:26:15.626] [info]  DiscordSplash.onStateUpdate: {"status":"installing-updates","current":3,"total":6,"progress":25}
[2025-11-03 22:26:15.626] [info]  Splash.onStateUpdate: {"status":"installing-updates","current":3,"total":6,"progress":25}
[2025-11-03 22:26:15.627] [info]  DiscordSplash.onStateUpdate: {"status":"installing-updates","current":3,"total":6,"progress":25}
[2025-11-03 22:26:15.627] [info]  Splash.onStateUpdate: {"status":"installing-updates","current":3,"total":6,"progress":25}
[2025-11-03 22:26:15.627] [info]  DiscordSplash.onStateUpdate: {"status":"installing-updates","current":3,"total":6,"progress":25}
[2025-11-03 22:26:15.627] [info]  Splash.onStateUpdate: {"status":"installing-updates","current":3,"total":6,"progress":25}
[2025-11-03 22:26:15.628] [info]  DiscordSplash.onStateUpdate: {"status":"installing-updates","current":3,"total":6,"progress":25}
[2025-11-03 22:26:15.628] [info]  Splash.onStateUpdate: {"status":"installing-updates","current":3,"total":6,"progress":25}
[2025-11-03 22:26:15.629] [info]  DiscordSplash.onStateUpdate: {"status":"installing-updates","current":3,"total":6,"progress":25}
[2025-11-03 22:26:15.629] [info]  Splash.onStateUpdate: {"status":"installing-updates","current":3,"total":6,"progress":25}
[2025-11-03 22:26:15.629] [info]  DiscordSplash.onStateUpdate: {"status":"installing-updates","current":3,"total":6,"progress":25}
[2025-11-03 22:26:15.629] [info]  Splash.onStateUpdate: {"status":"installing-updates","current":3,"total":6,"progress":25}
[2025-11-03 22:26:15.631] [info]  DiscordSplash.onStateUpdate: {"status":"installing-updates","current":3,"total":6,"progress":26}
[2025-11-03 22:26:15.631] [info]  Splash.onStateUpdate: {"status":"installing-updates","current":3,"total":6,"progress":26}
[2025-11-03 22:26:15.632] [info]  DiscordSplash.onStateUpdate: {"status":"installing-updates","current":3,"total":6,"progress":26}
[2025-11-03 22:26:15.632] [info]  Splash.onStateUpdate: {"status":"installing-updates","current":3,"total":6,"progress":26}
[2025-11-03 22:26:15.632] [info]  DiscordSplash.onStateUpdate: {"status":"installing-updates","current":3,"total":6,"progress":26}
[2025-11-03 22:26:15.632] [info]  Splash.onStateUpdate: {"status":"installing-updates","current":3,"total":6,"progress":26}
[2025-11-03 22:26:15.633] [info]  DiscordSplash.onStateUpdate: {"status":"installing-updates","current":3,"total":6,"progress":26}
[2025-11-03 22:26:15.633] [info]  Splash.onStateUpdate: {"status":"installing-updates","current":3,"total":6,"progress":26}
[2025-11-03 22:26:15.634] [info]  DiscordSplash.onStateUpdate: {"status":"installing-updates","current":3,"total":6,"progress":26}
[2025-11-03 22:26:15.634] [info]  Splash.onStateUpdate: {"status":"installing-updates","current":3,"total":6,"progress":26}
[2025-11-03 22:26:15.634] [info]  DiscordSplash.onStateUpdate: {"status":"installing-updates","current":3,"total":6,"progress":26}
[2025-11-03 22:26:15.634] [info]  Splash.onStateUpdate: {"status":"installing-updates","current":3,"total":6,"progress":26}
[2025-11-03 22:26:15.635] [info]  DiscordSplash.onStateUpdate: {"status":"installing-updates","current":3,"total":6,"progress":27}
[2025-11-03 22:26:15.635] [info]  Splash.onStateUpdate: {"status":"installing-updates","current":3,"total":6,"progress":27}
[2025-11-03 22:26:15.636] [info]  DiscordSplash.onStateUpdate: {"status":"installing-updates","current":3,"total":6,"progress":27}
[2025-11-03 22:26:15.636] [info]  Splash.onStateUpdate: {"status":"installing-updates","current":3,"total":6,"progress":27}
[2025-11-03 22:26:15.636] [info]  DiscordSplash.onStateUpdate: {"status":"installing-updates","current":3,"total":6,"progress":27}
[2025-11-03 22:26:15.636] [info]  Splash.onStateUpdate: {"status":"installing-updates","current":3,"total":6,"progress":27}
[2025-11-03 22:26:15.637] [info]  DiscordSplash.onStateUpdate: {"status":"installing-updates","current":3,"total":6,"progress":27}
[2025-11-03 22:26:15.637] [info]  Splash.onStateUpdate: {"status":"installing-updates","current":3,"total":6,"progress":27}
[2025-11-03 22:26:15.637] [info]  DiscordSplash.onStateUpdate: {"status":"installing-updates","current":3,"total":6,"progress":27}
[2025-11-03 22:26:15.637] [info]  Splash.onStateUpdate: {"status":"installing-updates","current":3,"total":6,"progress":27}
[2025-11-03 22:26:15.638] [info]  DiscordSplash.onStateUpdate: {"status":"installing-updates","current":3,"total":6,"progress":27}
[2025-11-03 22:26:15.638] [info]  Splash.onStateUpdate: {"status":"installing-updates","current":3,"total":6,"progress":27}
[2025-11-03 22:26:15.639] [info]  DiscordSplash.onStateUpdate: {"status":"installing-updates","current":3,"total":6,"progress":28}
[2025-11-03 22:26:15.639] [info]  Splash.onStateUpdate: {"status":"installing-updates","current":3,"total":6,"progress":28}
[2025-11-03 22:26:15.639] [info]  DiscordSplash.onStateUpdate: {"status":"installing-updates","current":3,"total":6,"progress":28}
[2025-11-03 22:26:15.639] [info]  Splash.onStateUpdate: {"status":"installing-updates","current":3,"total":6,"progress":28}
[2025-11-03 22:26:15.640] [info]  DiscordSplash.onStateUpdate: {"status":"installing-updates","current":3,"total":6,"progress":28}
[2025-11-03 22:26:15.640] [info]  Splash.onStateUpdate: {"status":"installing-updates","current":3,"total":6,"progress":28}
[2025-11-03 22:26:15.641] [info]  DiscordSplash.onStateUpdate: {"status":"installing-updates","current":3,"total":6,"progress":28}
[2025-11-03 22:26:15.641] [info]  Splash.onStateUpdate: {"status":"installing-updates","current":3,"total":6,"progress":28}
[2025-11-03 22:26:15.642] [info]  DiscordSplash.onStateUpdate: {"status":"installing-updates","current":3,"total":6,"progress":28}
[2025-11-03 22:26:15.642] [info]  Splash.onStateUpdate: {"status":"installing-updates","current":3,"total":6,"progress":28}
[2025-11-03 22:26:15.643] [info]  DiscordSplash.onStateUpdate: {"status":"installing-updates","current":3,"total":6,"progress":28}
[2025-11-03 22:26:15.643] [info]  Splash.onStateUpdate: {"status":"installing-updates","current":3,"total":6,"progress":28}
[2025-11-03 22:26:15.643] [info]  DiscordSplash.onStateUpdate: {"status":"installing-updates","current":3,"total":6,"progress":29}
[2025-11-03 22:26:15.643] [info]  Splash.onStateUpdate: {"status":"installing-updates","current":3,"total":6,"progress":29}
[2025-11-03 22:26:15.644] [info]  DiscordSplash.onStateUpdate: {"status":"installing-updates","current":3,"total":6,"progress":29}
[2025-11-03 22:26:15.644] [info]  Splash.onStateUpdate: {"status":"installing-updates","current":3,"total":6,"progress":29}
[2025-11-03 22:26:15.644] [info]  DiscordSplash.onStateUpdate: {"status":"installing-updates","current":3,"total":6,"progress":29}
[2025-11-03 22:26:15.644] [info]  Splash.onStateUpdate: {"status":"installing-updates","current":3,"total":6,"progress":29}
[2025-11-03 22:26:15.645] [info]  DiscordSplash.onStateUpdate: {"status":"installing-updates","current":3,"total":6,"progress":29}
[2025-11-03 22:26:15.645] [info]  Splash.onStateUpdate: {"status":"installing-updates","current":3,"total":6,"progress":29}
[2025-11-03 22:26:15.646] [info]  DiscordSplash.onStateUpdate: {"status":"installing-updates","current":3,"total":6,"progress":29}
[2025-11-03 22:26:15.646] [info]  Splash.onStateUpdate: {"status":"installing-updates","current":3,"total":6,"progress":29}
[2025-11-03 22:26:15.646] [info]  DiscordSplash.onStateUpdate: {"status":"installing-updates","current":3,"total":6,"progress":29}
[2025-11-03 22:26:15.646] [info]  Splash.onStateUpdate: {"status":"installing-updates","current":3,"total":6,"progress":29}
[2025-11-03 22:26:15.647] [info]  DiscordSplash.onStateUpdate: {"status":"installing-updates","current":3,"total":6,"progress":29}
[2025-11-03 22:26:15.647] [info]  Splash.onStateUpdate: {"status":"installing-updates","current":3,"total":6,"progress":29}
[2025-11-03 22:26:15.647] [info]  DiscordSplash.onStateUpdate: {"status":"installing-updates","current":3,"total":6,"progress":30}
[2025-11-03 22:26:15.648] [info]  Splash.onStateUpdate: {"status":"installing-updates","current":3,"total":6,"progress":30}
[2025-11-03 22:26:15.648] [info]  DiscordSplash.onStateUpdate: {"status":"installing-updates","current":3,"total":6,"progress":30}
[2025-11-03 22:26:15.648] [info]  Splash.onStateUpdate: {"status":"installing-updates","current":3,"total":6,"progress":30}
[2025-11-03 22:26:15.649] [info]  DiscordSplash.onStateUpdate: {"status":"installing-updates","current":3,"total":6,"progress":30}
[2025-11-03 22:26:15.649] [info]  Splash.onStateUpdate: {"status":"installing-updates","current":3,"total":6,"progress":30}
[2025-11-03 22:26:15.649] [info]  DiscordSplash.onStateUpdate: {"status":"installing-updates","current":3,"total":6,"progress":30}
[2025-11-03 22:26:15.649] [info]  Splash.onStateUpdate: {"status":"installing-updates","current":3,"total":6,"progress":30}
[2025-11-03 22:26:15.650] [info]  DiscordSplash.onStateUpdate: {"status":"installing-updates","current":3,"total":6,"progress":30}
[2025-11-03 22:26:15.650] [info]  Splash.onStateUpdate: {"status":"installing-updates","current":3,"total":6,"progress":30}
[2025-11-03 22:26:15.650] [info]  DiscordSplash.onStateUpdate: {"status":"installing-updates","current":3,"total":6,"progress":30}
[2025-11-03 22:26:15.651] [info]  Splash.onStateUpdate: {"status":"installing-updates","current":3,"total":6,"progress":30}
[2025-11-03 22:26:15.651] [info]  DiscordSplash.onStateUpdate: {"status":"installing-updates","current":3,"total":6,"progress":31}
[2025-11-03 22:26:15.651] [info]  Splash.onStateUpdate: {"status":"installing-updates","current":3,"total":6,"progress":31}
[2025-11-03 22:26:15.652] [info]  DiscordSplash.onStateUpdate: {"status":"installing-updates","current":3,"total":6,"progress":31}
[2025-11-03 22:26:15.652] [info]  Splash.onStateUpdate: {"status":"installing-updates","current":3,"total":6,"progress":31}
[2025-11-03 22:26:15.652] [info]  DiscordSplash.onStateUpdate: {"status":"installing-updates","current":3,"total":6,"progress":31}
[2025-11-03 22:26:15.652] [info]  Splash.onStateUpdate: {"status":"installing-updates","current":3,"total":6,"progress":31}
[2025-11-03 22:26:15.653] [info]  DiscordSplash.onStateUpdate: {"status":"installing-updates","current":3,"total":6,"progress":31}
[2025-11-03 22:26:15.653] [info]  Splash.onStateUpdate: {"status":"installing-updates","current":3,"total":6,"progress":31}
[2025-11-03 22:26:15.653] [info]  DiscordSplash.onStateUpdate: {"status":"installing-updates","current":3,"total":6,"progress":31}
[2025-11-03 22:26:15.654] [info]  Splash.onStateUpdate: {"status":"installing-updates","current":3,"total":6,"progress":31}
[2025-11-03 22:26:15.654] [info]  DiscordSplash.onStateUpdate: {"status":"installing-updates","current":3,"total":6,"progress":31}
[2025-11-03 22:26:15.654] [info]  Splash.onStateUpdate: {"status":"installing-updates","current":3,"total":6,"progress":31}
[2025-11-03 22:26:15.655] [info]  DiscordSplash.onStateUpdate: {"status":"installing-updates","current":3,"total":6,"progress":32}
[2025-11-03 22:26:15.655] [info]  Splash.onStateUpdate: {"status":"installing-updates","current":3,"total":6,"progress":32}
[2025-11-03 22:26:15.655] [info]  DiscordSplash.onStateUpdate: {"status":"installing-updates","current":3,"total":6,"progress":32}
[2025-11-03 22:26:15.655] [info]  Splash.onStateUpdate: {"status":"installing-updates","current":3,"total":6,"progress":32}
[2025-11-03 22:26:15.656] [info]  DiscordSplash.onStateUpdate: {"status":"installing-updates","current":3,"total":6,"progress":32}
[2025-11-03 22:26:15.656] [info]  Splash.onStateUpdate: {"status":"installing-updates","current":3,"total":6,"progress":32}
[2025-11-03 22:26:15.657] [info]  DiscordSplash.onStateUpdate: {"status":"installing-updates","current":3,"total":6,"progress":32}
[2025-11-03 22:26:15.657] [info]  Splash.onStateUpdate: {"status":"installing-updates","current":3,"total":6,"progress":32}
[2025-11-03 22:26:15.657] [info]  DiscordSplash.onStateUpdate: {"status":"installing-updates","current":3,"total":6,"progress":32}
[2025-11-03 22:26:15.657] [info]  Splash.onStateUpdate: {"status":"installing-updates","current":3,"total":6,"progress":32}
[2025-11-03 22:26:15.658] [info]  DiscordSplash.onStateUpdate: {"status":"installing-updates","current":3,"total":6,"progress":32}
[2025-11-03 22:26:15.658] [info]  Splash.onStateUpdate: {"status":"installing-updates","current":3,"total":6,"progress":32}
[2025-11-03 22:26:15.659] [info]  DiscordSplash.onStateUpdate: {"status":"installing-updates","current":3,"total":6,"progress":33}
[2025-11-03 22:26:15.659] [info]  Splash.onStateUpdate: {"status":"installing-updates","current":3,"total":6,"progress":33}
[2025-11-03 22:26:15.660] [info]  DiscordSplash.onStateUpdate: {"status":"installing-updates","current":3,"total":6,"progress":33}
[2025-11-03 22:26:15.660] [info]  Splash.onStateUpdate: {"status":"installing-updates","current":3,"total":6,"progress":33}
[2025-11-03 22:26:15.660] [info]  DiscordSplash.onStateUpdate: {"status":"installing-updates","current":3,"total":6,"progress":33}
[2025-11-03 22:26:15.660] [info]  Splash.onStateUpdate: {"status":"installing-updates","current":3,"total":6,"progress":33}
[2025-11-03 22:26:15.661] [info]  DiscordSplash.onStateUpdate: {"status":"installing-updates","current":3,"total":6,"progress":33}
[2025-11-03 22:26:15.661] [info]  Splash.onStateUpdate: {"status":"installing-updates","current":3,"total":6,"progress":33}
[2025-11-03 22:26:15.662] [info]  DiscordSplash.onStateUpdate: {"status":"installing-updates","current":3,"total":6,"progress":33}
[2025-11-03 22:26:15.662] [info]  Splash.onStateUpdate: {"status":"installing-updates","current":3,"total":6,"progress":33}
[2025-11-03 22:26:15.662] [info]  DiscordSplash.onStateUpdate: {"status":"installing-updates","current":3,"total":6,"progress":33}
[2025-11-03 22:26:15.662] [info]  Splash.onStateUpdate: {"status":"installing-updates","current":3,"total":6,"progress":33}
[2025-11-03 22:26:15.663] [info]  DiscordSplash.onStateUpdate: {"status":"installing-updates","current":3,"total":6,"progress":34}
[2025-11-03 22:26:15.663] [info]  Splash.onStateUpdate: {"status":"installing-updates","current":3,"total":6,"progress":34}
[2025-11-03 22:26:15.664] [info]  DiscordSplash.onStateUpdate: {"status":"installing-updates","current":3,"total":6,"progress":34}
[2025-11-03 22:26:15.664] [info]  Splash.onStateUpdate: {"status":"installing-updates","current":3,"total":6,"progress":34}
[2025-11-03 22:26:15.664] [info]  DiscordSplash.onStateUpdate: {"status":"installing-updates","current":3,"total":6,"progress":34}
[2025-11-03 22:26:15.664] [info]  Splash.onStateUpdate: {"status":"installing-updates","current":3,"total":6,"progress":34}
[2025-11-03 22:26:15.665] [info]  DiscordSplash.onStateUpdate: {"status":"installing-updates","current":3,"total":6,"progress":34}
[2025-11-03 22:26:15.665] [info]  Splash.onStateUpdate: {"status":"installing-updates","current":3,"total":6,"progress":34}
[2025-11-03 22:26:15.666] [info]  DiscordSplash.onStateUpdate: {"status":"installing-updates","current":3,"total":6,"progress":34}
[2025-11-03 22:26:15.666] [info]  Splash.onStateUpdate: {"status":"installing-updates","current":3,"total":6,"progress":34}
[2025-11-03 22:26:15.667] [info]  DiscordSplash.onStateUpdate: {"status":"installing-updates","current":3,"total":6,"progress":34}
[2025-11-03 22:26:15.667] [info]  Splash.onStateUpdate: {"status":"installing-updates","current":3,"total":6,"progress":34}
[2025-11-03 22:26:15.667] [info]  DiscordSplash.onStateUpdate: {"status":"installing-updates","current":3,"total":6,"progress":35}
[2025-11-03 22:26:15.667] [info]  Splash.onStateUpdate: {"status":"installing-updates","current":3,"total":6,"progress":35}
[2025-11-03 22:26:15.668] [info]  DiscordSplash.onStateUpdate: {"status":"installing-updates","current":3,"total":6,"progress":35}
[2025-11-03 22:26:15.668] [info]  Splash.onStateUpdate: {"status":"installing-updates","current":3,"total":6,"progress":35}
[2025-11-03 22:26:15.668] [info]  DiscordSplash.onStateUpdate: {"status":"installing-updates","current":3,"total":6,"progress":35}
[2025-11-03 22:26:15.668] [info]  Splash.onStateUpdate: {"status":"installing-updates","current":3,"total":6,"progress":35}
[2025-11-03 22:26:15.669] [info]  DiscordSplash.onStateUpdate: {"status":"installing-updates","current":3,"total":6,"progress":35}
[2025-11-03 22:26:15.669] [info]  Splash.onStateUpdate: {"status":"installing-updates","current":3,"total":6,"progress":35}
[2025-11-03 22:26:15.670] [info]  DiscordSplash.onStateUpdate: {"status":"installing-updates","current":3,"total":6,"progress":35}
[2025-11-03 22:26:15.670] [info]  Splash.onStateUpdate: {"status":"installing-updates","current":3,"total":6,"progress":35}
[2025-11-03 22:26:15.670] [info]  DiscordSplash.onStateUpdate: {"status":"installing-updates","current":3,"total":6,"progress":35}
[2025-11-03 22:26:15.670] [info]  Splash.onStateUpdate: {"status":"installing-updates","current":3,"total":6,"progress":35}
[2025-11-03 22:26:15.671] [info]  DiscordSplash.onStateUpdate: {"status":"installing-updates","current":3,"total":6,"progress":35}
[2025-11-03 22:26:15.671] [info]  Splash.onStateUpdate: {"status":"installing-updates","current":3,"total":6,"progress":35}
[2025-11-03 22:26:15.672] [info]  DiscordSplash.onStateUpdate: {"status":"installing-updates","current":3,"total":6,"progress":36}
[2025-11-03 22:26:15.672] [info]  Splash.onStateUpdate: {"status":"installing-updates","current":3,"total":6,"progress":36}
[2025-11-03 22:26:15.672] [info]  DiscordSplash.onStateUpdate: {"status":"installing-updates","current":3,"total":6,"progress":36}
[2025-11-03 22:26:15.672] [info]  Splash.onStateUpdate: {"status":"installing-updates","current":3,"total":6,"progress":36}
[2025-11-03 22:26:15.673] [info]  DiscordSplash.onStateUpdate: {"status":"installing-updates","current":3,"total":6,"progress":36}
[2025-11-03 22:26:15.673] [info]  Splash.onStateUpdate: {"status":"installing-updates","current":3,"total":6,"progress":36}
[2025-11-03 22:26:15.674] [info]  DiscordSplash.onStateUpdate: {"status":"installing-updates","current":3,"total":6,"progress":36}
[2025-11-03 22:26:15.674] [info]  Splash.onStateUpdate: {"status":"installing-updates","current":3,"total":6,"progress":36}
[2025-11-03 22:26:15.674] [info]  DiscordSplash.onStateUpdate: {"status":"installing-updates","current":3,"total":6,"progress":36}
[2025-11-03 22:26:15.674] [info]  Splash.onStateUpdate: {"status":"installing-updates","current":3,"total":6,"progress":36}
[2025-11-03 22:26:15.675] [info]  DiscordSplash.onStateUpdate: {"status":"installing-updates","current":3,"total":6,"progress":36}
[2025-11-03 22:26:15.675] [info]  Splash.onStateUpdate: {"status":"installing-updates","current":3,"total":6,"progress":36}
[2025-11-03 22:26:15.676] [info]  DiscordSplash.onStateUpdate: {"status":"installing-updates","current":3,"total":6,"progress":37}
[2025-11-03 22:26:15.676] [info]  Splash.onStateUpdate: {"status":"installing-updates","current":3,"total":6,"progress":37}
[2025-11-03 22:26:15.676] [info]  DiscordSplash.onStateUpdate: {"status":"installing-updates","current":3,"total":6,"progress":37}
[2025-11-03 22:26:15.676] [info]  Splash.onStateUpdate: {"status":"installing-updates","current":3,"total":6,"progress":37}
[2025-11-03 22:26:15.677] [info]  DiscordSplash.onStateUpdate: {"status":"installing-updates","current":3,"total":6,"progress":37}
[2025-11-03 22:26:15.677] [info]  Splash.onStateUpdate: {"status":"installing-updates","current":3,"total":6,"progress":37}
[2025-11-03 22:26:15.678] [info]  DiscordSplash.onStateUpdate: {"status":"installing-updates","current":3,"total":6,"progress":37}
[2025-11-03 22:26:15.678] [info]  Splash.onStateUpdate: {"status":"installing-updates","current":3,"total":6,"progress":37}
[2025-11-03 22:26:15.678] [info]  DiscordSplash.onStateUpdate: {"status":"installing-updates","current":3,"total":6,"progress":37}
[2025-11-03 22:26:15.679] [info]  Splash.onStateUpdate: {"status":"installing-updates","current":3,"total":6,"progress":37}
[2025-11-03 22:26:15.679] [info]  DiscordSplash.onStateUpdate: {"status":"installing-updates","current":3,"total":6,"progress":37}
[2025-11-03 22:26:15.679] [info]  Splash.onStateUpdate: {"status":"installing-updates","current":3,"total":6,"progress":37}
[2025-11-03 22:26:15.680] [info]  DiscordSplash.onStateUpdate: {"status":"installing-updates","current":3,"total":6,"progress":38}
[2025-11-03 22:26:15.680] [info]  Splash.onStateUpdate: {"status":"installing-updates","current":3,"total":6,"progress":38}
[2025-11-03 22:26:15.680] [info]  DiscordSplash.onStateUpdate: {"status":"installing-updates","current":3,"total":6,"progress":38}
[2025-11-03 22:26:15.681] [info]  Splash.onStateUpdate: {"status":"installing-updates","current":3,"total":6,"progress":38}
[2025-11-03 22:26:15.681] [info]  DiscordSplash.onStateUpdate: {"status":"installing-updates","current":3,"total":6,"progress":38}
[2025-11-03 22:26:15.681] [info]  Splash.onStateUpdate: {"status":"installing-updates","current":3,"total":6,"progress":38}
[2025-11-03 22:26:15.682] [info]  DiscordSplash.onStateUpdate: {"status":"installing-updates","current":3,"total":6,"progress":38}
[2025-11-03 22:26:15.682] [info]  Splash.onStateUpdate: {"status":"installing-updates","current":3,"total":6,"progress":38}
[2025-11-03 22:26:15.682] [info]  DiscordSplash.onStateUpdate: {"status":"installing-updates","current":3,"total":6,"progress":38}
[2025-11-03 22:26:15.683] [info]  Splash.onStateUpdate: {"status":"installing-updates","current":3,"total":6,"progress":38}
[2025-11-03 22:26:15.683] [info]  DiscordSplash.onStateUpdate: {"status":"installing-updates","current":3,"total":6,"progress":38}
[2025-11-03 22:26:15.683] [info]  Splash.onStateUpdate: {"status":"installing-updates","current":3,"total":6,"progress":38}
[2025-11-03 22:26:15.684] [info]  DiscordSplash.onStateUpdate: {"status":"installing-updates","current":3,"total":6,"progress":39}
[2025-11-03 22:26:15.684] [info]  Splash.onStateUpdate: {"status":"installing-updates","current":3,"total":6,"progress":39}
[2025-11-03 22:26:15.684] [info]  DiscordSplash.onStateUpdate: {"status":"installing-updates","current":3,"total":6,"progress":39}
[2025-11-03 22:26:15.685] [info]  Splash.onStateUpdate: {"status":"installing-updates","current":3,"total":6,"progress":39}
[2025-11-03 22:26:15.685] [info]  DiscordSplash.onStateUpdate: {"status":"installing-updates","current":3,"total":6,"progress":39}
[2025-11-03 22:26:15.685] [info]  Splash.onStateUpdate: {"status":"installing-updates","current":3,"total":6,"progress":39}
[2025-11-03 22:26:15.686] [info]  DiscordSplash.onStateUpdate: {"status":"installing-updates","current":3,"total":6,"progress":39}
[2025-11-03 22:26:15.686] [info]  Splash.onStateUpdate: {"status":"installing-updates","current":3,"total":6,"progress":39}
[2025-11-03 22:26:15.687] [info]  DiscordSplash.onStateUpdate: {"status":"installing-updates","current":3,"total":6,"progress":39}
[2025-11-03 22:26:15.688] [info]  Splash.onStateUpdate: {"status":"installing-updates","current":3,"total":6,"progress":39}
[2025-11-03 22:26:15.689] [info]  DiscordSplash.onStateUpdate: {"status":"installing-updates","current":3,"total":6,"progress":39}
[2025-11-03 22:26:15.689] [info]  Splash.onStateUpdate: {"status":"installing-updates","current":3,"total":6,"progress":39}
[2025-11-03 22:26:15.689] [info]  DiscordSplash.onStateUpdate: {"status":"installing-updates","current":3,"total":6,"progress":40}
[2025-11-03 22:26:15.689] [info]  Splash.onStateUpdate: {"status":"installing-updates","current":3,"total":6,"progress":40}
[2025-11-03 22:26:15.690] [info]  DiscordSplash.onStateUpdate: {"status":"installing-updates","current":3,"total":6,"progress":40}
[2025-11-03 22:26:15.690] [info]  Splash.onStateUpdate: {"status":"installing-updates","current":3,"total":6,"progress":40}
[2025-11-03 22:26:15.691] [info]  DiscordSplash.onStateUpdate: {"status":"installing-updates","current":3,"total":6,"progress":40}
[2025-11-03 22:26:15.691] [info]  Splash.onStateUpdate: {"status":"installing-updates","current":3,"total":6,"progress":40}
[2025-11-03 22:26:15.691] [info]  DiscordSplash.onStateUpdate: {"status":"installing-updates","current":3,"total":6,"progress":40}
[2025-11-03 22:26:15.692] [info]  Splash.onStateUpdate: {"status":"installing-updates","current":3,"total":6,"progress":40}
[2025-11-03 22:26:15.692] [info]  DiscordSplash.onStateUpdate: {"status":"installing-updates","current":3,"total":6,"progress":40}
[2025-11-03 22:26:15.692] [info]  Splash.onStateUpdate: {"status":"installing-updates","current":3,"total":6,"progress":40}
[2025-11-03 22:26:15.693] [info]  DiscordSplash.onStateUpdate: {"status":"installing-updates","current":3,"total":6,"progress":40}
[2025-11-03 22:26:15.693] [info]  Splash.onStateUpdate: {"status":"installing-updates","current":3,"total":6,"progress":40}
[2025-11-03 22:26:15.694] [info]  DiscordSplash.onStateUpdate: {"status":"installing-updates","current":3,"total":6,"progress":41}
[2025-11-03 22:26:15.694] [info]  Splash.onStateUpdate: {"status":"installing-updates","current":3,"total":6,"progress":41}
[2025-11-03 22:26:15.694] [info]  DiscordSplash.onStateUpdate: {"status":"installing-updates","current":3,"total":6,"progress":41}
[2025-11-03 22:26:15.694] [info]  Splash.onStateUpdate: {"status":"installing-updates","current":3,"total":6,"progress":41}
[2025-11-03 22:26:15.695] [info]  DiscordSplash.onStateUpdate: {"status":"installing-updates","current":3,"total":6,"progress":41}
[2025-11-03 22:26:15.695] [info]  Splash.onStateUpdate: {"status":"installing-updates","current":3,"total":6,"progress":41}
[2025-11-03 22:26:15.696] [info]  DiscordSplash.onStateUpdate: {"status":"installing-updates","current":3,"total":6,"progress":41}
[2025-11-03 22:26:15.696] [info]  Splash.onStateUpdate: {"status":"installing-updates","current":3,"total":6,"progress":41}
[2025-11-03 22:26:15.696] [info]  DiscordSplash.onStateUpdate: {"status":"installing-updates","current":3,"total":6,"progress":41}
[2025-11-03 22:26:15.696] [info]  Splash.onStateUpdate: {"status":"installing-updates","current":3,"total":6,"progress":41}
[2025-11-03 22:26:15.697] [info]  DiscordSplash.onStateUpdate: {"status":"installing-updates","current":3,"total":6,"progress":41}
[2025-11-03 22:26:15.697] [info]  Splash.onStateUpdate: {"status":"installing-updates","current":3,"total":6,"progress":41}
[2025-11-03 22:26:15.697] [info]  DiscordSplash.onStateUpdate: {"status":"installing-updates","current":3,"total":6,"progress":41}
[2025-11-03 22:26:15.698] [info]  Splash.onStateUpdate: {"status":"installing-updates","current":3,"total":6,"progress":41}
[2025-11-03 22:26:15.698] [info]  DiscordSplash.onStateUpdate: {"status":"installing-updates","current":3,"total":6,"progress":42}
[2025-11-03 22:26:15.698] [info]  Splash.onStateUpdate: {"status":"installing-updates","current":3,"total":6,"progress":42}
[2025-11-03 22:26:15.699] [info]  DiscordSplash.onStateUpdate: {"status":"installing-updates","current":3,"total":6,"progress":42}
[2025-11-03 22:26:15.699] [info]  Splash.onStateUpdate: {"status":"installing-updates","current":3,"total":6,"progress":42}
[2025-11-03 22:26:15.699] [info]  DiscordSplash.onStateUpdate: {"status":"installing-updates","current":3,"total":6,"progress":42}
[2025-11-03 22:26:15.699] [info]  Splash.onStateUpdate: {"status":"installing-updates","current":3,"total":6,"progress":42}
[2025-11-03 22:26:15.700] [info]  DiscordSplash.onStateUpdate: {"status":"installing-updates","current":3,"total":6,"progress":42}
[2025-11-03 22:26:15.700] [info]  Splash.onStateUpdate: {"status":"installing-updates","current":3,"total":6,"progress":42}
[2025-11-03 22:26:15.700] [info]  DiscordSplash.onStateUpdate: {"status":"installing-updates","current":3,"total":6,"progress":42}
[2025-11-03 22:26:15.701] [info]  Splash.onStateUpdate: {"status":"installing-updates","current":3,"total":6,"progress":42}
[2025-11-03 22:26:15.701] [info]  DiscordSplash.onStateUpdate: {"status":"installing-updates","current":3,"total":6,"progress":42}
[2025-11-03 22:26:15.701] [info]  Splash.onStateUpdate: {"status":"installing-updates","current":3,"total":6,"progress":42}
[2025-11-03 22:26:15.702] [info]  DiscordSplash.onStateUpdate: {"status":"installing-updates","current":3,"total":6,"progress":43}
[2025-11-03 22:26:15.702] [info]  Splash.onStateUpdate: {"status":"installing-updates","current":3,"total":6,"progress":43}
[2025-11-03 22:26:15.702] [info]  DiscordSplash.onStateUpdate: {"status":"installing-updates","current":3,"total":6,"progress":43}
[2025-11-03 22:26:15.703] [info]  Splash.onStateUpdate: {"status":"installing-updates","current":3,"total":6,"progress":43}
[2025-11-03 22:26:15.703] [info]  DiscordSplash.onStateUpdate: {"status":"installing-updates","current":3,"total":6,"progress":43}
[2025-11-03 22:26:15.703] [info]  Splash.onStateUpdate: {"status":"installing-updates","current":3,"total":6,"progress":43}
[2025-11-03 22:26:15.704] [info]  DiscordSplash.onStateUpdate: {"status":"installing-updates","current":3,"total":6,"progress":43}
[2025-11-03 22:26:15.704] [info]  Splash.onStateUpdate: {"status":"installing-updates","current":3,"total":6,"progress":43}
[2025-11-03 22:26:15.704] [info]  DiscordSplash.onStateUpdate: {"status":"installing-updates","current":3,"total":6,"progress":43}
[2025-11-03 22:26:15.704] [info]  Splash.onStateUpdate: {"status":"installing-updates","current":3,"total":6,"progress":43}
[2025-11-03 22:26:15.705] [info]  DiscordSplash.onStateUpdate: {"status":"installing-updates","current":3,"total":6,"progress":43}
[2025-11-03 22:26:15.705] [info]  Splash.onStateUpdate: {"status":"installing-updates","current":3,"total":6,"progress":43}
[2025-11-03 22:26:15.706] [info]  DiscordSplash.onStateUpdate: {"status":"installing-updates","current":3,"total":6,"progress":44}
[2025-11-03 22:26:15.706] [info]  Splash.onStateUpdate: {"status":"installing-updates","current":3,"total":6,"progress":44}
[2025-11-03 22:26:15.706] [info]  DiscordSplash.onStateUpdate: {"status":"installing-updates","current":3,"total":6,"progress":44}
[2025-11-03 22:26:15.706] [info]  Splash.onStateUpdate: {"status":"installing-updates","current":3,"total":6,"progress":44}
[2025-11-03 22:26:15.707] [info]  DiscordSplash.onStateUpdate: {"status":"installing-updates","current":3,"total":6,"progress":44}
[2025-11-03 22:26:15.707] [info]  Splash.onStateUpdate: {"status":"installing-updates","current":3,"total":6,"progress":44}
[2025-11-03 22:26:15.708] [info]  DiscordSplash.onStateUpdate: {"status":"installing-updates","current":3,"total":6,"progress":44}
[2025-11-03 22:26:15.708] [info]  Splash.onStateUpdate: {"status":"installing-updates","current":3,"total":6,"progress":44}
[2025-11-03 22:26:15.708] [info]  DiscordSplash.onStateUpdate: {"status":"installing-updates","current":3,"total":6,"progress":44}
[2025-11-03 22:26:15.708] [info]  Splash.onStateUpdate: {"status":"installing-updates","current":3,"total":6,"progress":44}
[2025-11-03 22:26:15.709] [info]  DiscordSplash.onStateUpdate: {"status":"installing-updates","current":3,"total":6,"progress":44}
[2025-11-03 22:26:15.709] [info]  Splash.onStateUpdate: {"status":"installing-updates","current":3,"total":6,"progress":44}
[2025-11-03 22:26:15.710] [info]  DiscordSplash.onStateUpdate: {"status":"installing-updates","current":3,"total":6,"progress":45}
[2025-11-03 22:26:15.710] [info]  Splash.onStateUpdate: {"status":"installing-updates","current":3,"total":6,"progress":45}
[2025-11-03 22:26:15.710] [info]  DiscordSplash.onStateUpdate: {"status":"installing-updates","current":3,"total":6,"progress":45}
[2025-11-03 22:26:15.711] [info]  Splash.onStateUpdate: {"status":"installing-updates","current":3,"total":6,"progress":45}
[2025-11-03 22:26:15.711] [info]  DiscordSplash.onStateUpdate: {"status":"installing-updates","current":3,"total":6,"progress":45}
[2025-11-03 22:26:15.711] [info]  Splash.onStateUpdate: {"status":"installing-updates","current":3,"total":6,"progress":45}
[2025-11-03 22:26:15.712] [info]  DiscordSplash.onStateUpdate: {"status":"installing-updates","current":3,"total":6,"progress":45}
[2025-11-03 22:26:15.712] [info]  Splash.onStateUpdate: {"status":"installing-updates","current":3,"total":6,"progress":45}
[2025-11-03 22:26:15.713] [info]  DiscordSplash.onStateUpdate: {"status":"installing-updates","current":3,"total":6,"progress":45}
[2025-11-03 22:26:15.713] [info]  Splash.onStateUpdate: {"status":"installing-updates","current":3,"total":6,"progress":45}
[2025-11-03 22:26:15.713] [info]  DiscordSplash.onStateUpdate: {"status":"installing-updates","current":3,"total":6,"progress":45}
[2025-11-03 22:26:15.713] [info]  Splash.onStateUpdate: {"status":"installing-updates","current":3,"total":6,"progress":45}
[2025-11-03 22:26:15.714] [info]  DiscordSplash.onStateUpdate: {"status":"installing-updates","current":3,"total":6,"progress":46}
[2025-11-03 22:26:15.714] [info]  Splash.onStateUpdate: {"status":"installing-updates","current":3,"total":6,"progress":46}
[2025-11-03 22:26:15.715] [info]  DiscordSplash.onStateUpdate: {"status":"installing-updates","current":3,"total":6,"progress":46}
[2025-11-03 22:26:15.715] [info]  Splash.onStateUpdate: {"status":"installing-updates","current":3,"total":6,"progress":46}
[2025-11-03 22:26:15.715] [info]  DiscordSplash.onStateUpdate: {"status":"installing-updates","current":3,"total":6,"progress":46}
[2025-11-03 22:26:15.715] [info]  Splash.onStateUpdate: {"status":"installing-updates","current":3,"total":6,"progress":46}
[2025-11-03 22:26:15.716] [info]  DiscordSplash.onStateUpdate: {"status":"installing-updates","current":3,"total":6,"progress":46}
[2025-11-03 22:26:15.716] [info]  Splash.onStateUpdate: {"status":"installing-updates","current":3,"total":6,"progress":46}
[2025-11-03 22:26:15.717] [info]  DiscordSplash.onStateUpdate: {"status":"installing-updates","current":3,"total":6,"progress":46}
[2025-11-03 22:26:15.717] [info]  Splash.onStateUpdate: {"status":"installing-updates","current":3,"total":6,"progress":46}
[2025-11-03 22:26:15.717] [info]  DiscordSplash.onStateUpdate: {"status":"installing-updates","current":3,"total":6,"progress":46}
[2025-11-03 22:26:15.717] [info]  Splash.onStateUpdate: {"status":"installing-updates","current":3,"total":6,"progress":46}
[2025-11-03 22:26:15.718] [info]  DiscordSplash.onStateUpdate: {"status":"installing-updates","current":3,"total":6,"progress":47}
[2025-11-03 22:26:15.718] [info]  Splash.onStateUpdate: {"status":"installing-updates","current":3,"total":6,"progress":47}
[2025-11-03 22:26:15.719] [info]  DiscordSplash.onStateUpdate: {"status":"installing-updates","current":3,"total":6,"progress":47}
[2025-11-03 22:26:15.719] [info]  Splash.onStateUpdate: {"status":"installing-updates","current":3,"total":6,"progress":47}
[2025-11-03 22:26:15.719] [info]  DiscordSplash.onStateUpdate: {"status":"installing-updates","current":3,"total":6,"progress":47}
[2025-11-03 22:26:15.719] [info]  Splash.onStateUpdate: {"status":"installing-updates","current":3,"total":6,"progress":47}
[2025-11-03 22:26:15.720] [info]  DiscordSplash.onStateUpdate: {"status":"installing-updates","current":3,"total":6,"progress":47}
[2025-11-03 22:26:15.720] [info]  Splash.onStateUpdate: {"status":"installing-updates","current":3,"total":6,"progress":47}
[2025-11-03 22:26:15.721] [info]  DiscordSplash.onStateUpdate: {"status":"installing-updates","current":3,"total":6,"progress":47}
[2025-11-03 22:26:15.721] [info]  Splash.onStateUpdate: {"status":"installing-updates","current":3,"total":6,"progress":47}
[2025-11-03 22:26:15.721] [info]  DiscordSplash.onStateUpdate: {"status":"installing-updates","current":3,"total":6,"progress":47}
[2025-11-03 22:26:15.721] [info]  Splash.onStateUpdate: {"status":"installing-updates","current":3,"total":6,"progress":47}
[2025-11-03 22:26:15.722] [info]  DiscordSplash.onStateUpdate: {"status":"installing-updates","current":3,"total":6,"progress":47}
[2025-11-03 22:26:15.722] [info]  Splash.onStateUpdate: {"status":"installing-updates","current":3,"total":6,"progress":47}
[2025-11-03 22:26:15.723] [info]  DiscordSplash.onStateUpdate: {"status":"installing-updates","current":3,"total":6,"progress":48}
[2025-11-03 22:26:15.723] [info]  Splash.onStateUpdate: {"status":"installing-updates","current":3,"total":6,"progress":48}
[2025-11-03 22:26:15.723] [info]  DiscordSplash.onStateUpdate: {"status":"installing-updates","current":3,"total":6,"progress":48}
[2025-11-03 22:26:15.723] [info]  Splash.onStateUpdate: {"status":"installing-updates","current":3,"total":6,"progress":48}
[2025-11-03 22:26:15.724] [info]  DiscordSplash.onStateUpdate: {"status":"installing-updates","current":3,"total":6,"progress":48}
[2025-11-03 22:26:15.724] [info]  Splash.onStateUpdate: {"status":"installing-updates","current":3,"total":6,"progress":48}
[2025-11-03 22:26:15.725] [info]  DiscordSplash.onStateUpdate: {"status":"installing-updates","current":3,"total":6,"progress":48}
[2025-11-03 22:26:15.725] [info]  Splash.onStateUpdate: {"status":"installing-updates","current":3,"total":6,"progress":48}
[2025-11-03 22:26:15.726] [info]  DiscordSplash.onStateUpdate: {"status":"installing-updates","current":3,"total":6,"progress":48}
[2025-11-03 22:26:15.726] [info]  Splash.onStateUpdate: {"status":"installing-updates","current":3,"total":6,"progress":48}
[2025-11-03 22:26:15.726] [info]  DiscordSplash.onStateUpdate: {"status":"installing-updates","current":3,"total":6,"progress":48}
[2025-11-03 22:26:15.726] [info]  Splash.onStateUpdate: {"status":"installing-updates","current":3,"total":6,"progress":48}
[2025-11-03 22:26:15.727] [info]  DiscordSplash.onStateUpdate: {"status":"installing-updates","current":3,"total":6,"progress":49}
[2025-11-03 22:26:15.727] [info]  Splash.onStateUpdate: {"status":"installing-updates","current":3,"total":6,"progress":49}
[2025-11-03 22:26:15.728] [info]  DiscordSplash.onStateUpdate: {"status":"installing-updates","current":3,"total":6,"progress":49}
[2025-11-03 22:26:15.728] [info]  Splash.onStateUpdate: {"status":"installing-updates","current":3,"total":6,"progress":49}
[2025-11-03 22:26:15.728] [info]  DiscordSplash.onStateUpdate: {"status":"installing-updates","current":3,"total":6,"progress":49}
[2025-11-03 22:26:15.728] [info]  Splash.onStateUpdate: {"status":"installing-updates","current":3,"total":6,"progress":49}
[2025-11-03 22:26:15.729] [info]  DiscordSplash.onStateUpdate: {"status":"installing-updates","current":3,"total":6,"progress":49}
[2025-11-03 22:26:15.729] [info]  Splash.onStateUpdate: {"status":"installing-updates","current":3,"total":6,"progress":49}
[2025-11-03 22:26:15.730] [info]  DiscordSplash.onStateUpdate: {"status":"installing-updates","current":3,"total":6,"progress":49}
[2025-11-03 22:26:15.730] [info]  Splash.onStateUpdate: {"status":"installing-updates","current":3,"total":6,"progress":49}
[2025-11-03 22:26:15.730] [info]  DiscordSplash.onStateUpdate: {"status":"installing-updates","current":3,"total":6,"progress":49}
[2025-11-03 22:26:15.730] [info]  Splash.onStateUpdate: {"status":"installing-updates","current":3,"total":6,"progress":49}
[2025-11-03 22:26:15.731] [info]  DiscordSplash.onStateUpdate: {"status":"installing-updates","current":3,"total":6,"progress":50}
[2025-11-03 22:26:15.731] [info]  Splash.onStateUpdate: {"status":"installing-updates","current":3,"total":6,"progress":50}
[2025-11-03 22:26:15.732] [info]  DiscordSplash.onStateUpdate: {"status":"installing-updates","current":3,"total":6,"progress":50}
[2025-11-03 22:26:15.732] [info]  Splash.onStateUpdate: {"status":"installing-updates","current":3,"total":6,"progress":50}
[2025-11-03 22:26:15.732] [info]  DiscordSplash.onStateUpdate: {"status":"installing-updates","current":3,"total":6,"progress":50}
[2025-11-03 22:26:15.732] [info]  Splash.onStateUpdate: {"status":"installing-updates","current":3,"total":6,"progress":50}
[2025-11-03 22:26:15.733] [info]  DiscordSplash.onStateUpdate: {"status":"installing-updates","current":3,"total":6,"progress":50}
[2025-11-03 22:26:15.733] [info]  Splash.onStateUpdate: {"status":"installing-updates","current":3,"total":6,"progress":50}
[2025-11-03 22:26:15.734] [info]  DiscordSplash.onStateUpdate: {"status":"installing-updates","current":3,"total":6,"progress":50}
[2025-11-03 22:26:15.734] [info]  Splash.onStateUpdate: {"status":"installing-updates","current":3,"total":6,"progress":50}
[2025-11-03 22:26:15.734] [info]  DiscordSplash.onStateUpdate: {"status":"installing-updates","current":3,"total":6,"progress":50}
[2025-11-03 22:26:15.734] [info]  Splash.onStateUpdate: {"status":"installing-updates","current":3,"total":6,"progress":50}
[2025-11-03 22:26:15.735] [info]  DiscordSplash.onStateUpdate: {"status":"installing-updates","current":3,"total":6,"progress":51}
[2025-11-03 22:26:15.735] [info]  Splash.onStateUpdate: {"status":"installing-updates","current":3,"total":6,"progress":51}
[2025-11-03 22:26:15.736] [info]  DiscordSplash.onStateUpdate: {"status":"installing-updates","current":3,"total":6,"progress":51}
[2025-11-03 22:26:15.736] [info]  Splash.onStateUpdate: {"status":"installing-updates","current":3,"total":6,"progress":51}
[2025-11-03 22:26:15.736] [info]  DiscordSplash.onStateUpdate: {"status":"installing-updates","current":3,"total":6,"progress":51}
[2025-11-03 22:26:15.736] [info]  Splash.onStateUpdate: {"status":"installing-updates","current":3,"total":6,"progress":51}
[2025-11-03 22:26:15.737] [info]  DiscordSplash.onStateUpdate: {"status":"installing-updates","current":3,"total":6,"progress":51}
[2025-11-03 22:26:15.737] [info]  Splash.onStateUpdate: {"status":"installing-updates","current":3,"total":6,"progress":51}
[2025-11-03 22:26:15.738] [info]  DiscordSplash.onStateUpdate: {"status":"installing-updates","current":3,"total":6,"progress":51}
[2025-11-03 22:26:15.738] [info]  Splash.onStateUpdate: {"status":"installing-updates","current":3,"total":6,"progress":51}
[2025-11-03 22:26:15.738] [info]  DiscordSplash.onStateUpdate: {"status":"installing-updates","current":3,"total":6,"progress":51}
[2025-11-03 22:26:15.738] [info]  Splash.onStateUpdate: {"status":"installing-updates","current":3,"total":6,"progress":51}
[2025-11-03 22:26:15.739] [info]  DiscordSplash.onStateUpdate: {"status":"installing-updates","current":3,"total":6,"progress":52}
[2025-11-03 22:26:15.739] [info]  Splash.onStateUpdate: {"status":"installing-updates","current":3,"total":6,"progress":52}
[2025-11-03 22:26:15.740] [info]  DiscordSplash.onStateUpdate: {"status":"installing-updates","current":3,"total":6,"progress":52}
[2025-11-03 22:26:15.740] [info]  Splash.onStateUpdate: {"status":"installing-updates","current":3,"total":6,"progress":52}
[2025-11-03 22:26:15.741] [info]  DiscordSplash.onStateUpdate: {"status":"installing-updates","current":3,"total":6,"progress":52}
[2025-11-03 22:26:15.741] [info]  Splash.onStateUpdate: {"status":"installing-updates","current":3,"total":6,"progress":52}
[2025-11-03 22:26:15.741] [info]  DiscordSplash.onStateUpdate: {"status":"installing-updates","current":3,"total":6,"progress":52}
[2025-11-03 22:26:15.741] [info]  Splash.onStateUpdate: {"status":"installing-updates","current":3,"total":6,"progress":52}
[2025-11-03 22:26:15.742] [info]  DiscordSplash.onStateUpdate: {"status":"installing-updates","current":3,"total":6,"progress":52}
[2025-11-03 22:26:15.742] [info]  Splash.onStateUpdate: {"status":"installing-updates","current":3,"total":6,"progress":52}
[2025-11-03 22:26:15.743] [info]  DiscordSplash.onStateUpdate: {"status":"installing-updates","current":3,"total":6,"progress":52}
[2025-11-03 22:26:15.743] [info]  Splash.onStateUpdate: {"status":"installing-updates","current":3,"total":6,"progress":52}
[2025-11-03 22:26:15.744] [info]  DiscordSplash.onStateUpdate: {"status":"installing-updates","current":3,"total":6,"progress":52}
[2025-11-03 22:26:15.744] [info]  Splash.onStateUpdate: {"status":"installing-updates","current":3,"total":6,"progress":52}
[2025-11-03 22:26:15.744] [info]  DiscordSplash.onStateUpdate: {"status":"installing-updates","current":3,"total":6,"progress":53}
[2025-11-03 22:26:15.744] [info]  Splash.onStateUpdate: {"status":"installing-updates","current":3,"total":6,"progress":53}
[2025-11-03 22:26:15.745] [info]  DiscordSplash.onStateUpdate: {"status":"installing-updates","current":3,"total":6,"progress":53}
[2025-11-03 22:26:15.745] [info]  Splash.onStateUpdate: {"status":"installing-updates","current":3,"total":6,"progress":53}
[2025-11-03 22:26:15.746] [info]  DiscordSplash.onStateUpdate: {"status":"installing-updates","current":3,"total":6,"progress":53}
[2025-11-03 22:26:15.746] [info]  Splash.onStateUpdate: {"status":"installing-updates","current":3,"total":6,"progress":53}
[2025-11-03 22:26:15.747] [info]  DiscordSplash.onStateUpdate: {"status":"installing-updates","current":3,"total":6,"progress":53}
[2025-11-03 22:26:15.747] [info]  Splash.onStateUpdate: {"status":"installing-updates","current":3,"total":6,"progress":53}
[2025-11-03 22:26:15.748] [info]  DiscordSplash.onStateUpdate: {"status":"installing-updates","current":3,"total":6,"progress":53}
[2025-11-03 22:26:15.748] [info]  Splash.onStateUpdate: {"status":"installing-updates","current":3,"total":6,"progress":53}
[2025-11-03 22:26:15.749] [info]  DiscordSplash.onStateUpdate: {"status":"installing-updates","current":3,"total":6,"progress":53}
[2025-11-03 22:26:15.749] [info]  Splash.onStateUpdate: {"status":"installing-updates","current":3,"total":6,"progress":53}
[2025-11-03 22:26:15.749] [info]  DiscordSplash.onStateUpdate: {"status":"installing-updates","current":3,"total":6,"progress":54}
[2025-11-03 22:26:15.749] [info]  Splash.onStateUpdate: {"status":"installing-updates","current":3,"total":6,"progress":54}
[2025-11-03 22:26:15.750] [info]  DiscordSplash.onStateUpdate: {"status":"installing-updates","current":3,"total":6,"progress":54}
[2025-11-03 22:26:15.750] [info]  Splash.onStateUpdate: {"status":"installing-updates","current":3,"total":6,"progress":54}
[2025-11-03 22:26:15.751] [info]  DiscordSplash.onStateUpdate: {"status":"installing-updates","current":3,"total":6,"progress":54}
[2025-11-03 22:26:15.751] [info]  Splash.onStateUpdate: {"status":"installing-updates","current":3,"total":6,"progress":54}
[2025-11-03 22:26:15.751] [info]  DiscordSplash.onStateUpdate: {"status":"installing-updates","current":3,"total":6,"progress":54}
[2025-11-03 22:26:15.751] [info]  Splash.onStateUpdate: {"status":"installing-updates","current":3,"total":6,"progress":54}
[2025-11-03 22:26:15.752] [info]  DiscordSplash.onStateUpdate: {"status":"installing-updates","current":3,"total":6,"progress":54}
[2025-11-03 22:26:15.752] [info]  Splash.onStateUpdate: {"status":"installing-updates","current":3,"total":6,"progress":54}
[2025-11-03 22:26:15.753] [info]  DiscordSplash.onStateUpdate: {"status":"installing-updates","current":3,"total":6,"progress":54}
[2025-11-03 22:26:15.753] [info]  Splash.onStateUpdate: {"status":"installing-updates","current":3,"total":6,"progress":54}
[2025-11-03 22:26:15.753] [info]  DiscordSplash.onStateUpdate: {"status":"installing-updates","current":3,"total":6,"progress":55}
[2025-11-03 22:26:15.753] [info]  Splash.onStateUpdate: {"status":"installing-updates","current":3,"total":6,"progress":55}
[2025-11-03 22:26:15.754] [info]  DiscordSplash.onStateUpdate: {"status":"installing-updates","current":3,"total":6,"progress":55}
[2025-11-03 22:26:15.754] [info]  Splash.onStateUpdate: {"status":"installing-updates","current":3,"total":6,"progress":55}
[2025-11-03 22:26:15.755] [info]  DiscordSplash.onStateUpdate: {"status":"installing-updates","current":3,"total":6,"progress":55}
[2025-11-03 22:26:15.755] [info]  Splash.onStateUpdate: {"status":"installing-updates","current":3,"total":6,"progress":55}
[2025-11-03 22:26:15.755] [info]  DiscordSplash.onStateUpdate: {"status":"installing-updates","current":3,"total":6,"progress":55}
[2025-11-03 22:26:15.755] [info]  Splash.onStateUpdate: {"status":"installing-updates","current":3,"total":6,"progress":55}
[2025-11-03 22:26:15.756] [info]  DiscordSplash.onStateUpdate: {"status":"installing-updates","current":3,"total":6,"progress":55}
[2025-11-03 22:26:15.756] [info]  Splash.onStateUpdate: {"status":"installing-updates","current":3,"total":6,"progress":55}
[2025-11-03 22:26:15.756] [info]  DiscordSplash.onStateUpdate: {"status":"installing-updates","current":3,"total":6,"progress":55}
[2025-11-03 22:26:15.757] [info]  Splash.onStateUpdate: {"status":"installing-updates","current":3,"total":6,"progress":55}
[2025-11-03 22:26:15.757] [info]  DiscordSplash.onStateUpdate: {"status":"installing-updates","current":3,"total":6,"progress":56}
[2025-11-03 22:26:15.757] [info]  Splash.onStateUpdate: {"status":"installing-updates","current":3,"total":6,"progress":56}
[2025-11-03 22:26:15.758] [info]  DiscordSplash.onStateUpdate: {"status":"installing-updates","current":3,"total":6,"progress":56}
[2025-11-03 22:26:15.758] [info]  Splash.onStateUpdate: {"status":"installing-updates","current":3,"total":6,"progress":56}
[2025-11-03 22:26:15.758] [info]  DiscordSplash.onStateUpdate: {"status":"installing-updates","current":3,"total":6,"progress":56}
[2025-11-03 22:26:15.759] [info]  Splash.onStateUpdate: {"status":"installing-updates","current":3,"total":6,"progress":56}
[2025-11-03 22:26:15.759] [info]  DiscordSplash.onStateUpdate: {"status":"installing-updates","current":3,"total":6,"progress":56}
[2025-11-03 22:26:15.759] [info]  Splash.onStateUpdate: {"status":"installing-updates","current":3,"total":6,"progress":56}
[2025-11-03 22:26:15.760] [info]  DiscordSplash.onStateUpdate: {"status":"installing-updates","current":3,"total":6,"progress":56}
[2025-11-03 22:26:15.760] [info]  Splash.onStateUpdate: {"status":"installing-updates","current":3,"total":6,"progress":56}
[2025-11-03 22:26:15.760] [info]  DiscordSplash.onStateUpdate: {"status":"installing-updates","current":3,"total":6,"progress":56}
[2025-11-03 22:26:15.760] [info]  Splash.onStateUpdate: {"status":"installing-updates","current":3,"total":6,"progress":56}
[2025-11-03 22:26:15.761] [info]  DiscordSplash.onStateUpdate: {"status":"installing-updates","current":3,"total":6,"progress":57}
[2025-11-03 22:26:15.761] [info]  Splash.onStateUpdate: {"status":"installing-updates","current":3,"total":6,"progress":57}
[2025-11-03 22:26:15.762] [info]  DiscordSplash.onStateUpdate: {"status":"installing-updates","current":3,"total":6,"progress":57}
[2025-11-03 22:26:15.762] [info]  Splash.onStateUpdate: {"status":"installing-updates","current":3,"total":6,"progress":57}
[2025-11-03 22:26:15.762] [info]  DiscordSplash.onStateUpdate: {"status":"installing-updates","current":3,"total":6,"progress":57}
[2025-11-03 22:26:15.762] [info]  Splash.onStateUpdate: {"status":"installing-updates","current":3,"total":6,"progress":57}
[2025-11-03 22:26:15.763] [info]  DiscordSplash.onStateUpdate: {"status":"installing-updates","current":3,"total":6,"progress":57}
[2025-11-03 22:26:15.763] [info]  Splash.onStateUpdate: {"status":"installing-updates","current":3,"total":6,"progress":57}
[2025-11-03 22:26:15.764] [info]  DiscordSplash.onStateUpdate: {"status":"installing-updates","current":3,"total":6,"progress":57}
[2025-11-03 22:26:15.764] [info]  Splash.onStateUpdate: {"status":"installing-updates","current":3,"total":6,"progress":57}
[2025-11-03 22:26:15.764] [info]  DiscordSplash.onStateUpdate: {"status":"installing-updates","current":3,"total":6,"progress":57}
[2025-11-03 22:26:15.764] [info]  Splash.onStateUpdate: {"status":"installing-updates","current":3,"total":6,"progress":57}
[2025-11-03 22:26:15.765] [info]  DiscordSplash.onStateUpdate: {"status":"installing-updates","current":3,"total":6,"progress":58}
[2025-11-03 22:26:15.766] [info]  Splash.onStateUpdate: {"status":"installing-updates","current":3,"total":6,"progress":58}
[2025-11-03 22:26:15.766] [info]  DiscordSplash.onStateUpdate: {"status":"installing-updates","current":3,"total":6,"progress":58}
[2025-11-03 22:26:15.766] [info]  Splash.onStateUpdate: {"status":"installing-updates","current":3,"total":6,"progress":58}
[2025-11-03 22:26:15.767] [info]  DiscordSplash.onStateUpdate: {"status":"installing-updates","current":3,"total":6,"progress":58}
[2025-11-03 22:26:15.767] [info]  Splash.onStateUpdate: {"status":"installing-updates","current":3,"total":6,"progress":58}
[2025-11-03 22:26:15.768] [info]  DiscordSplash.onStateUpdate: {"status":"installing-updates","current":3,"total":6,"progress":58}
[2025-11-03 22:26:15.768] [info]  Splash.onStateUpdate: {"status":"installing-updates","current":3,"total":6,"progress":58}
[2025-11-03 22:26:15.769] [info]  DiscordSplash.onStateUpdate: {"status":"installing-updates","current":3,"total":6,"progress":58}
[2025-11-03 22:26:15.769] [info]  Splash.onStateUpdate: {"status":"installing-updates","current":3,"total":6,"progress":58}
[2025-11-03 22:26:15.771] [info]  DiscordSplash.onStateUpdate: {"status":"installing-updates","current":3,"total":6,"progress":58}
[2025-11-03 22:26:15.771] [info]  Splash.onStateUpdate: {"status":"installing-updates","current":3,"total":6,"progress":58}
[2025-11-03 22:26:15.772] [info]  DiscordSplash.onStateUpdate: {"status":"installing-updates","current":3,"total":6,"progress":58}
[2025-11-03 22:26:15.772] [info]  Splash.onStateUpdate: {"status":"installing-updates","current":3,"total":6,"progress":58}
[2025-11-03 22:26:15.773] [info]  DiscordSplash.onStateUpdate: {"status":"installing-updates","current":3,"total":6,"progress":59}
[2025-11-03 22:26:15.773] [info]  Splash.onStateUpdate: {"status":"installing-updates","current":3,"total":6,"progress":59}
[2025-11-03 22:26:15.773] [info]  DiscordSplash.onStateUpdate: {"status":"installing-updates","current":3,"total":6,"progress":59}
[2025-11-03 22:26:15.774] [info]  Splash.onStateUpdate: {"status":"installing-updates","current":3,"total":6,"progress":59}
[2025-11-03 22:26:15.774] [info]  DiscordSplash.onStateUpdate: {"status":"installing-updates","current":3,"total":6,"progress":59}
[2025-11-03 22:26:15.774] [info]  Splash.onStateUpdate: {"status":"installing-updates","current":3,"total":6,"progress":59}
[2025-11-03 22:26:15.775] [info]  DiscordSplash.onStateUpdate: {"status":"installing-updates","current":3,"total":6,"progress":59}
[2025-11-03 22:26:15.775] [info]  Splash.onStateUpdate: {"status":"installing-updates","current":3,"total":6,"progress":59}
[2025-11-03 22:26:15.776] [info]  DiscordSplash.onStateUpdate: {"status":"installing-updates","current":3,"total":6,"progress":59}
[2025-11-03 22:26:15.776] [info]  Splash.onStateUpdate: {"status":"installing-updates","current":3,"total":6,"progress":59}
[2025-11-03 22:26:15.776] [info]  DiscordSplash.onStateUpdate: {"status":"installing-updates","current":3,"total":6,"progress":59}
[2025-11-03 22:26:15.776] [info]  Splash.onStateUpdate: {"status":"installing-updates","current":3,"total":6,"progress":59}
[2025-11-03 22:26:15.777] [info]  DiscordSplash.onStateUpdate: {"status":"installing-updates","current":3,"total":6,"progress":60}
[2025-11-03 22:26:15.777] [info]  Splash.onStateUpdate: {"status":"installing-updates","current":3,"total":6,"progress":60}
[2025-11-03 22:26:15.778] [info]  DiscordSplash.onStateUpdate: {"status":"installing-updates","current":3,"total":6,"progress":60}
[2025-11-03 22:26:15.778] [info]  Splash.onStateUpdate: {"status":"installing-updates","current":3,"total":6,"progress":60}
[2025-11-03 22:26:15.778] [info]  DiscordSplash.onStateUpdate: {"status":"installing-updates","current":3,"total":6,"progress":60}
[2025-11-03 22:26:15.778] [info]  Splash.onStateUpdate: {"status":"installing-updates","current":3,"total":6,"progress":60}
[2025-11-03 22:26:15.779] [info]  DiscordSplash.onStateUpdate: {"status":"installing-updates","current":3,"total":6,"progress":60}
[2025-11-03 22:26:15.779] [info]  Splash.onStateUpdate: {"status":"installing-updates","current":3,"total":6,"progress":60}
[2025-11-03 22:26:15.780] [info]  DiscordSplash.onStateUpdate: {"status":"installing-updates","current":3,"total":6,"progress":60}
[2025-11-03 22:26:15.780] [info]  Splash.onStateUpdate: {"status":"installing-updates","current":3,"total":6,"progress":60}
[2025-11-03 22:26:15.780] [info]  DiscordSplash.onStateUpdate: {"status":"installing-updates","current":3,"total":6,"progress":60}
[2025-11-03 22:26:15.780] [info]  Splash.onStateUpdate: {"status":"installing-updates","current":3,"total":6,"progress":60}
[2025-11-03 22:26:15.781] [info]  DiscordSplash.onStateUpdate: {"status":"installing-updates","current":3,"total":6,"progress":61}
[2025-11-03 22:26:15.781] [info]  Splash.onStateUpdate: {"status":"installing-updates","current":3,"total":6,"progress":61}
[2025-11-03 22:26:15.782] [info]  DiscordSplash.onStateUpdate: {"status":"installing-updates","current":3,"total":6,"progress":61}
[2025-11-03 22:26:15.782] [info]  Splash.onStateUpdate: {"status":"installing-updates","current":3,"total":6,"progress":61}
[2025-11-03 22:26:15.782] [info]  DiscordSplash.onStateUpdate: {"status":"installing-updates","current":3,"total":6,"progress":61}
[2025-11-03 22:26:15.782] [info]  Splash.onStateUpdate: {"status":"installing-updates","current":3,"total":6,"progress":61}
[2025-11-03 22:26:15.783] [info]  DiscordSplash.onStateUpdate: {"status":"installing-updates","current":3,"total":6,"progress":61}
[2025-11-03 22:26:15.783] [info]  Splash.onStateUpdate: {"status":"installing-updates","current":3,"total":6,"progress":61}
[2025-11-03 22:26:15.783] [info]  DiscordSplash.onStateUpdate: {"status":"installing-updates","current":3,"total":6,"progress":61}
[2025-11-03 22:26:15.783] [info]  Splash.onStateUpdate: {"status":"installing-updates","current":3,"total":6,"progress":61}
[2025-11-03 22:26:15.784] [info]  DiscordSplash.onStateUpdate: {"status":"installing-updates","current":3,"total":6,"progress":61}
[2025-11-03 22:26:15.784] [info]  Splash.onStateUpdate: {"status":"installing-updates","current":3,"total":6,"progress":61}
[2025-11-03 22:26:15.785] [info]  DiscordSplash.onStateUpdate: {"status":"installing-updates","current":3,"total":6,"progress":62}
[2025-11-03 22:26:15.785] [info]  Splash.onStateUpdate: {"status":"installing-updates","current":3,"total":6,"progress":62}
[2025-11-03 22:26:15.785] [info]  DiscordSplash.onStateUpdate: {"status":"installing-updates","current":3,"total":6,"progress":62}
[2025-11-03 22:26:15.785] [info]  Splash.onStateUpdate: {"status":"installing-updates","current":3,"total":6,"progress":62}
[2025-11-03 22:26:15.786] [info]  DiscordSplash.onStateUpdate: {"status":"installing-updates","current":3,"total":6,"progress":62}
[2025-11-03 22:26:15.786] [info]  Splash.onStateUpdate: {"status":"installing-updates","current":3,"total":6,"progress":62}
[2025-11-03 22:26:15.787] [info]  DiscordSplash.onStateUpdate: {"status":"installing-updates","current":3,"total":6,"progress":62}
[2025-11-03 22:26:15.787] [info]  Splash.onStateUpdate: {"status":"installing-updates","current":3,"total":6,"progress":62}
[2025-11-03 22:26:15.787] [info]  DiscordSplash.onStateUpdate: {"status":"installing-updates","current":3,"total":6,"progress":62}
[2025-11-03 22:26:15.787] [info]  Splash.onStateUpdate: {"status":"installing-updates","current":3,"total":6,"progress":62}
[2025-11-03 22:26:15.788] [info]  DiscordSplash.onStateUpdate: {"status":"installing-updates","current":3,"total":6,"progress":62}
[2025-11-03 22:26:15.788] [info]  Splash.onStateUpdate: {"status":"installing-updates","current":3,"total":6,"progress":62}
[2025-11-03 22:26:15.788] [info]  DiscordSplash.onStateUpdate: {"status":"installing-updates","current":3,"total":6,"progress":63}
[2025-11-03 22:26:15.789] [info]  Splash.onStateUpdate: {"status":"installing-updates","current":3,"total":6,"progress":63}
[2025-11-03 22:26:15.789] [info]  DiscordSplash.onStateUpdate: {"status":"installing-updates","current":3,"total":6,"progress":63}
[2025-11-03 22:26:15.789] [info]  Splash.onStateUpdate: {"status":"installing-updates","current":3,"total":6,"progress":63}
[2025-11-03 22:26:15.790] [info]  DiscordSplash.onStateUpdate: {"status":"installing-updates","current":3,"total":6,"progress":63}
[2025-11-03 22:26:15.790] [info]  Splash.onStateUpdate: {"status":"installing-updates","current":3,"total":6,"progress":63}
[2025-11-03 22:26:15.791] [info]  DiscordSplash.onStateUpdate: {"status":"installing-updates","current":3,"total":6,"progress":63}
[2025-11-03 22:26:15.791] [info]  Splash.onStateUpdate: {"status":"installing-updates","current":3,"total":6,"progress":63}
[2025-11-03 22:26:15.791] [info]  DiscordSplash.onStateUpdate: {"status":"installing-updates","current":3,"total":6,"progress":63}
[2025-11-03 22:26:15.791] [info]  Splash.onStateUpdate: {"status":"installing-updates","current":3,"total":6,"progress":63}
[2025-11-03 22:26:15.792] [info]  DiscordSplash.onStateUpdate: {"status":"installing-updates","current":3,"total":6,"progress":63}
[2025-11-03 22:26:15.792] [info]  Splash.onStateUpdate: {"status":"installing-updates","current":3,"total":6,"progress":63}
[2025-11-03 22:26:15.793] [info]  DiscordSplash.onStateUpdate: {"status":"installing-updates","current":3,"total":6,"progress":64}
[2025-11-03 22:26:15.793] [info]  Splash.onStateUpdate: {"status":"installing-updates","current":3,"total":6,"progress":64}
[2025-11-03 22:26:15.793] [info]  DiscordSplash.onStateUpdate: {"status":"installing-updates","current":3,"total":6,"progress":64}
[2025-11-03 22:26:15.793] [info]  Splash.onStateUpdate: {"status":"installing-updates","current":3,"total":6,"progress":64}
[2025-11-03 22:26:15.794] [info]  DiscordSplash.onStateUpdate: {"status":"installing-updates","current":3,"total":6,"progress":64}
[2025-11-03 22:26:15.794] [info]  Splash.onStateUpdate: {"status":"installing-updates","current":3,"total":6,"progress":64}
[2025-11-03 22:26:15.795] [info]  DiscordSplash.onStateUpdate: {"status":"installing-updates","current":3,"total":6,"progress":64}
[2025-11-03 22:26:15.795] [info]  Splash.onStateUpdate: {"status":"installing-updates","current":3,"total":6,"progress":64}
[2025-11-03 22:26:15.795] [info]  DiscordSplash.onStateUpdate: {"status":"installing-updates","current":3,"total":6,"progress":64}
[2025-11-03 22:26:15.795] [info]  Splash.onStateUpdate: {"status":"installing-updates","current":3,"total":6,"progress":64}
[2025-11-03 22:26:15.796] [info]  DiscordSplash.onStateUpdate: {"status":"installing-updates","current":3,"total":6,"progress":64}
[2025-11-03 22:26:15.796] [info]  Splash.onStateUpdate: {"status":"installing-updates","current":3,"total":6,"progress":64}
[2025-11-03 22:26:15.797] [info]  DiscordSplash.onStateUpdate: {"status":"installing-updates","current":3,"total":6,"progress":64}
[2025-11-03 22:26:15.797] [info]  Splash.onStateUpdate: {"status":"installing-updates","current":3,"total":6,"progress":64}
[2025-11-03 22:26:15.797] [info]  DiscordSplash.onStateUpdate: {"status":"installing-updates","current":3,"total":6,"progress":65}
[2025-11-03 22:26:15.797] [info]  Splash.onStateUpdate: {"status":"installing-updates","current":3,"total":6,"progress":65}
[2025-11-03 22:26:15.798] [info]  DiscordSplash.onStateUpdate: {"status":"installing-updates","current":3,"total":6,"progress":65}
[2025-11-03 22:26:15.798] [info]  Splash.onStateUpdate: {"status":"installing-updates","current":3,"total":6,"progress":65}
[2025-11-03 22:26:15.799] [info]  DiscordSplash.onStateUpdate: {"status":"installing-updates","current":3,"total":6,"progress":65}
[2025-11-03 22:26:15.799] [info]  Splash.onStateUpdate: {"status":"installing-updates","current":3,"total":6,"progress":65}
[2025-11-03 22:26:15.800] [info]  DiscordSplash.onStateUpdate: {"status":"installing-updates","current":3,"total":6,"progress":65}
[2025-11-03 22:26:15.800] [info]  Splash.onStateUpdate: {"status":"installing-updates","current":3,"total":6,"progress":65}
[2025-11-03 22:26:15.800] [info]  DiscordSplash.onStateUpdate: {"status":"installing-updates","current":3,"total":6,"progress":65}
[2025-11-03 22:26:15.800] [info]  Splash.onStateUpdate: {"status":"installing-updates","current":3,"total":6,"progress":65}
[2025-11-03 22:26:15.801] [info]  DiscordSplash.onStateUpdate: {"status":"installing-updates","current":3,"total":6,"progress":65}
[2025-11-03 22:26:15.801] [info]  Splash.onStateUpdate: {"status":"installing-updates","current":3,"total":6,"progress":65}
[2025-11-03 22:26:15.801] [info]  DiscordSplash.onStateUpdate: {"status":"installing-updates","current":3,"total":6,"progress":66}
[2025-11-03 22:26:15.802] [info]  Splash.onStateUpdate: {"status":"installing-updates","current":3,"total":6,"progress":66}
[2025-11-03 22:26:15.802] [info]  DiscordSplash.onStateUpdate: {"status":"installing-updates","current":3,"total":6,"progress":66}
[2025-11-03 22:26:15.802] [info]  Splash.onStateUpdate: {"status":"installing-updates","current":3,"total":6,"progress":66}
[2025-11-03 22:26:15.803] [info]  DiscordSplash.onStateUpdate: {"status":"installing-updates","current":3,"total":6,"progress":66}
[2025-11-03 22:26:15.803] [info]  Splash.onStateUpdate: {"status":"installing-updates","current":3,"total":6,"progress":66}
[2025-11-03 22:26:15.803] [info]  DiscordSplash.onStateUpdate: {"status":"installing-updates","current":3,"total":6,"progress":66}
[2025-11-03 22:26:15.803] [info]  Splash.onStateUpdate: {"status":"installing-updates","current":3,"total":6,"progress":66}
[2025-11-03 22:26:15.804] [info]  DiscordSplash.onStateUpdate: {"status":"installing-updates","current":3,"total":6,"progress":66}
[2025-11-03 22:26:15.804] [info]  Splash.onStateUpdate: {"status":"installing-updates","current":3,"total":6,"progress":66}
[2025-11-03 22:26:15.805] [info]  DiscordSplash.onStateUpdate: {"status":"installing-updates","current":3,"total":6,"progress":66}
[2025-11-03 22:26:15.805] [info]  Splash.onStateUpdate: {"status":"installing-updates","current":3,"total":6,"progress":66}
[2025-11-03 22:26:15.805] [info]  DiscordSplash.onStateUpdate: {"status":"installing-updates","current":3,"total":6,"progress":67}
[2025-11-03 22:26:15.805] [info]  Splash.onStateUpdate: {"status":"installing-updates","current":3,"total":6,"progress":67}
[2025-11-03 22:26:15.806] [info]  DiscordSplash.onStateUpdate: {"status":"installing-updates","current":3,"total":6,"progress":67}
[2025-11-03 22:26:15.806] [info]  Splash.onStateUpdate: {"status":"installing-updates","current":3,"total":6,"progress":67}
[2025-11-03 22:26:15.806] [info]  DiscordSplash.onStateUpdate: {"status":"installing-updates","current":3,"total":6,"progress":67}
[2025-11-03 22:26:15.807] [info]  Splash.onStateUpdate: {"status":"installing-updates","current":3,"total":6,"progress":67}
[2025-11-03 22:26:15.807] [info]  DiscordSplash.onStateUpdate: {"status":"installing-updates","current":3,"total":6,"progress":67}
[2025-11-03 22:26:15.807] [info]  Splash.onStateUpdate: {"status":"installing-updates","current":3,"total":6,"progress":67}
[2025-11-03 22:26:15.808] [info]  DiscordSplash.onStateUpdate: {"status":"installing-updates","current":3,"total":6,"progress":67}
[2025-11-03 22:26:15.808] [info]  Splash.onStateUpdate: {"status":"installing-updates","current":3,"total":6,"progress":67}
[2025-11-03 22:26:15.809] [info]  DiscordSplash.onStateUpdate: {"status":"installing-updates","current":3,"total":6,"progress":67}
[2025-11-03 22:26:15.809] [info]  Splash.onStateUpdate: {"status":"installing-updates","current":3,"total":6,"progress":67}
[2025-11-03 22:26:15.809] [info]  DiscordSplash.onStateUpdate: {"status":"installing-updates","current":3,"total":6,"progress":68}
[2025-11-03 22:26:15.809] [info]  Splash.onStateUpdate: {"status":"installing-updates","current":3,"total":6,"progress":68}
[2025-11-03 22:26:15.810] [info]  DiscordSplash.onStateUpdate: {"status":"installing-updates","current":3,"total":6,"progress":68}
[2025-11-03 22:26:15.810] [info]  Splash.onStateUpdate: {"status":"installing-updates","current":3,"total":6,"progress":68}
[2025-11-03 22:26:15.811] [info]  DiscordSplash.onStateUpdate: {"status":"installing-updates","current":3,"total":6,"progress":68}
[2025-11-03 22:26:15.811] [info]  Splash.onStateUpdate: {"status":"installing-updates","current":3,"total":6,"progress":68}
[2025-11-03 22:26:15.811] [info]  DiscordSplash.onStateUpdate: {"status":"installing-updates","current":3,"total":6,"progress":68}
[2025-11-03 22:26:15.811] [info]  Splash.onStateUpdate: {"status":"installing-updates","current":3,"total":6,"progress":68}
[2025-11-03 22:26:15.812] [info]  DiscordSplash.onStateUpdate: {"status":"installing-updates","current":3,"total":6,"progress":68}
[2025-11-03 22:26:15.812] [info]  Splash.onStateUpdate: {"status":"installing-updates","current":3,"total":6,"progress":68}
[2025-11-03 22:26:15.812] [info]  DiscordSplash.onStateUpdate: {"status":"installing-updates","current":3,"total":6,"progress":68}
[2025-11-03 22:26:15.812] [info]  Splash.onStateUpdate: {"status":"installing-updates","current":3,"total":6,"progress":68}
[2025-11-03 22:26:15.813] [info]  DiscordSplash.onStateUpdate: {"status":"installing-updates","current":3,"total":6,"progress":69}
[2025-11-03 22:26:15.813] [info]  Splash.onStateUpdate: {"status":"installing-updates","current":3,"total":6,"progress":69}
[2025-11-03 22:26:15.814] [info]  DiscordSplash.onStateUpdate: {"status":"installing-updates","current":3,"total":6,"progress":69}
[2025-11-03 22:26:15.814] [info]  Splash.onStateUpdate: {"status":"installing-updates","current":3,"total":6,"progress":69}
[2025-11-03 22:26:15.814] [info]  DiscordSplash.onStateUpdate: {"status":"installing-updates","current":3,"total":6,"progress":69}
[2025-11-03 22:26:15.814] [info]  Splash.onStateUpdate: {"status":"installing-updates","current":3,"total":6,"progress":69}
[2025-11-03 22:26:15.815] [info]  DiscordSplash.onStateUpdate: {"status":"installing-updates","current":3,"total":6,"progress":69}
[2025-11-03 22:26:15.815] [info]  Splash.onStateUpdate: {"status":"installing-updates","current":3,"total":6,"progress":69}
[2025-11-03 22:26:15.816] [info]  DiscordSplash.onStateUpdate: {"status":"installing-updates","current":3,"total":6,"progress":69}
[2025-11-03 22:26:15.816] [info]  Splash.onStateUpdate: {"status":"installing-updates","current":3,"total":6,"progress":69}
[2025-11-03 22:26:15.816] [info]  DiscordSplash.onStateUpdate: {"status":"installing-updates","current":3,"total":6,"progress":69}
[2025-11-03 22:26:15.816] [info]  Splash.onStateUpdate: {"status":"installing-updates","current":3,"total":6,"progress":69}
[2025-11-03 22:26:15.817] [info]  DiscordSplash.onStateUpdate: {"status":"installing-updates","current":3,"total":6,"progress":70}
[2025-11-03 22:26:15.817] [info]  Splash.onStateUpdate: {"status":"installing-updates","current":3,"total":6,"progress":70}
[2025-11-03 22:26:15.817] [info]  DiscordSplash.onStateUpdate: {"status":"installing-updates","current":3,"total":6,"progress":70}
[2025-11-03 22:26:15.817] [info]  Splash.onStateUpdate: {"status":"installing-updates","current":3,"total":6,"progress":70}
[2025-11-03 22:26:15.818] [info]  DiscordSplash.onStateUpdate: {"status":"installing-updates","current":3,"total":6,"progress":70}
[2025-11-03 22:26:15.818] [info]  Splash.onStateUpdate: {"status":"installing-updates","current":3,"total":6,"progress":70}
[2025-11-03 22:26:15.819] [info]  DiscordSplash.onStateUpdate: {"status":"installing-updates","current":3,"total":6,"progress":70}
[2025-11-03 22:26:15.819] [info]  Splash.onStateUpdate: {"status":"installing-updates","current":3,"total":6,"progress":70}
[2025-11-03 22:26:15.819] [info]  DiscordSplash.onStateUpdate: {"status":"installing-updates","current":3,"total":6,"progress":70}
[2025-11-03 22:26:15.819] [info]  Splash.onStateUpdate: {"status":"installing-updates","current":3,"total":6,"progress":70}
[2025-11-03 22:26:15.820] [info]  DiscordSplash.onStateUpdate: {"status":"installing-updates","current":3,"total":6,"progress":70}
[2025-11-03 22:26:15.820] [info]  Splash.onStateUpdate: {"status":"installing-updates","current":3,"total":6,"progress":70}
[2025-11-03 22:26:15.821] [info]  DiscordSplash.onStateUpdate: {"status":"installing-updates","current":3,"total":6,"progress":70}
[2025-11-03 22:26:15.821] [info]  Splash.onStateUpdate: {"status":"installing-updates","current":3,"total":6,"progress":70}
[2025-11-03 22:26:15.821] [info]  DiscordSplash.onStateUpdate: {"status":"installing-updates","current":3,"total":6,"progress":71}
[2025-11-03 22:26:15.821] [info]  Splash.onStateUpdate: {"status":"installing-updates","current":3,"total":6,"progress":71}
[2025-11-03 22:26:15.822] [info]  DiscordSplash.onStateUpdate: {"status":"installing-updates","current":3,"total":6,"progress":71}
[2025-11-03 22:26:15.822] [info]  Splash.onStateUpdate: {"status":"installing-updates","current":3,"total":6,"progress":71}
[2025-11-03 22:26:15.822] [info]  DiscordSplash.onStateUpdate: {"status":"installing-updates","current":3,"total":6,"progress":71}
[2025-11-03 22:26:15.823] [info]  Splash.onStateUpdate: {"status":"installing-updates","current":3,"total":6,"progress":71}
[2025-11-03 22:26:15.823] [info]  DiscordSplash.onStateUpdate: {"status":"installing-updates","current":3,"total":6,"progress":71}
[2025-11-03 22:26:15.823] [info]  Splash.onStateUpdate: {"status":"installing-updates","current":3,"total":6,"progress":71}
[2025-11-03 22:26:15.824] [info]  DiscordSplash.onStateUpdate: {"status":"installing-updates","current":3,"total":6,"progress":71}
[2025-11-03 22:26:15.824] [info]  Splash.onStateUpdate: {"status":"installing-updates","current":3,"total":6,"progress":71}
[2025-11-03 22:26:15.824] [info]  DiscordSplash.onStateUpdate: {"status":"installing-updates","current":3,"total":6,"progress":71}
[2025-11-03 22:26:15.824] [info]  Splash.onStateUpdate: {"status":"installing-updates","current":3,"total":6,"progress":71}
[2025-11-03 22:26:15.825] [info]  DiscordSplash.onStateUpdate: {"status":"installing-updates","current":3,"total":6,"progress":72}
[2025-11-03 22:26:15.825] [info]  Splash.onStateUpdate: {"status":"installing-updates","current":3,"total":6,"progress":72}
[2025-11-03 22:26:15.826] [info]  DiscordSplash.onStateUpdate: {"status":"installing-updates","current":3,"total":6,"progress":72}
[2025-11-03 22:26:15.826] [info]  Splash.onStateUpdate: {"status":"installing-updates","current":3,"total":6,"progress":72}
[2025-11-03 22:26:15.826] [info]  DiscordSplash.onStateUpdate: {"status":"installing-updates","current":3,"total":6,"progress":72}
[2025-11-03 22:26:15.827] [info]  Splash.onStateUpdate: {"status":"installing-updates","current":3,"total":6,"progress":72}
[2025-11-03 22:26:15.827] [info]  DiscordSplash.onStateUpdate: {"status":"installing-updates","current":3,"total":6,"progress":72}
[2025-11-03 22:26:15.827] [info]  Splash.onStateUpdate: {"status":"installing-updates","current":3,"total":6,"progress":72}
[2025-11-03 22:26:15.828] [info]  DiscordSplash.onStateUpdate: {"status":"installing-updates","current":3,"total":6,"progress":72}
[2025-11-03 22:26:15.828] [info]  Splash.onStateUpdate: {"status":"installing-updates","current":3,"total":6,"progress":72}
[2025-11-03 22:26:15.828] [info]  DiscordSplash.onStateUpdate: {"status":"installing-updates","current":3,"total":6,"progress":72}
[2025-11-03 22:26:15.828] [info]  Splash.onStateUpdate: {"status":"installing-updates","current":3,"total":6,"progress":72}
[2025-11-03 22:26:15.829] [info]  DiscordSplash.onStateUpdate: {"status":"installing-updates","current":3,"total":6,"progress":73}
[2025-11-03 22:26:15.829] [info]  Splash.onStateUpdate: {"status":"installing-updates","current":3,"total":6,"progress":73}
[2025-11-03 22:26:15.830] [info]  DiscordSplash.onStateUpdate: {"status":"installing-updates","current":3,"total":6,"progress":73}
[2025-11-03 22:26:15.830] [info]  Splash.onStateUpdate: {"status":"installing-updates","current":3,"total":6,"progress":73}
[2025-11-03 22:26:15.830] [info]  DiscordSplash.onStateUpdate: {"status":"installing-updates","current":3,"total":6,"progress":73}
[2025-11-03 22:26:15.830] [info]  Splash.onStateUpdate: {"status":"installing-updates","current":3,"total":6,"progress":73}
[2025-11-03 22:26:15.831] [info]  DiscordSplash.onStateUpdate: {"status":"installing-updates","current":3,"total":6,"progress":73}
[2025-11-03 22:26:15.831] [info]  Splash.onStateUpdate: {"status":"installing-updates","current":3,"total":6,"progress":73}
[2025-11-03 22:26:15.832] [info]  DiscordSplash.onStateUpdate: {"status":"installing-updates","current":3,"total":6,"progress":73}
[2025-11-03 22:26:15.832] [info]  Splash.onStateUpdate: {"status":"installing-updates","current":3,"total":6,"progress":73}
[2025-11-03 22:26:15.833] [info]  DiscordSplash.onStateUpdate: {"status":"installing-updates","current":3,"total":6,"progress":73}
[2025-11-03 22:26:15.833] [info]  Splash.onStateUpdate: {"status":"installing-updates","current":3,"total":6,"progress":73}
[2025-11-03 22:26:15.834] [info]  DiscordSplash.onStateUpdate: {"status":"installing-updates","current":3,"total":6,"progress":74}
[2025-11-03 22:26:15.834] [info]  Splash.onStateUpdate: {"status":"installing-updates","current":3,"total":6,"progress":74}
[2025-11-03 22:26:15.834] [info]  DiscordSplash.onStateUpdate: {"status":"installing-updates","current":3,"total":6,"progress":74}
[2025-11-03 22:26:15.834] [info]  Splash.onStateUpdate: {"status":"installing-updates","current":3,"total":6,"progress":74}
[2025-11-03 22:26:15.835] [info]  DiscordSplash.onStateUpdate: {"status":"installing-updates","current":3,"total":6,"progress":74}
[2025-11-03 22:26:15.835] [info]  Splash.onStateUpdate: {"status":"installing-updates","current":3,"total":6,"progress":74}
[2025-11-03 22:26:15.836] [info]  DiscordSplash.onStateUpdate: {"status":"installing-updates","current":3,"total":6,"progress":74}
[2025-11-03 22:26:15.836] [info]  Splash.onStateUpdate: {"status":"installing-updates","current":3,"total":6,"progress":74}
[2025-11-03 22:26:15.836] [info]  DiscordSplash.onStateUpdate: {"status":"installing-updates","current":3,"total":6,"progress":74}
[2025-11-03 22:26:15.836] [info]  Splash.onStateUpdate: {"status":"installing-updates","current":3,"total":6,"progress":74}
[2025-11-03 22:26:15.837] [info]  DiscordSplash.onStateUpdate: {"status":"installing-updates","current":3,"total":6,"progress":74}
[2025-11-03 22:26:15.837] [info]  Splash.onStateUpdate: {"status":"installing-updates","current":3,"total":6,"progress":74}
[2025-11-03 22:26:15.837] [info]  DiscordSplash.onStateUpdate: {"status":"installing-updates","current":3,"total":6,"progress":75}
[2025-11-03 22:26:15.837] [info]  Splash.onStateUpdate: {"status":"installing-updates","current":3,"total":6,"progress":75}
[2025-11-03 22:26:15.838] [info]  DiscordSplash.onStateUpdate: {"status":"installing-updates","current":3,"total":6,"progress":75}
[2025-11-03 22:26:15.838] [info]  Splash.onStateUpdate: {"status":"installing-updates","current":3,"total":6,"progress":75}
[2025-11-03 22:26:15.840] [info]  DiscordSplash.onStateUpdate: {"status":"installing-updates","current":3,"total":6,"progress":75}
[2025-11-03 22:26:15.840] [info]  Splash.onStateUpdate: {"status":"installing-updates","current":3,"total":6,"progress":75}
[2025-11-03 22:26:15.842] [info]  DiscordSplash.onStateUpdate: {"status":"installing-updates","current":3,"total":6,"progress":75}
[2025-11-03 22:26:15.842] [info]  Splash.onStateUpdate: {"status":"installing-updates","current":3,"total":6,"progress":75}
[2025-11-03 22:26:15.842] [info]  DiscordSplash.onStateUpdate: {"status":"installing-updates","current":3,"total":6,"progress":75}
[2025-11-03 22:26:15.842] [info]  Splash.onStateUpdate: {"status":"installing-updates","current":3,"total":6,"progress":75}
[2025-11-03 22:26:15.843] [info]  DiscordSplash.onStateUpdate: {"status":"installing-updates","current":3,"total":6,"progress":75}
[2025-11-03 22:26:15.843] [info]  Splash.onStateUpdate: {"status":"installing-updates","current":3,"total":6,"progress":75}
[2025-11-03 22:26:15.844] [info]  DiscordSplash.onStateUpdate: {"status":"installing-updates","current":3,"total":6,"progress":76}
[2025-11-03 22:26:15.844] [info]  Splash.onStateUpdate: {"status":"installing-updates","current":3,"total":6,"progress":76}
[2025-11-03 22:26:15.844] [info]  DiscordSplash.onStateUpdate: {"status":"installing-updates","current":3,"total":6,"progress":76}
[2025-11-03 22:26:15.844] [info]  Splash.onStateUpdate: {"status":"installing-updates","current":3,"total":6,"progress":76}
[2025-11-03 22:26:15.845] [info]  DiscordSplash.onStateUpdate: {"status":"installing-updates","current":3,"total":6,"progress":76}
[2025-11-03 22:26:15.845] [info]  Splash.onStateUpdate: {"status":"installing-updates","current":3,"total":6,"progress":76}
[2025-11-03 22:26:15.845] [info]  DiscordSplash.onStateUpdate: {"status":"installing-updates","current":3,"total":6,"progress":76}
[2025-11-03 22:26:15.845] [info]  Splash.onStateUpdate: {"status":"installing-updates","current":3,"total":6,"progress":76}
[2025-11-03 22:26:15.846] [info]  DiscordSplash.onStateUpdate: {"status":"installing-updates","current":3,"total":6,"progress":76}
[2025-11-03 22:26:15.846] [info]  Splash.onStateUpdate: {"status":"installing-updates","current":3,"total":6,"progress":76}
[2025-11-03 22:26:15.847] [info]  DiscordSplash.onStateUpdate: {"status":"installing-updates","current":3,"total":6,"progress":76}
[2025-11-03 22:26:15.847] [info]  Splash.onStateUpdate: {"status":"installing-updates","current":3,"total":6,"progress":76}
[2025-11-03 22:26:15.847] [info]  DiscordSplash.onStateUpdate: {"status":"installing-updates","current":3,"total":6,"progress":76}
[2025-11-03 22:26:15.847] [info]  Splash.onStateUpdate: {"status":"installing-updates","current":3,"total":6,"progress":76}
[2025-11-03 22:26:15.848] [info]  DiscordSplash.onStateUpdate: {"status":"installing-updates","current":3,"total":6,"progress":77}
[2025-11-03 22:26:15.848] [info]  Splash.onStateUpdate: {"status":"installing-updates","current":3,"total":6,"progress":77}
[2025-11-03 22:26:15.849] [info]  DiscordSplash.onStateUpdate: {"status":"installing-updates","current":3,"total":6,"progress":77}
[2025-11-03 22:26:15.849] [info]  Splash.onStateUpdate: {"status":"installing-updates","current":3,"total":6,"progress":77}
[2025-11-03 22:26:15.849] [info]  DiscordSplash.onStateUpdate: {"status":"installing-updates","current":3,"total":6,"progress":77}
[2025-11-03 22:26:15.849] [info]  Splash.onStateUpdate: {"status":"installing-updates","current":3,"total":6,"progress":77}
[2025-11-03 22:26:15.850] [info]  DiscordSplash.onStateUpdate: {"status":"installing-updates","current":3,"total":6,"progress":77}
[2025-11-03 22:26:15.850] [info]  Splash.onStateUpdate: {"status":"installing-updates","current":3,"total":6,"progress":77}
[2025-11-03 22:26:15.850] [info]  DiscordSplash.onStateUpdate: {"status":"installing-updates","current":3,"total":6,"progress":77}
[2025-11-03 22:26:15.850] [info]  Splash.onStateUpdate: {"status":"installing-updates","current":3,"total":6,"progress":77}
[2025-11-03 22:26:15.851] [info]  DiscordSplash.onStateUpdate: {"status":"installing-updates","current":3,"total":6,"progress":77}
[2025-11-03 22:26:15.851] [info]  Splash.onStateUpdate: {"status":"installing-updates","current":3,"total":6,"progress":77}
[2025-11-03 22:26:15.852] [info]  DiscordSplash.onStateUpdate: {"status":"installing-updates","current":3,"total":6,"progress":78}
[2025-11-03 22:26:15.852] [info]  Splash.onStateUpdate: {"status":"installing-updates","current":3,"total":6,"progress":78}
[2025-11-03 22:26:15.852] [info]  DiscordSplash.onStateUpdate: {"status":"installing-updates","current":3,"total":6,"progress":78}
[2025-11-03 22:26:15.852] [info]  Splash.onStateUpdate: {"status":"installing-updates","current":3,"total":6,"progress":78}
[2025-11-03 22:26:15.853] [info]  DiscordSplash.onStateUpdate: {"status":"installing-updates","current":3,"total":6,"progress":78}
[2025-11-03 22:26:15.853] [info]  Splash.onStateUpdate: {"status":"installing-updates","current":3,"total":6,"progress":78}
[2025-11-03 22:26:15.853] [info]  DiscordSplash.onStateUpdate: {"status":"installing-updates","current":3,"total":6,"progress":78}
[2025-11-03 22:26:15.853] [info]  Splash.onStateUpdate: {"status":"installing-updates","current":3,"total":6,"progress":78}
[2025-11-03 22:26:15.854] [info]  DiscordSplash.onStateUpdate: {"status":"installing-updates","current":3,"total":6,"progress":78}
[2025-11-03 22:26:15.854] [info]  Splash.onStateUpdate: {"status":"installing-updates","current":3,"total":6,"progress":78}
[2025-11-03 22:26:15.854] [info]  DiscordSplash.onStateUpdate: {"status":"installing-updates","current":3,"total":6,"progress":78}
[2025-11-03 22:26:15.855] [info]  Splash.onStateUpdate: {"status":"installing-updates","current":3,"total":6,"progress":78}
[2025-11-03 22:26:15.855] [info]  DiscordSplash.onStateUpdate: {"status":"installing-updates","current":3,"total":6,"progress":79}
[2025-11-03 22:26:15.855] [info]  Splash.onStateUpdate: {"status":"installing-updates","current":3,"total":6,"progress":79}
[2025-11-03 22:26:15.856] [info]  DiscordSplash.onStateUpdate: {"status":"installing-updates","current":3,"total":6,"progress":79}
[2025-11-03 22:26:15.856] [info]  Splash.onStateUpdate: {"status":"installing-updates","current":3,"total":6,"progress":79}
[2025-11-03 22:26:15.856] [info]  DiscordSplash.onStateUpdate: {"status":"installing-updates","current":3,"total":6,"progress":79}
[2025-11-03 22:26:15.856] [info]  Splash.onStateUpdate: {"status":"installing-updates","current":3,"total":6,"progress":79}
[2025-11-03 22:26:15.857] [info]  DiscordSplash.onStateUpdate: {"status":"installing-updates","current":3,"total":6,"progress":79}
[2025-11-03 22:26:15.857] [info]  Splash.onStateUpdate: {"status":"installing-updates","current":3,"total":6,"progress":79}
[2025-11-03 22:26:15.857] [info]  DiscordSplash.onStateUpdate: {"status":"installing-updates","current":3,"total":6,"progress":79}
[2025-11-03 22:26:15.858] [info]  Splash.onStateUpdate: {"status":"installing-updates","current":3,"total":6,"progress":79}
[2025-11-03 22:26:15.858] [info]  DiscordSplash.onStateUpdate: {"status":"installing-updates","current":3,"total":6,"progress":79}
[2025-11-03 22:26:15.859] [info]  Splash.onStateUpdate: {"status":"installing-updates","current":3,"total":6,"progress":79}
[2025-11-03 22:26:15.859] [info]  DiscordSplash.onStateUpdate: {"status":"installing-updates","current":3,"total":6,"progress":80}
[2025-11-03 22:26:15.859] [info]  Splash.onStateUpdate: {"status":"installing-updates","current":3,"total":6,"progress":80}
[2025-11-03 22:26:15.859] [info]  DiscordSplash.onStateUpdate: {"status":"installing-updates","current":3,"total":6,"progress":80}
[2025-11-03 22:26:15.859] [info]  Splash.onStateUpdate: {"status":"installing-updates","current":3,"total":6,"progress":80}
[2025-11-03 22:26:15.860] [info]  DiscordSplash.onStateUpdate: {"status":"installing-updates","current":3,"total":6,"progress":80}
[2025-11-03 22:26:15.860] [info]  Splash.onStateUpdate: {"status":"installing-updates","current":3,"total":6,"progress":80}
[2025-11-03 22:26:15.861] [info]  DiscordSplash.onStateUpdate: {"status":"installing-updates","current":3,"total":6,"progress":80}
[2025-11-03 22:26:15.861] [info]  Splash.onStateUpdate: {"status":"installing-updates","current":3,"total":6,"progress":80}
[2025-11-03 22:26:15.861] [info]  DiscordSplash.onStateUpdate: {"status":"installing-updates","current":3,"total":6,"progress":80}
[2025-11-03 22:26:15.861] [info]  Splash.onStateUpdate: {"status":"installing-updates","current":3,"total":6,"progress":80}
[2025-11-03 22:26:15.862] [info]  DiscordSplash.onStateUpdate: {"status":"installing-updates","current":3,"total":6,"progress":80}
[2025-11-03 22:26:15.862] [info]  Splash.onStateUpdate: {"status":"installing-updates","current":3,"total":6,"progress":80}
[2025-11-03 22:26:15.863] [info]  DiscordSplash.onStateUpdate: {"status":"installing-updates","current":3,"total":6,"progress":81}
[2025-11-03 22:26:15.863] [info]  Splash.onStateUpdate: {"status":"installing-updates","current":3,"total":6,"progress":81}
[2025-11-03 22:26:15.863] [info]  DiscordSplash.onStateUpdate: {"status":"installing-updates","current":3,"total":6,"progress":81}
[2025-11-03 22:26:15.863] [info]  Splash.onStateUpdate: {"status":"installing-updates","current":3,"total":6,"progress":81}
[2025-11-03 22:26:15.864] [info]  DiscordSplash.onStateUpdate: {"status":"installing-updates","current":3,"total":6,"progress":81}
[2025-11-03 22:26:15.864] [info]  Splash.onStateUpdate: {"status":"installing-updates","current":3,"total":6,"progress":81}
[2025-11-03 22:26:15.865] [info]  DiscordSplash.onStateUpdate: {"status":"installing-updates","current":3,"total":6,"progress":81}
[2025-11-03 22:26:15.865] [info]  Splash.onStateUpdate: {"status":"installing-updates","current":3,"total":6,"progress":81}
[2025-11-03 22:26:15.865] [info]  DiscordSplash.onStateUpdate: {"status":"installing-updates","current":3,"total":6,"progress":81}
[2025-11-03 22:26:15.866] [info]  Splash.onStateUpdate: {"status":"installing-updates","current":3,"total":6,"progress":81}
[2025-11-03 22:26:15.867] [info]  DiscordSplash.onStateUpdate: {"status":"installing-updates","current":3,"total":6,"progress":81}
[2025-11-03 22:26:15.867] [info]  Splash.onStateUpdate: {"status":"installing-updates","current":3,"total":6,"progress":81}
[2025-11-03 22:26:15.868] [info]  DiscordSplash.onStateUpdate: {"status":"installing-updates","current":3,"total":6,"progress":82}
[2025-11-03 22:26:15.868] [info]  Splash.onStateUpdate: {"status":"installing-updates","current":3,"total":6,"progress":82}
[2025-11-03 22:26:15.868] [info]  DiscordSplash.onStateUpdate: {"status":"installing-updates","current":3,"total":6,"progress":82}
[2025-11-03 22:26:15.868] [info]  Splash.onStateUpdate: {"status":"installing-updates","current":3,"total":6,"progress":82}
[2025-11-03 22:26:15.869] [info]  DiscordSplash.onStateUpdate: {"status":"installing-updates","current":3,"total":6,"progress":82}
[2025-11-03 22:26:15.869] [info]  Splash.onStateUpdate: {"status":"installing-updates","current":3,"total":6,"progress":82}
[2025-11-03 22:26:15.870] [info]  DiscordSplash.onStateUpdate: {"status":"installing-updates","current":3,"total":6,"progress":82}
[2025-11-03 22:26:15.870] [info]  Splash.onStateUpdate: {"status":"installing-updates","current":3,"total":6,"progress":82}
[2025-11-03 22:26:15.871] [info]  DiscordSplash.onStateUpdate: {"status":"installing-updates","current":3,"total":6,"progress":82}
[2025-11-03 22:26:15.871] [info]  Splash.onStateUpdate: {"status":"installing-updates","current":3,"total":6,"progress":82}
[2025-11-03 22:26:15.872] [info]  DiscordSplash.onStateUpdate: {"status":"installing-updates","current":3,"total":6,"progress":82}
[2025-11-03 22:26:15.872] [info]  Splash.onStateUpdate: {"status":"installing-updates","current":3,"total":6,"progress":82}
[2025-11-03 22:26:15.872] [info]  DiscordSplash.onStateUpdate: {"status":"installing-updates","current":3,"total":6,"progress":82}
[2025-11-03 22:26:15.872] [info]  Splash.onStateUpdate: {"status":"installing-updates","current":3,"total":6,"progress":82}
[2025-11-03 22:26:15.873] [info]  DiscordSplash.onStateUpdate: {"status":"installing-updates","current":3,"total":6,"progress":83}
[2025-11-03 22:26:15.873] [info]  Splash.onStateUpdate: {"status":"installing-updates","current":3,"total":6,"progress":83}
[2025-11-03 22:26:15.873] [info]  DiscordSplash.onStateUpdate: {"status":"installing-updates","current":3,"total":6,"progress":83}
[2025-11-03 22:26:15.873] [info]  Splash.onStateUpdate: {"status":"installing-updates","current":3,"total":6,"progress":83}
[2025-11-03 22:26:15.874] [info]  DiscordSplash.onStateUpdate: {"status":"installing-updates","current":3,"total":6,"progress":83}
[2025-11-03 22:26:15.874] [info]  Splash.onStateUpdate: {"status":"installing-updates","current":3,"total":6,"progress":83}
[2025-11-03 22:26:15.874] [info]  DiscordSplash.onStateUpdate: {"status":"installing-updates","current":3,"total":6,"progress":83}
[2025-11-03 22:26:15.874] [info]  Splash.onStateUpdate: {"status":"installing-updates","current":3,"total":6,"progress":83}
[2025-11-03 22:26:15.875] [info]  DiscordSplash.onStateUpdate: {"status":"installing-updates","current":3,"total":6,"progress":83}
[2025-11-03 22:26:15.876] [info]  Splash.onStateUpdate: {"status":"installing-updates","current":3,"total":6,"progress":83}
[2025-11-03 22:26:15.876] [info]  DiscordSplash.onStateUpdate: {"status":"installing-updates","current":3,"total":6,"progress":83}
[2025-11-03 22:26:15.876] [info]  Splash.onStateUpdate: {"status":"installing-updates","current":3,"total":6,"progress":83}
[2025-11-03 22:26:15.876] [info]  DiscordSplash.onStateUpdate: {"status":"installing-updates","current":3,"total":6,"progress":84}
[2025-11-03 22:26:15.876] [info]  Splash.onStateUpdate: {"status":"installing-updates","current":3,"total":6,"progress":84}
[2025-11-03 22:26:15.877] [info]  DiscordSplash.onStateUpdate: {"status":"installing-updates","current":3,"total":6,"progress":84}
[2025-11-03 22:26:15.877] [info]  Splash.onStateUpdate: {"status":"installing-updates","current":3,"total":6,"progress":84}
[2025-11-03 22:26:15.878] [info]  DiscordSplash.onStateUpdate: {"status":"installing-updates","current":3,"total":6,"progress":84}
[2025-11-03 22:26:15.878] [info]  Splash.onStateUpdate: {"status":"installing-updates","current":3,"total":6,"progress":84}
[2025-11-03 22:26:15.878] [info]  DiscordSplash.onStateUpdate: {"status":"installing-updates","current":3,"total":6,"progress":84}
[2025-11-03 22:26:15.878] [info]  Splash.onStateUpdate: {"status":"installing-updates","current":3,"total":6,"progress":84}
[2025-11-03 22:26:15.879] [info]  DiscordSplash.onStateUpdate: {"status":"installing-updates","current":3,"total":6,"progress":84}
[2025-11-03 22:26:15.879] [info]  Splash.onStateUpdate: {"status":"installing-updates","current":3,"total":6,"progress":84}
[2025-11-03 22:26:15.880] [info]  DiscordSplash.onStateUpdate: {"status":"installing-updates","current":3,"total":6,"progress":84}
[2025-11-03 22:26:15.880] [info]  Splash.onStateUpdate: {"status":"installing-updates","current":3,"total":6,"progress":84}
[2025-11-03 22:26:15.880] [info]  DiscordSplash.onStateUpdate: {"status":"installing-updates","current":3,"total":6,"progress":85}
[2025-11-03 22:26:15.880] [info]  Splash.onStateUpdate: {"status":"installing-updates","current":3,"total":6,"progress":85}
[2025-11-03 22:26:15.881] [info]  DiscordSplash.onStateUpdate: {"status":"installing-updates","current":3,"total":6,"progress":85}
[2025-11-03 22:26:15.881] [info]  Splash.onStateUpdate: {"status":"installing-updates","current":3,"total":6,"progress":85}
[2025-11-03 22:26:15.882] [info]  DiscordSplash.onStateUpdate: {"status":"installing-updates","current":3,"total":6,"progress":85}
[2025-11-03 22:26:15.882] [info]  Splash.onStateUpdate: {"status":"installing-updates","current":3,"total":6,"progress":85}
[2025-11-03 22:26:15.882] [info]  DiscordSplash.onStateUpdate: {"status":"installing-updates","current":3,"total":6,"progress":85}
[2025-11-03 22:26:15.882] [info]  Splash.onStateUpdate: {"status":"installing-updates","current":3,"total":6,"progress":85}
[2025-11-03 22:26:15.883] [info]  DiscordSplash.onStateUpdate: {"status":"installing-updates","current":3,"total":6,"progress":85}
[2025-11-03 22:26:15.883] [info]  Splash.onStateUpdate: {"status":"installing-updates","current":3,"total":6,"progress":85}
[2025-11-03 22:26:15.883] [info]  DiscordSplash.onStateUpdate: {"status":"installing-updates","current":3,"total":6,"progress":85}
[2025-11-03 22:26:15.883] [info]  Splash.onStateUpdate: {"status":"installing-updates","current":3,"total":6,"progress":85}
[2025-11-03 22:26:15.884] [info]  DiscordSplash.onStateUpdate: {"status":"installing-updates","current":3,"total":6,"progress":86}
[2025-11-03 22:26:15.884] [info]  Splash.onStateUpdate: {"status":"installing-updates","current":3,"total":6,"progress":86}
[2025-11-03 22:26:15.884] [info]  DiscordSplash.onStateUpdate: {"status":"installing-updates","current":3,"total":6,"progress":86}
[2025-11-03 22:26:15.884] [info]  Splash.onStateUpdate: {"status":"installing-updates","current":3,"total":6,"progress":86}
[2025-11-03 22:26:15.885] [info]  DiscordSplash.onStateUpdate: {"status":"installing-updates","current":3,"total":6,"progress":86}
[2025-11-03 22:26:15.885] [info]  Splash.onStateUpdate: {"status":"installing-updates","current":3,"total":6,"progress":86}
[2025-11-03 22:26:15.886] [info]  DiscordSplash.onStateUpdate: {"status":"installing-updates","current":3,"total":6,"progress":86}
[2025-11-03 22:26:15.886] [info]  Splash.onStateUpdate: {"status":"installing-updates","current":3,"total":6,"progress":86}
[2025-11-03 22:26:15.886] [info]  DiscordSplash.onStateUpdate: {"status":"installing-updates","current":3,"total":6,"progress":86}
[2025-11-03 22:26:15.886] [info]  Splash.onStateUpdate: {"status":"installing-updates","current":3,"total":6,"progress":86}
[2025-11-03 22:26:15.887] [info]  DiscordSplash.onStateUpdate: {"status":"installing-updates","current":3,"total":6,"progress":86}
[2025-11-03 22:26:15.887] [info]  Splash.onStateUpdate: {"status":"installing-updates","current":3,"total":6,"progress":86}
[2025-11-03 22:26:15.887] [info]  DiscordSplash.onStateUpdate: {"status":"installing-updates","current":3,"total":6,"progress":87}
[2025-11-03 22:26:15.887] [info]  Splash.onStateUpdate: {"status":"installing-updates","current":3,"total":6,"progress":87}
[2025-11-03 22:26:15.888] [info]  DiscordSplash.onStateUpdate: {"status":"installing-updates","current":3,"total":6,"progress":87}
[2025-11-03 22:26:15.888] [info]  Splash.onStateUpdate: {"status":"installing-updates","current":3,"total":6,"progress":87}
[2025-11-03 22:26:15.888] [info]  DiscordSplash.onStateUpdate: {"status":"installing-updates","current":3,"total":6,"progress":87}
[2025-11-03 22:26:15.889] [info]  Splash.onStateUpdate: {"status":"installing-updates","current":3,"total":6,"progress":87}
[2025-11-03 22:26:15.889] [info]  DiscordSplash.onStateUpdate: {"status":"installing-updates","current":3,"total":6,"progress":87}
[2025-11-03 22:26:15.889] [info]  Splash.onStateUpdate: {"status":"installing-updates","current":3,"total":6,"progress":87}
[2025-11-03 22:26:15.890] [info]  DiscordSplash.onStateUpdate: {"status":"installing-updates","current":3,"total":6,"progress":87}
[2025-11-03 22:26:15.890] [info]  Splash.onStateUpdate: {"status":"installing-updates","current":3,"total":6,"progress":87}
[2025-11-03 22:26:15.890] [info]  DiscordSplash.onStateUpdate: {"status":"installing-updates","current":3,"total":6,"progress":87}
[2025-11-03 22:26:15.890] [info]  Splash.onStateUpdate: {"status":"installing-updates","current":3,"total":6,"progress":87}
[2025-11-03 22:26:15.892] [info]  DiscordSplash.onStateUpdate: {"status":"installing-updates","current":3,"total":6,"progress":88}
[2025-11-03 22:26:15.892] [info]  Splash.onStateUpdate: {"status":"installing-updates","current":3,"total":6,"progress":88}
[2025-11-03 22:26:15.893] [info]  DiscordSplash.onStateUpdate: {"status":"installing-updates","current":3,"total":6,"progress":88}
[2025-11-03 22:26:15.893] [info]  Splash.onStateUpdate: {"status":"installing-updates","current":3,"total":6,"progress":88}
[2025-11-03 22:26:15.893] [info]  DiscordSplash.onStateUpdate: {"status":"installing-updates","current":3,"total":6,"progress":88}
[2025-11-03 22:26:15.893] [info]  Splash.onStateUpdate: {"status":"installing-updates","current":3,"total":6,"progress":88}
[2025-11-03 22:26:15.894] [info]  DiscordSplash.onStateUpdate: {"status":"installing-updates","current":3,"total":6,"progress":88}
[2025-11-03 22:26:15.894] [info]  Splash.onStateUpdate: {"status":"installing-updates","current":3,"total":6,"progress":88}
[2025-11-03 22:26:15.895] [info]  DiscordSplash.onStateUpdate: {"status":"installing-updates","current":3,"total":6,"progress":88}
[2025-11-03 22:26:15.895] [info]  Splash.onStateUpdate: {"status":"installing-updates","current":3,"total":6,"progress":88}
[2025-11-03 22:26:15.895] [info]  DiscordSplash.onStateUpdate: {"status":"installing-updates","current":3,"total":6,"progress":88}
[2025-11-03 22:26:15.895] [info]  Splash.onStateUpdate: {"status":"installing-updates","current":3,"total":6,"progress":88}
[2025-11-03 22:26:15.896] [info]  DiscordSplash.onStateUpdate: {"status":"installing-updates","current":3,"total":6,"progress":88}
[2025-11-03 22:26:15.896] [info]  Splash.onStateUpdate: {"status":"installing-updates","current":3,"total":6,"progress":88}
[2025-11-03 22:26:15.896] [info]  DiscordSplash.onStateUpdate: {"status":"installing-updates","current":3,"total":6,"progress":89}
[2025-11-03 22:26:15.896] [info]  Splash.onStateUpdate: {"status":"installing-updates","current":3,"total":6,"progress":89}
[2025-11-03 22:26:15.897] [info]  DiscordSplash.onStateUpdate: {"status":"installing-updates","current":3,"total":6,"progress":89}
[2025-11-03 22:26:15.897] [info]  Splash.onStateUpdate: {"status":"installing-updates","current":3,"total":6,"progress":89}
[2025-11-03 22:26:15.897] [info]  DiscordSplash.onStateUpdate: {"status":"installing-updates","current":3,"total":6,"progress":89}
[2025-11-03 22:26:15.897] [info]  Splash.onStateUpdate: {"status":"installing-updates","current":3,"total":6,"progress":89}
[2025-11-03 22:26:15.898] [info]  DiscordSplash.onStateUpdate: {"status":"installing-updates","current":3,"total":6,"progress":89}
[2025-11-03 22:26:15.898] [info]  Splash.onStateUpdate: {"status":"installing-updates","current":3,"total":6,"progress":89}
[2025-11-03 22:26:15.899] [info]  DiscordSplash.onStateUpdate: {"status":"installing-updates","current":3,"total":6,"progress":89}
[2025-11-03 22:26:15.899] [info]  Splash.onStateUpdate: {"status":"installing-updates","current":3,"total":6,"progress":89}
[2025-11-03 22:26:15.899] [info]  DiscordSplash.onStateUpdate: {"status":"installing-updates","current":3,"total":6,"progress":89}
[2025-11-03 22:26:15.899] [info]  Splash.onStateUpdate: {"status":"installing-updates","current":3,"total":6,"progress":89}
[2025-11-03 22:26:15.900] [info]  DiscordSplash.onStateUpdate: {"status":"installing-updates","current":3,"total":6,"progress":90}
[2025-11-03 22:26:15.900] [info]  Splash.onStateUpdate: {"status":"installing-updates","current":3,"total":6,"progress":90}
[2025-11-03 22:26:15.900] [info]  DiscordSplash.onStateUpdate: {"status":"installing-updates","current":3,"total":6,"progress":90}
[2025-11-03 22:26:15.900] [info]  Splash.onStateUpdate: {"status":"installing-updates","current":3,"total":6,"progress":90}
[2025-11-03 22:26:15.901] [info]  DiscordSplash.onStateUpdate: {"status":"installing-updates","current":3,"total":6,"progress":90}
[2025-11-03 22:26:15.901] [info]  Splash.onStateUpdate: {"status":"installing-updates","current":3,"total":6,"progress":90}
[2025-11-03 22:26:15.901] [info]  DiscordSplash.onStateUpdate: {"status":"installing-updates","current":3,"total":6,"progress":90}
[2025-11-03 22:26:15.902] [info]  Splash.onStateUpdate: {"status":"installing-updates","current":3,"total":6,"progress":90}
[2025-11-03 22:26:15.902] [info]  DiscordSplash.onStateUpdate: {"status":"installing-updates","current":3,"total":6,"progress":90}
[2025-11-03 22:26:15.902] [info]  Splash.onStateUpdate: {"status":"installing-updates","current":3,"total":6,"progress":90}
[2025-11-03 22:26:15.903] [info]  DiscordSplash.onStateUpdate: {"status":"installing-updates","current":3,"total":6,"progress":90}
[2025-11-03 22:26:15.903] [info]  Splash.onStateUpdate: {"status":"installing-updates","current":3,"total":6,"progress":90}
[2025-11-03 22:26:15.903] [info]  DiscordSplash.onStateUpdate: {"status":"installing-updates","current":3,"total":6,"progress":91}
[2025-11-03 22:26:15.903] [info]  Splash.onStateUpdate: {"status":"installing-updates","current":3,"total":6,"progress":91}
[2025-11-03 22:26:15.904] [info]  DiscordSplash.onStateUpdate: {"status":"installing-updates","current":3,"total":6,"progress":91}
[2025-11-03 22:26:15.904] [info]  Splash.onStateUpdate: {"status":"installing-updates","current":3,"total":6,"progress":91}
[2025-11-03 22:26:15.904] [info]  DiscordSplash.onStateUpdate: {"status":"installing-updates","current":3,"total":6,"progress":91}
[2025-11-03 22:26:15.904] [info]  Splash.onStateUpdate: {"status":"installing-updates","current":3,"total":6,"progress":91}
[2025-11-03 22:26:15.905] [info]  DiscordSplash.onStateUpdate: {"status":"installing-updates","current":3,"total":6,"progress":91}
[2025-11-03 22:26:15.905] [info]  Splash.onStateUpdate: {"status":"installing-updates","current":3,"total":6,"progress":91}
[2025-11-03 22:26:15.905] [info]  DiscordSplash.onStateUpdate: {"status":"installing-updates","current":3,"total":6,"progress":91}
[2025-11-03 22:26:15.906] [info]  Splash.onStateUpdate: {"status":"installing-updates","current":3,"total":6,"progress":91}
[2025-11-03 22:26:15.906] [info]  DiscordSplash.onStateUpdate: {"status":"installing-updates","current":3,"total":6,"progress":91}
[2025-11-03 22:26:15.906] [info]  Splash.onStateUpdate: {"status":"installing-updates","current":3,"total":6,"progress":91}
[2025-11-03 22:26:15.907] [info]  DiscordSplash.onStateUpdate: {"status":"installing-updates","current":3,"total":6,"progress":92}
[2025-11-03 22:26:15.907] [info]  Splash.onStateUpdate: {"status":"installing-updates","current":3,"total":6,"progress":92}
[2025-11-03 22:26:15.907] [info]  DiscordSplash.onStateUpdate: {"status":"installing-updates","current":3,"total":6,"progress":92}
[2025-11-03 22:26:15.907] [info]  Splash.onStateUpdate: {"status":"installing-updates","current":3,"total":6,"progress":92}
[2025-11-03 22:26:15.909] [info]  DiscordSplash.onStateUpdate: {"status":"installing-updates","current":3,"total":6,"progress":92}
[2025-11-03 22:26:15.909] [info]  Splash.onStateUpdate: {"status":"installing-updates","current":3,"total":6,"progress":92}
[2025-11-03 22:26:15.909] [info]  DiscordSplash.onStateUpdate: {"status":"installing-updates","current":3,"total":6,"progress":92}
[2025-11-03 22:26:15.909] [info]  Splash.onStateUpdate: {"status":"installing-updates","current":3,"total":6,"progress":92}
[2025-11-03 22:26:15.910] [info]  DiscordSplash.onStateUpdate: {"status":"installing-updates","current":3,"total":6,"progress":92}
[2025-11-03 22:26:15.910] [info]  Splash.onStateUpdate: {"status":"installing-updates","current":3,"total":6,"progress":92}
[2025-11-03 22:26:15.910] [info]  DiscordSplash.onStateUpdate: {"status":"installing-updates","current":3,"total":6,"progress":92}
[2025-11-03 22:26:15.911] [info]  Splash.onStateUpdate: {"status":"installing-updates","current":3,"total":6,"progress":92}
[2025-11-03 22:26:15.911] [info]  DiscordSplash.onStateUpdate: {"status":"installing-updates","current":3,"total":6,"progress":93}
[2025-11-03 22:26:15.911] [info]  Splash.onStateUpdate: {"status":"installing-updates","current":3,"total":6,"progress":93}
[2025-11-03 22:26:15.912] [info]  DiscordSplash.onStateUpdate: {"status":"installing-updates","current":3,"total":6,"progress":93}
[2025-11-03 22:26:15.912] [info]  Splash.onStateUpdate: {"status":"installing-updates","current":3,"total":6,"progress":93}
[2025-11-03 22:26:15.912] [info]  DiscordSplash.onStateUpdate: {"status":"installing-updates","current":3,"total":6,"progress":93}
[2025-11-03 22:26:15.912] [info]  Splash.onStateUpdate: {"status":"installing-updates","current":3,"total":6,"progress":93}
[2025-11-03 22:26:15.913] [info]  DiscordSplash.onStateUpdate: {"status":"installing-updates","current":3,"total":6,"progress":93}
[2025-11-03 22:26:15.913] [info]  Splash.onStateUpdate: {"status":"installing-updates","current":3,"total":6,"progress":93}
[2025-11-03 22:26:15.913] [info]  DiscordSplash.onStateUpdate: {"status":"installing-updates","current":3,"total":6,"progress":93}
[2025-11-03 22:26:15.913] [info]  Splash.onStateUpdate: {"status":"installing-updates","current":3,"total":6,"progress":93}
[2025-11-03 22:26:15.914] [info]  DiscordSplash.onStateUpdate: {"status":"installing-updates","current":3,"total":6,"progress":93}
[2025-11-03 22:26:15.914] [info]  Splash.onStateUpdate: {"status":"installing-updates","current":3,"total":6,"progress":93}
[2025-11-03 22:26:15.915] [info]  DiscordSplash.onStateUpdate: {"status":"installing-updates","current":3,"total":6,"progress":94}
[2025-11-03 22:26:15.915] [info]  Splash.onStateUpdate: {"status":"installing-updates","current":3,"total":6,"progress":94}
[2025-11-03 22:26:15.915] [info]  DiscordSplash.onStateUpdate: {"status":"installing-updates","current":3,"total":6,"progress":94}
[2025-11-03 22:26:15.915] [info]  Splash.onStateUpdate: {"status":"installing-updates","current":3,"total":6,"progress":94}
[2025-11-03 22:26:15.916] [info]  DiscordSplash.onStateUpdate: {"status":"installing-updates","current":3,"total":6,"progress":94}
[2025-11-03 22:26:15.916] [info]  Splash.onStateUpdate: {"status":"installing-updates","current":3,"total":6,"progress":94}
[2025-11-03 22:26:15.916] [info]  DiscordSplash.onStateUpdate: {"status":"installing-updates","current":3,"total":6,"progress":94}
[2025-11-03 22:26:15.916] [info]  Splash.onStateUpdate: {"status":"installing-updates","current":3,"total":6,"progress":94}
[2025-11-03 22:26:15.917] [info]  DiscordSplash.onStateUpdate: {"status":"installing-updates","current":3,"total":6,"progress":94}
[2025-11-03 22:26:15.917] [info]  Splash.onStateUpdate: {"status":"installing-updates","current":3,"total":6,"progress":94}
[2025-11-03 22:26:15.917] [info]  DiscordSplash.onStateUpdate: {"status":"installing-updates","current":3,"total":6,"progress":94}
[2025-11-03 22:26:15.917] [info]  Splash.onStateUpdate: {"status":"installing-updates","current":3,"total":6,"progress":94}
[2025-11-03 22:26:15.918] [info]  DiscordSplash.onStateUpdate: {"status":"installing-updates","current":3,"total":6,"progress":94}
[2025-11-03 22:26:15.918] [info]  Splash.onStateUpdate: {"status":"installing-updates","current":3,"total":6,"progress":94}
[2025-11-03 22:26:15.919] [info]  DiscordSplash.onStateUpdate: {"status":"installing-updates","current":3,"total":6,"progress":95}
[2025-11-03 22:26:15.919] [info]  Splash.onStateUpdate: {"status":"installing-updates","current":3,"total":6,"progress":95}
[2025-11-03 22:26:15.919] [info]  DiscordSplash.onStateUpdate: {"status":"installing-updates","current":3,"total":6,"progress":95}
[2025-11-03 22:26:15.919] [info]  Splash.onStateUpdate: {"status":"installing-updates","current":3,"total":6,"progress":95}
[2025-11-03 22:26:15.920] [info]  DiscordSplash.onStateUpdate: {"status":"installing-updates","current":3,"total":6,"progress":95}
[2025-11-03 22:26:15.920] [info]  Splash.onStateUpdate: {"status":"installing-updates","current":3,"total":6,"progress":95}
[2025-11-03 22:26:15.921] [info]  DiscordSplash.onStateUpdate: {"status":"installing-updates","current":3,"total":6,"progress":95}
[2025-11-03 22:26:15.921] [info]  Splash.onStateUpdate: {"status":"installing-updates","current":3,"total":6,"progress":95}
[2025-11-03 22:26:15.922] [info]  DiscordSplash.onStateUpdate: {"status":"installing-updates","current":3,"total":6,"progress":95}
[2025-11-03 22:26:15.922] [info]  Splash.onStateUpdate: {"status":"installing-updates","current":3,"total":6,"progress":95}
[2025-11-03 22:26:15.922] [info]  DiscordSplash.onStateUpdate: {"status":"installing-updates","current":3,"total":6,"progress":95}
[2025-11-03 22:26:15.922] [info]  Splash.onStateUpdate: {"status":"installing-updates","current":3,"total":6,"progress":95}
[2025-11-03 22:26:15.923] [info]  DiscordSplash.onStateUpdate: {"status":"installing-updates","current":3,"total":6,"progress":96}
[2025-11-03 22:26:15.923] [info]  Splash.onStateUpdate: {"status":"installing-updates","current":3,"total":6,"progress":96}
[2025-11-03 22:26:15.924] [info]  DiscordSplash.onStateUpdate: {"status":"installing-updates","current":3,"total":6,"progress":96}
[2025-11-03 22:26:15.924] [info]  Splash.onStateUpdate: {"status":"installing-updates","current":3,"total":6,"progress":96}
[2025-11-03 22:26:15.924] [info]  DiscordSplash.onStateUpdate: {"status":"installing-updates","current":3,"total":6,"progress":96}
[2025-11-03 22:26:15.924] [info]  Splash.onStateUpdate: {"status":"installing-updates","current":3,"total":6,"progress":96}
[2025-11-03 22:26:15.925] [info]  DiscordSplash.onStateUpdate: {"status":"installing-updates","current":3,"total":6,"progress":96}
[2025-11-03 22:26:15.925] [info]  Splash.onStateUpdate: {"status":"installing-updates","current":3,"total":6,"progress":96}
[2025-11-03 22:26:15.926] [info]  DiscordSplash.onStateUpdate: {"status":"installing-updates","current":3,"total":6,"progress":96}
[2025-11-03 22:26:15.926] [info]  Splash.onStateUpdate: {"status":"installing-updates","current":3,"total":6,"progress":96}
[2025-11-03 22:26:15.926] [info]  DiscordSplash.onStateUpdate: {"status":"installing-updates","current":3,"total":6,"progress":96}
[2025-11-03 22:26:15.926] [info]  Splash.onStateUpdate: {"status":"installing-updates","current":3,"total":6,"progress":96}
[2025-11-03 22:26:15.927] [info]  DiscordSplash.onStateUpdate: {"status":"installing-updates","current":3,"total":6,"progress":97}
[2025-11-03 22:26:15.927] [info]  Splash.onStateUpdate: {"status":"installing-updates","current":3,"total":6,"progress":97}
[2025-11-03 22:26:15.928] [info]  DiscordSplash.onStateUpdate: {"status":"installing-updates","current":3,"total":6,"progress":97}
[2025-11-03 22:26:15.928] [info]  Splash.onStateUpdate: {"status":"installing-updates","current":3,"total":6,"progress":97}
[2025-11-03 22:26:15.928] [info]  DiscordSplash.onStateUpdate: {"status":"installing-updates","current":3,"total":6,"progress":97}
[2025-11-03 22:26:15.928] [info]  Splash.onStateUpdate: {"status":"installing-updates","current":3,"total":6,"progress":97}
[2025-11-03 22:26:15.929] [info]  DiscordSplash.onStateUpdate: {"status":"installing-updates","current":3,"total":6,"progress":97}
[2025-11-03 22:26:15.929] [info]  Splash.onStateUpdate: {"status":"installing-updates","current":3,"total":6,"progress":97}
[2025-11-03 22:26:15.929] [info]  DiscordSplash.onStateUpdate: {"status":"installing-updates","current":3,"total":6,"progress":97}
[2025-11-03 22:26:15.929] [info]  Splash.onStateUpdate: {"status":"installing-updates","current":3,"total":6,"progress":97}
[2025-11-03 22:26:15.930] [info]  DiscordSplash.onStateUpdate: {"status":"installing-updates","current":3,"total":6,"progress":97}
[2025-11-03 22:26:15.930] [info]  Splash.onStateUpdate: {"status":"installing-updates","current":3,"total":6,"progress":97}
[2025-11-03 22:26:15.930] [info]  DiscordSplash.onStateUpdate: {"status":"installing-updates","current":3,"total":6,"progress":98}
[2025-11-03 22:26:15.931] [info]  Splash.onStateUpdate: {"status":"installing-updates","current":3,"total":6,"progress":98}
[2025-11-03 22:26:15.931] [info]  DiscordSplash.onStateUpdate: {"status":"installing-updates","current":3,"total":6,"progress":98}
[2025-11-03 22:26:15.931] [info]  Splash.onStateUpdate: {"status":"installing-updates","current":3,"total":6,"progress":98}
[2025-11-03 22:26:15.932] [info]  DiscordSplash.onStateUpdate: {"status":"installing-updates","current":3,"total":6,"progress":98}
[2025-11-03 22:26:15.932] [info]  Splash.onStateUpdate: {"status":"installing-updates","current":3,"total":6,"progress":98}
[2025-11-03 22:26:15.933] [info]  DiscordSplash.onStateUpdate: {"status":"installing-updates","current":3,"total":6,"progress":98}
[2025-11-03 22:26:15.933] [info]  Splash.onStateUpdate: {"status":"installing-updates","current":3,"total":6,"progress":98}
[2025-11-03 22:26:15.933] [info]  DiscordSplash.onStateUpdate: {"status":"installing-updates","current":3,"total":6,"progress":98}
[2025-11-03 22:26:15.933] [info]  Splash.onStateUpdate: {"status":"installing-updates","current":3,"total":6,"progress":98}
[2025-11-03 22:26:15.934] [info]  DiscordSplash.onStateUpdate: {"status":"installing-updates","current":3,"total":6,"progress":98}
[2025-11-03 22:26:15.934] [info]  Splash.onStateUpdate: {"status":"installing-updates","current":3,"total":6,"progress":98}
[2025-11-03 22:26:15.934] [info]  DiscordSplash.onStateUpdate: {"status":"installing-updates","current":3,"total":6,"progress":99}
[2025-11-03 22:26:15.934] [info]  Splash.onStateUpdate: {"status":"installing-updates","current":3,"total":6,"progress":99}
[2025-11-03 22:26:15.935] [info]  DiscordSplash.onStateUpdate: {"status":"installing-updates","current":3,"total":6,"progress":99}
[2025-11-03 22:26:15.935] [info]  Splash.onStateUpdate: {"status":"installing-updates","current":3,"total":6,"progress":99}
[2025-11-03 22:26:15.936] [info]  DiscordSplash.onStateUpdate: {"status":"installing-updates","current":3,"total":6,"progress":99}
[2025-11-03 22:26:15.936] [info]  Splash.onStateUpdate: {"status":"installing-updates","current":3,"total":6,"progress":99}
[2025-11-03 22:26:15.976] [info]  DiscordSplash.onStateUpdate: {"status":"installing-updates","current":3,"total":6,"progress":99}
[2025-11-03 22:26:15.976] [info]  Splash.onStateUpdate: {"status":"installing-updates","current":3,"total":6,"progress":99}
[2025-11-03 22:26:16.013] [info]  DiscordSplash.onStateUpdate: {"status":"installing-updates","current":3,"total":6,"progress":99}
[2025-11-03 22:26:16.013] [info]  Splash.onStateUpdate: {"status":"installing-updates","current":3,"total":6,"progress":99}
[2025-11-03 22:26:16.014] [info]  DiscordSplash.onStateUpdate: {"status":"installing-updates","current":3,"total":6,"progress":99}
[2025-11-03 22:26:16.014] [info]  Splash.onStateUpdate: {"status":"installing-updates","current":3,"total":6,"progress":99}
[2025-11-03 22:26:16.014] [info]  DiscordSplash.onStateUpdate: {"status":"installing-updates","current":3,"total":6,"progress":100}
[2025-11-03 22:26:16.014] [info]  Splash.onStateUpdate: {"status":"installing-updates","current":3,"total":6,"progress":100}
[2025-11-03 22:26:16.015] [info]  DiscordSplash.onStateUpdate: {"status":"installing-updates","current":4,"total":6}
[2025-11-03 22:26:16.015] [info]  Splash.onStateUpdate: {"status":"installing-updates","current":4,"total":6}
[2025-11-03 22:26:16.016] [info]  DiscordSplash.onStateUpdate: {"status":"installing-updates","current":4,"total":6,"progress":3}
[2025-11-03 22:26:16.016] [info]  Splash.onStateUpdate: {"status":"installing-updates","current":4,"total":6,"progress":3}
[2025-11-03 22:26:16.076] [info]  DiscordSplash.onStateUpdate: {"status":"installing-updates","current":4,"total":6,"progress":6}
[2025-11-03 22:26:16.076] [info]  Splash.onStateUpdate: {"status":"installing-updates","current":4,"total":6,"progress":6}
[2025-11-03 22:26:16.077] [info]  DiscordSplash.onStateUpdate: {"status":"installing-updates","current":4,"total":6,"progress":9}
[2025-11-03 22:26:16.077] [info]  Splash.onStateUpdate: {"status":"installing-updates","current":4,"total":6,"progress":9}
[2025-11-03 22:26:16.078] [info]  DiscordSplash.onStateUpdate: {"status":"installing-updates","current":4,"total":6,"progress":12}
[2025-11-03 22:26:16.078] [info]  Splash.onStateUpdate: {"status":"installing-updates","current":4,"total":6,"progress":12}
[2025-11-03 22:26:16.079] [info]  DiscordSplash.onStateUpdate: {"status":"installing-updates","current":4,"total":6,"progress":15}
[2025-11-03 22:26:16.079] [info]  Splash.onStateUpdate: {"status":"installing-updates","current":4,"total":6,"progress":15}
[2025-11-03 22:26:16.079] [info]  DiscordSplash.onStateUpdate: {"status":"installing-updates","current":4,"total":6,"progress":18}
[2025-11-03 22:26:16.079] [info]  Splash.onStateUpdate: {"status":"installing-updates","current":4,"total":6,"progress":18}
[2025-11-03 22:26:16.080] [info]  DiscordSplash.onStateUpdate: {"status":"installing-updates","current":4,"total":6,"progress":21}
[2025-11-03 22:26:16.080] [info]  Splash.onStateUpdate: {"status":"installing-updates","current":4,"total":6,"progress":21}
[2025-11-03 22:26:16.081] [info]  DiscordSplash.onStateUpdate: {"status":"installing-updates","current":4,"total":6,"progress":24}
[2025-11-03 22:26:16.081] [info]  Splash.onStateUpdate: {"status":"installing-updates","current":4,"total":6,"progress":24}
[2025-11-03 22:26:16.082] [info]  DiscordSplash.onStateUpdate: {"status":"installing-updates","current":4,"total":6,"progress":27}
[2025-11-03 22:26:16.082] [info]  Splash.onStateUpdate: {"status":"installing-updates","current":4,"total":6,"progress":27}
[2025-11-03 22:26:16.082] [info]  DiscordSplash.onStateUpdate: {"status":"installing-updates","current":4,"total":6,"progress":30}
[2025-11-03 22:26:16.082] [info]  Splash.onStateUpdate: {"status":"installing-updates","current":4,"total":6,"progress":30}
[2025-11-03 22:26:16.083] [info]  DiscordSplash.onStateUpdate: {"status":"installing-updates","current":4,"total":6,"progress":33}
[2025-11-03 22:26:16.083] [info]  Splash.onStateUpdate: {"status":"installing-updates","current":4,"total":6,"progress":33}
[2025-11-03 22:26:16.083] [info]  DiscordSplash.onStateUpdate: {"status":"installing-updates","current":4,"total":6,"progress":36}
[2025-11-03 22:26:16.083] [info]  Splash.onStateUpdate: {"status":"installing-updates","current":4,"total":6,"progress":36}
[2025-11-03 22:26:16.084] [info]  DiscordSplash.onStateUpdate: {"status":"installing-updates","current":4,"total":6,"progress":39}
[2025-11-03 22:26:16.084] [info]  Splash.onStateUpdate: {"status":"installing-updates","current":4,"total":6,"progress":39}
[2025-11-03 22:26:16.085] [info]  DiscordSplash.onStateUpdate: {"status":"installing-updates","current":4,"total":6,"progress":42}
[2025-11-03 22:26:16.085] [info]  Splash.onStateUpdate: {"status":"installing-updates","current":4,"total":6,"progress":42}
[2025-11-03 22:26:16.086] [info]  DiscordSplash.onStateUpdate: {"status":"installing-updates","current":4,"total":6,"progress":45}
[2025-11-03 22:26:16.086] [info]  Splash.onStateUpdate: {"status":"installing-updates","current":4,"total":6,"progress":45}
[2025-11-03 22:26:16.086] [info]  DiscordSplash.onStateUpdate: {"status":"installing-updates","current":4,"total":6,"progress":48}
[2025-11-03 22:26:16.086] [info]  Splash.onStateUpdate: {"status":"installing-updates","current":4,"total":6,"progress":48}
[2025-11-03 22:26:16.087] [info]  DiscordSplash.onStateUpdate: {"status":"installing-updates","current":4,"total":6,"progress":51}
[2025-11-03 22:26:16.087] [info]  Splash.onStateUpdate: {"status":"installing-updates","current":4,"total":6,"progress":51}
[2025-11-03 22:26:16.087] [info]  DiscordSplash.onStateUpdate: {"status":"installing-updates","current":4,"total":6,"progress":54}
[2025-11-03 22:26:16.087] [info]  Splash.onStateUpdate: {"status":"installing-updates","current":4,"total":6,"progress":54}
[2025-11-03 22:26:16.088] [info]  DiscordSplash.onStateUpdate: {"status":"installing-updates","current":4,"total":6,"progress":57}
[2025-11-03 22:26:16.088] [info]  Splash.onStateUpdate: {"status":"installing-updates","current":4,"total":6,"progress":57}
[2025-11-03 22:26:16.089] [info]  DiscordSplash.onStateUpdate: {"status":"installing-updates","current":4,"total":6,"progress":60}
[2025-11-03 22:26:16.089] [info]  Splash.onStateUpdate: {"status":"installing-updates","current":4,"total":6,"progress":60}
[2025-11-03 22:26:16.089] [info]  DiscordSplash.onStateUpdate: {"status":"installing-updates","current":4,"total":6,"progress":63}
[2025-11-03 22:26:16.089] [info]  Splash.onStateUpdate: {"status":"installing-updates","current":4,"total":6,"progress":63}
[2025-11-03 22:26:16.090] [info]  DiscordSplash.onStateUpdate: {"status":"installing-updates","current":4,"total":6,"progress":66}
[2025-11-03 22:26:16.090] [info]  Splash.onStateUpdate: {"status":"installing-updates","current":4,"total":6,"progress":66}
[2025-11-03 22:26:16.090] [info]  DiscordSplash.onStateUpdate: {"status":"installing-updates","current":4,"total":6,"progress":69}
[2025-11-03 22:26:16.091] [info]  Splash.onStateUpdate: {"status":"installing-updates","current":4,"total":6,"progress":69}
[2025-11-03 22:26:16.091] [info]  DiscordSplash.onStateUpdate: {"status":"installing-updates","current":4,"total":6,"progress":72}
[2025-11-03 22:26:16.091] [info]  Splash.onStateUpdate: {"status":"installing-updates","current":4,"total":6,"progress":72}
[2025-11-03 22:26:16.092] [info]  DiscordSplash.onStateUpdate: {"status":"installing-updates","current":4,"total":6,"progress":75}
[2025-11-03 22:26:16.092] [info]  Splash.onStateUpdate: {"status":"installing-updates","current":4,"total":6,"progress":75}
[2025-11-03 22:26:16.092] [info]  DiscordSplash.onStateUpdate: {"status":"installing-updates","current":4,"total":6,"progress":78}
[2025-11-03 22:26:16.093] [info]  Splash.onStateUpdate: {"status":"installing-updates","current":4,"total":6,"progress":78}
[2025-11-03 22:26:16.093] [info]  DiscordSplash.onStateUpdate: {"status":"installing-updates","current":4,"total":6,"progress":81}
[2025-11-03 22:26:16.093] [info]  Splash.onStateUpdate: {"status":"installing-updates","current":4,"total":6,"progress":81}
[2025-11-03 22:26:16.094] [info]  DiscordSplash.onStateUpdate: {"status":"installing-updates","current":4,"total":6,"progress":84}
[2025-11-03 22:26:16.094] [info]  Splash.onStateUpdate: {"status":"installing-updates","current":4,"total":6,"progress":84}
[2025-11-03 22:26:16.095] [info]  DiscordSplash.onStateUpdate: {"status":"installing-updates","current":4,"total":6,"progress":87}
[2025-11-03 22:26:16.095] [info]  Splash.onStateUpdate: {"status":"installing-updates","current":4,"total":6,"progress":87}
[2025-11-03 22:26:16.095] [info]  DiscordSplash.onStateUpdate: {"status":"installing-updates","current":4,"total":6,"progress":90}
[2025-11-03 22:26:16.095] [info]  Splash.onStateUpdate: {"status":"installing-updates","current":4,"total":6,"progress":90}
[2025-11-03 22:26:16.096] [info]  DiscordSplash.onStateUpdate: {"status":"installing-updates","current":4,"total":6,"progress":93}
[2025-11-03 22:26:16.096] [info]  Splash.onStateUpdate: {"status":"installing-updates","current":4,"total":6,"progress":93}
[2025-11-03 22:26:16.097] [info]  DiscordSplash.onStateUpdate: {"status":"installing-updates","current":4,"total":6,"progress":96}
[2025-11-03 22:26:16.097] [info]  Splash.onStateUpdate: {"status":"installing-updates","current":4,"total":6,"progress":96}
[2025-11-03 22:26:16.097] [info]  DiscordSplash.onStateUpdate: {"status":"installing-updates","current":4,"total":6,"progress":100}
[2025-11-03 22:26:16.098] [info]  Splash.onStateUpdate: {"status":"installing-updates","current":4,"total":6,"progress":100}
[2025-11-03 22:26:16.098] [info]  DiscordSplash.onStateUpdate: {"status":"installing-updates","current":5,"total":6}
[2025-11-03 22:26:16.098] [info]  Splash.onStateUpdate: {"status":"installing-updates","current":5,"total":6}
[2025-11-03 22:26:16.099] [info]  DiscordSplash.onStateUpdate: {"status":"installing-updates","current":5,"total":6,"progress":20}
[2025-11-03 22:26:16.099] [info]  Splash.onStateUpdate: {"status":"installing-updates","current":5,"total":6,"progress":20}
[2025-11-03 22:26:16.099] [info]  DiscordSplash.onStateUpdate: {"status":"installing-updates","current":5,"total":6,"progress":40}
[2025-11-03 22:26:16.100] [info]  Splash.onStateUpdate: {"status":"installing-updates","current":5,"total":6,"progress":40}
[2025-11-03 22:26:16.100] [info]  DiscordSplash.onStateUpdate: {"status":"installing-updates","current":5,"total":6,"progress":60}
[2025-11-03 22:26:16.100] [info]  Splash.onStateUpdate: {"status":"installing-updates","current":5,"total":6,"progress":60}
[2025-11-03 22:26:16.108] [info]  DiscordSplash.onStateUpdate: {"status":"installing-updates","current":5,"total":6,"progress":80}
[2025-11-03 22:26:16.108] [info]  Splash.onStateUpdate: {"status":"installing-updates","current":5,"total":6,"progress":80}
[2025-11-03 22:26:16.109] [info]  DiscordSplash.onStateUpdate: {"status":"installing-updates","current":5,"total":6,"progress":100}
[2025-11-03 22:26:16.109] [info]  Splash.onStateUpdate: {"status":"installing-updates","current":5,"total":6,"progress":100}
[2025-11-03 22:26:16.456] [info]  DiscordSplash.onStateUpdate: {"status":"installing-updates","current":6,"total":6}
[2025-11-03 22:26:16.456] [info]  Splash.onStateUpdate: {"status":"installing-updates","current":6,"total":6}
[2025-11-03 22:26:16.457] [info]  DiscordSplash.onStateUpdate: {"status":"installing-updates","current":6,"total":6,"progress":25}
[2025-11-03 22:26:16.457] [info]  Splash.onStateUpdate: {"status":"installing-updates","current":6,"total":6,"progress":25}
[2025-11-03 22:26:16.457] [info]  DiscordSplash.onStateUpdate: {"status":"installing-updates","current":6,"total":6,"progress":50}
[2025-11-03 22:26:16.458] [info]  Splash.onStateUpdate: {"status":"installing-updates","current":6,"total":6,"progress":50}
[2025-11-03 22:26:16.458] [info]  DiscordSplash.onStateUpdate: {"status":"installing-updates","current":6,"total":6,"progress":75}
[2025-11-03 22:26:16.458] [info]  Splash.onStateUpdate: {"status":"installing-updates","current":6,"total":6,"progress":75}
[2025-11-03 22:26:16.459] [info]  DiscordSplash.onStateUpdate: {"status":"installing-updates","current":6,"total":6,"progress":100}
[2025-11-03 22:26:16.459] [info]  Splash.onStateUpdate: {"status":"installing-updates","current":6,"total":6,"progress":100}
[2025-11-03 22:26:16.464] [info]  DiscordSplash.onStateUpdate: {"status":"checking-for-updates","current":6,"total":6}
[2025-11-03 22:26:16.465] [info]  Splash.onStateUpdate: {"status":"checking-for-updates","current":6,"total":6}
[2025-11-03 22:26:16.609] [info]  Splash.updateCountdownSeconds: undefined
[2025-11-03 22:26:16.696] [info]  DiscordSplash.onStateUpdate: {"status":"launching","current":6,"total":6}
[2025-11-03 22:26:16.696] [info]  Splash.onStateUpdate: {"status":"launching","current":6,"total":6}
[2025-11-03 22:26:17.501] [info]  [libdiscore] [experiment_manager] Loaded experiments from cache
[2025-11-03 22:26:17.599] [info]  [KvStore] GuildStore initialized in mode: typescript
[2025-11-03 22:26:17.608] [info]  Splash.updateCountdownSeconds: undefined
[2025-11-03 22:26:17.663] [info]  [KkvStore] GuildRoleStore initialized in mode: typescript
[2025-11-03 22:26:17.717] [info]  Initializing voice engine with audio subsystem: standard
[2025-11-03 22:26:17.792] [info]  [KkvStore] RawGuildEmojiStore initialized in mode: typescript
[2025-11-03 22:26:17.810] [info]  [KkvStore] GuildStickersStore initialized in mode: typescript
[2025-11-03 22:26:17.810] [info]  [KkvStore] StickersPackStore initialized in mode: typescript
[2025-11-03 22:26:17.862] [info]  [default] [BUILD INFO] Release Channel: stable, Build Number: 464283, Version Hash: ce994224062d64e009c682809a29190ae1162be5
[2025-11-03 22:26:18.008] [info]  [KvStore] NoteStore initialized in mode: typescript
[2025-11-03 22:26:18.011] [warn]  [CloudSyncUtils] CloudSync is not supported on this platform
[2025-11-03 22:26:18.023] [info]  [default] [NATIVE INFO] host 0.0.113, modules: discord_desktop_core: 1, discord_erlpack: 1, discord_spellcheck: 1, discord_utils: 1, discord_voice: 1, discord_zstd: 1, build: null
[2025-11-03 22:26:18.030] [info]  [libdiscore] The answer for life the universe and everything is: 42
[2025-11-03 22:26:18.056] [error] [Spellchecker] sh is not a valid locale.
[2025-11-03 22:26:18.097] [info]  [Spellchecker] Switching to en-US (available)
[2025-11-03 22:26:19.770] [info]  [RPCServer:WSS] Starting on 6463
[2025-11-03 22:26:19.778] [info]  [RPCServer:IPC] Starting on /run/user/1000/discord-ipc-0
[2025-11-03 22:26:21.946] [info]  [RPCServer:WSS] Socket Message: 4 [object Object]
[2025-11-03 22:26:21.971] [info]  [LoginQRSocket] [0ms] connecting to wss://remote-auth-gateway.discord.gg/?v=2
[2025-11-03 22:26:21.973] [info]  [RPCServer:WSS] Socket Emit: 4 [object Object]
[2025-11-03 22:26:22.225] [info]  [LoginQRSocket] [254ms] got hello, auth timeout=259092ms
[2025-11-03 22:26:22.287] [info]  [LoginQRSocket] [316ms] connected, handshaking with fingerprint: WEQQg4Bqv_b96cN2iSwrKlXrY2S_E35dHJ8esok0ZE4
[2025-11-03 22:26:22.442] [info]  [LoginQRSocket] [471ms] computed nonce proof
[2025-11-03 22:26:22.594] [info]  [LoginQRSocket] [623ms] handshake complete awaiting remote auth.
[2025-11-03 22:26:25.605] [warn]  The resource https://discordapp.com/assets/189422196a4f8b53.woff2 was preloaded using link preload but not used within a few seconds from the window's load event. Please make sure it has an appropriate `as` value and it is preloaded intentionally.
[2025-11-03 22:26:25.605] [warn]  The resource https://discordapp.com/assets/7a6a566c2e88a35d.woff2 was preloaded using link preload but not used within a few seconds from the window's load event. Please make sure it has an appropriate `as` value and it is preloaded intentionally.
[2025-11-03 22:26:25.605] [warn]  The resource https://discordapp.com/assets/dd24010f3cf7def7.woff2 was preloaded using link preload but not used within a few seconds from the window's load event. Please make sure it has an appropriate `as` value and it is preloaded intentionally.
[2025-11-03 22:26:25.605] [warn]  The resource https://discordapp.com/assets/e52f0cba712e2fb4.woff2 was preloaded using link preload but not used within a few seconds from the window's load event. Please make sure it has an appropriate `as` value and it is preloaded intentionally.
[2025-11-03 22:26:25.606] [warn]  The resource https://discordapp.com/assets/ce3b8055f5114434.woff2 was preloaded using link preload but not used within a few seconds from the window's load event. Please make sure it has an appropriate `as` value and it is preloaded intentionally.
[2025-11-03 22:26:25.606] [warn]  The resource https://discordapp.com/assets/cb2006dbced0e246.woff2 was preloaded using link preload but not used within a few seconds from the window's load event. Please make sure it has an appropriate `as` value and it is preloaded intentionally.
[2025-11-03 22:26:50.814] [info]  [Flux] Dispatching LOGIN
[2025-11-03 22:26:51.103] [warn]  AnalyticsTrackImpressionContext function unimplemented
[2025-11-03 22:26:51.149] [info]  recaptchacompat disabled
[2025-11-03 22:26:51.240] [warn]  [PostMessageTransport] Protocol error: event data should be an Array!
[2025-11-03 22:26:51.240] [warn]  [PostMessageTransport] Protocol error: event data should be an Array!
[2025-11-03 22:26:51.240] [warn]  [PostMessageTransport] Protocol error: event data should be an Array!
[2025-11-03 22:26:51.240] [warn]  [PostMessageTransport] Protocol error: event data should be an Array!
[2025-11-03 22:26:51.273] [warn]  [PostMessageTransport] Protocol error: event data should be an Array!
[2025-11-03 22:26:51.273] [warn]  [PostMessageTransport] Protocol error: event data should be an Array!
[2025-11-03 22:26:51.309] [warn]  [PostMessageTransport] Protocol error: event data should be an Array!
[2025-11-03 22:26:51.311] [warn]  [PostMessageTransport] Protocol error: event data should be an Array!
[2025-11-03 22:26:51.392] [warn]  AnalyticsTrackImpressionContext function unimplemented
[2025-11-03 22:26:52.358] [info]  WebGPU is experimental on this platform. See https://github.com/gpuweb/gpuweb/wiki/Implementation-Status#implementation-status
[2025-11-03 22:26:52.358] [warn]  Failed to create WebGPU Context Provider
[2025-11-03 22:26:53.282] [warn]  [PostMessageTransport] Protocol error: event data should be an Array!
[2025-11-03 22:26:53.287] [warn]  [PostMessageTransport] Protocol error: event data should be an Array!
[2025-11-03 22:26:53.287] [warn]  [PostMessageTransport] Protocol error: event data should be an Array!
[2025-11-03 22:26:54.748] [warn]  [PostMessageTransport] Protocol error: event data should be an Array!
[2025-11-03 22:26:58.446] [warn]  The resource https://discordapp.com/assets/189422196a4f8b53.woff2 was preloaded using link preload but not used within a few seconds from the window's load event. Please make sure it has an appropriate `as` value and it is preloaded intentionally.
[2025-11-03 22:26:58.446] [warn]  The resource https://discordapp.com/assets/7a6a566c2e88a35d.woff2 was preloaded using link preload but not used within a few seconds from the window's load event. Please make sure it has an appropriate `as` value and it is preloaded intentionally.
[2025-11-03 22:26:58.447] [warn]  The resource https://discordapp.com/assets/dd24010f3cf7def7.woff2 was preloaded using link preload but not used within a few seconds from the window's load event. Please make sure it has an appropriate `as` value and it is preloaded intentionally.
[2025-11-03 22:26:58.447] [warn]  The resource https://discordapp.com/assets/e52f0cba712e2fb4.woff2 was preloaded using link preload but not used within a few seconds from the window's load event. Please make sure it has an appropriate `as` value and it is preloaded intentionally.
[2025-11-03 22:26:58.447] [warn]  The resource https://discordapp.com/assets/ce3b8055f5114434.woff2 was preloaded using link preload but not used within a few seconds from the window's load event. Please make sure it has an appropriate `as` value and it is preloaded intentionally.
[2025-11-03 22:26:58.447] [warn]  The resource https://discordapp.com/assets/cb2006dbced0e246.woff2 was preloaded using link preload but not used within a few seconds from the window's load event. Please make sure it has an appropriate `as` value and it is preloaded intentionally.
[2025-11-03 22:27:08.494] [info]  [Flux] Dispatching LOGIN
[2025-11-03 22:27:08.686] [warn]  AnalyticsTrackImpressionContext function unimplemented
[2025-11-03 22:27:08.757] [warn]  [PostMessageTransport] Protocol error: event data should be an Array!
[2025-11-03 22:27:08.757] [warn]  [PostMessageTransport] Protocol error: event data should be an Array!
[2025-11-03 22:27:08.758] [warn]  [PostMessageTransport] Protocol error: event data should be an Array!
[2025-11-03 22:27:08.758] [warn]  [PostMessageTransport] Protocol error: event data should be an Array!
[2025-11-03 22:27:08.784] [warn]  [PostMessageTransport] Protocol error: event data should be an Array!
[2025-11-03 22:27:08.784] [warn]  [PostMessageTransport] Protocol error: event data should be an Array!
[2025-11-03 22:27:08.820] [warn]  [PostMessageTransport] Protocol error: event data should be an Array!
[2025-11-03 22:27:08.821] [warn]  [PostMessageTransport] Protocol error: event data should be an Array!
[2025-11-03 22:27:08.979] [warn]  AnalyticsTrackImpressionContext function unimplemented
[2025-11-03 22:27:09.414] [info]  WebGPU is experimental on this platform. See https://github.com/gpuweb/gpuweb/wiki/Implementation-Status#implementation-status
[2025-11-03 22:27:09.414] [warn]  Failed to create WebGPU Context Provider
[2025-11-03 22:27:09.907] [warn]  [PostMessageTransport] Protocol error: event data should be an Array!
[2025-11-03 22:27:09.911] [warn]  [PostMessageTransport] Protocol error: event data should be an Array!
[2025-11-03 22:27:09.912] [warn]  [PostMessageTransport] Protocol error: event data should be an Array!
[2025-11-03 22:27:11.761] [warn]  [PostMessageTransport] Protocol error: event data should be an Array!
[2025-11-03 22:27:15.175] [warn]  The resource https://discordapp.com/assets/189422196a4f8b53.woff2 was preloaded using link preload but not used within a few seconds from the window's load event. Please make sure it has an appropriate `as` value and it is preloaded intentionally.
[2025-11-03 22:27:15.176] [warn]  The resource https://discordapp.com/assets/7a6a566c2e88a35d.woff2 was preloaded using link preload but not used within a few seconds from the window's load event. Please make sure it has an appropriate `as` value and it is preloaded intentionally.
[2025-11-03 22:27:15.176] [warn]  The resource https://discordapp.com/assets/dd24010f3cf7def7.woff2 was preloaded using link preload but not used within a few seconds from the window's load event. Please make sure it has an appropriate `as` value and it is preloaded intentionally.
[2025-11-03 22:27:15.176] [warn]  The resource https://discordapp.com/assets/e52f0cba712e2fb4.woff2 was preloaded using link preload but not used within a few seconds from the window's load event. Please make sure it has an appropriate `as` value and it is preloaded intentionally.
[2025-11-03 22:27:15.176] [warn]  The resource https://discordapp.com/assets/ce3b8055f5114434.woff2 was preloaded using link preload but not used within a few seconds from the window's load event. Please make sure it has an appropriate `as` value and it is preloaded intentionally.
[2025-11-03 22:27:15.176] [warn]  The resource https://discordapp.com/assets/cb2006dbced0e246.woff2 was preloaded using link preload but not used within a few seconds from the window's load event. Please make sure it has an appropriate `as` value and it is preloaded intentionally.
[2025-11-03 22:27:18.394] [info]  [Flux] Dispatching LOGIN
[2025-11-03 22:27:18.588] [warn]  AnalyticsTrackImpressionContext function unimplemented
[2025-11-03 22:27:18.659] [warn]  [PostMessageTransport] Protocol error: event data should be an Array!
[2025-11-03 22:27:18.659] [warn]  [PostMessageTransport] Protocol error: event data should be an Array!
[2025-11-03 22:27:18.659] [warn]  [PostMessageTransport] Protocol error: event data should be an Array!
[2025-11-03 22:27:18.660] [warn]  [PostMessageTransport] Protocol error: event data should be an Array!
[2025-11-03 22:27:18.686] [warn]  [PostMessageTransport] Protocol error: event data should be an Array!
[2025-11-03 22:27:18.686] [warn]  [PostMessageTransport] Protocol error: event data should be an Array!
[2025-11-03 22:27:18.714] [warn]  [PostMessageTransport] Protocol error: event data should be an Array!
[2025-11-03 22:27:18.716] [warn]  [PostMessageTransport] Protocol error: event data should be an Array!
[2025-11-03 22:27:18.881] [warn]  AnalyticsTrackImpressionContext function unimplemented
[2025-11-03 22:27:19.120] [info]  WebGPU is experimental on this platform. See https://github.com/gpuweb/gpuweb/wiki/Implementation-Status#implementation-status
[2025-11-03 22:27:19.121] [warn]  Failed to create WebGPU Context Provider
[2025-11-03 22:27:20.180] [warn]  [PostMessageTransport] Protocol error: event data should be an Array!
[2025-11-03 22:27:20.185] [warn]  [PostMessageTransport] Protocol error: event data should be an Array!
[2025-11-03 22:27:20.185] [warn]  [PostMessageTransport] Protocol error: event data should be an Array!
[2025-11-03 22:27:21.807] [warn]  [PostMessageTransport] Protocol error: event data should be an Array!
[2025-11-03 22:27:25.218] [warn]  The resource https://discordapp.com/assets/189422196a4f8b53.woff2 was preloaded using link preload but not used within a few seconds from the window's load event. Please make sure it has an appropriate `as` value and it is preloaded intentionally.
[2025-11-03 22:27:25.218] [warn]  The resource https://discordapp.com/assets/7a6a566c2e88a35d.woff2 was preloaded using link preload but not used within a few seconds from the window's load event. Please make sure it has an appropriate `as` value and it is preloaded intentionally.
[2025-11-03 22:27:25.218] [warn]  The resource https://discordapp.com/assets/dd24010f3cf7def7.woff2 was preloaded using link preload but not used within a few seconds from the window's load event. Please make sure it has an appropriate `as` value and it is preloaded intentionally.
[2025-11-03 22:27:25.218] [warn]  The resource https://discordapp.com/assets/e52f0cba712e2fb4.woff2 was preloaded using link preload but not used within a few seconds from the window's load event. Please make sure it has an appropriate `as` value and it is preloaded intentionally.
[2025-11-03 22:27:25.219] [warn]  The resource https://discordapp.com/assets/ce3b8055f5114434.woff2 was preloaded using link preload but not used within a few seconds from the window's load event. Please make sure it has an appropriate `as` value and it is preloaded intentionally.
[2025-11-03 22:27:25.219] [warn]  The resource https://discordapp.com/assets/cb2006dbced0e246.woff2 was preloaded using link preload but not used within a few seconds from the window's load event. Please make sure it has an appropriate `as` value and it is preloaded intentionally.
[2025-11-03 22:27:26.145] [info]  [Flux] Dispatching LOGIN
[2025-11-03 22:27:26.330] [warn]  AnalyticsTrackImpressionContext function unimplemented
[2025-11-03 22:27:26.399] [warn]  [PostMessageTransport] Protocol error: event data should be an Array!
[2025-11-03 22:27:26.399] [warn]  [PostMessageTransport] Protocol error: event data should be an Array!
[2025-11-03 22:27:26.400] [warn]  [PostMessageTransport] Protocol error: event data should be an Array!
[2025-11-03 22:27:26.400] [warn]  [PostMessageTransport] Protocol error: event data should be an Array!
[2025-11-03 22:27:26.426] [warn]  [PostMessageTransport] Protocol error: event data should be an Array!
[2025-11-03 22:27:26.426] [warn]  [PostMessageTransport] Protocol error: event data should be an Array!
[2025-11-03 22:27:26.465] [warn]  [PostMessageTransport] Protocol error: event data should be an Array!
[2025-11-03 22:27:26.466] [warn]  [PostMessageTransport] Protocol error: event data should be an Array!
[2025-11-03 22:27:26.624] [warn]  AnalyticsTrackImpressionContext function unimplemented
[2025-11-03 22:27:26.875] [info]  WebGPU is experimental on this platform. See https://github.com/gpuweb/gpuweb/wiki/Implementation-Status#implementation-status
[2025-11-03 22:27:26.875] [warn]  Failed to create WebGPU Context Provider
[2025-11-03 22:27:27.751] [warn]  [PostMessageTransport] Protocol error: event data should be an Array!
[2025-11-03 22:27:27.755] [warn]  [PostMessageTransport] Protocol error: event data should be an Array!
[2025-11-03 22:27:27.756] [warn]  [PostMessageTransport] Protocol error: event data should be an Array!
[2025-11-03 22:27:29.738] [warn]  [PostMessageTransport] Protocol error: event data should be an Array!
[2025-11-03 22:27:33.116] [warn]  The resource https://discordapp.com/assets/189422196a4f8b53.woff2 was preloaded using link preload but not used within a few seconds from the window's load event. Please make sure it has an appropriate `as` value and it is preloaded intentionally.
[2025-11-03 22:27:33.116] [warn]  The resource https://discordapp.com/assets/7a6a566c2e88a35d.woff2 was preloaded using link preload but not used within a few seconds from the window's load event. Please make sure it has an appropriate `as` value and it is preloaded intentionally.
[2025-11-03 22:27:33.117] [warn]  The resource https://discordapp.com/assets/dd24010f3cf7def7.woff2 was preloaded using link preload but not used within a few seconds from the window's load event. Please make sure it has an appropriate `as` value and it is preloaded intentionally.
[2025-11-03 22:27:33.117] [warn]  The resource https://discordapp.com/assets/e52f0cba712e2fb4.woff2 was preloaded using link preload but not used within a few seconds from the window's load event. Please make sure it has an appropriate `as` value and it is preloaded intentionally.
[2025-11-03 22:27:33.117] [warn]  The resource https://discordapp.com/assets/ce3b8055f5114434.woff2 was preloaded using link preload but not used within a few seconds from the window's load event. Please make sure it has an appropriate `as` value and it is preloaded intentionally.
[2025-11-03 22:27:33.117] [warn]  The resource https://discordapp.com/assets/cb2006dbced0e246.woff2 was preloaded using link preload but not used within a few seconds from the window's load event. Please make sure it has an appropriate `as` value and it is preloaded intentionally.
[2025-11-03 22:28:20.965] [warn]  The resource https://discordapp.com/assets/189422196a4f8b53.woff2 was preloaded using link preload but not used within a few seconds from the window's load event. Please make sure it has an appropriate `as` value and it is preloaded intentionally.
[2025-11-03 22:28:20.966] [warn]  The resource https://discordapp.com/assets/7a6a566c2e88a35d.woff2 was preloaded using link preload but not used within a few seconds from the window's load event. Please make sure it has an appropriate `as` value and it is preloaded intentionally.
[2025-11-03 22:28:20.966] [warn]  The resource https://discordapp.com/assets/dd24010f3cf7def7.woff2 was preloaded using link preload but not used within a few seconds from the window's load event. Please make sure it has an appropriate `as` value and it is preloaded intentionally.
[2025-11-03 22:28:20.967] [warn]  The resource https://discordapp.com/assets/e52f0cba712e2fb4.woff2 was preloaded using link preload but not used within a few seconds from the window's load event. Please make sure it has an appropriate `as` value and it is preloaded intentionally.
[2025-11-03 22:28:20.967] [warn]  The resource https://discordapp.com/assets/ce3b8055f5114434.woff2 was preloaded using link preload but not used within a few seconds from the window's load event. Please make sure it has an appropriate `as` value and it is preloaded intentionally.
[2025-11-03 22:28:20.967] [warn]  The resource https://discordapp.com/assets/cb2006dbced0e246.woff2 was preloaded using link preload but not used within a few seconds from the window's load event. Please make sure it has an appropriate `as` value and it is preloaded intentionally.
[2025-11-03 22:29:55.854] [info]  [LoginQRSocket] [213883ms] remote auth handshake started, awaiting ticket/cancel.
[2025-11-03 22:29:58.891] [warn]  The resource https://discordapp.com/assets/189422196a4f8b53.woff2 was preloaded using link preload but not used within a few seconds from the window's load event. Please make sure it has an appropriate `as` value and it is preloaded intentionally.
[2025-11-03 22:29:58.892] [warn]  The resource https://discordapp.com/assets/7a6a566c2e88a35d.woff2 was preloaded using link preload but not used within a few seconds from the window's load event. Please make sure it has an appropriate `as` value and it is preloaded intentionally.
[2025-11-03 22:29:58.892] [warn]  The resource https://discordapp.com/assets/dd24010f3cf7def7.woff2 was preloaded using link preload but not used within a few seconds from the window's load event. Please make sure it has an appropriate `as` value and it is preloaded intentionally.
[2025-11-03 22:29:58.892] [warn]  The resource https://discordapp.com/assets/e52f0cba712e2fb4.woff2 was preloaded using link preload but not used within a few seconds from the window's load event. Please make sure it has an appropriate `as` value and it is preloaded intentionally.
[2025-11-03 22:29:58.892] [warn]  The resource https://discordapp.com/assets/ce3b8055f5114434.woff2 was preloaded using link preload but not used within a few seconds from the window's load event. Please make sure it has an appropriate `as` value and it is preloaded intentionally.
[2025-11-03 22:29:58.892] [warn]  The resource https://discordapp.com/assets/cb2006dbced0e246.woff2 was preloaded using link preload but not used within a few seconds from the window's load event. Please make sure it has an appropriate `as` value and it is preloaded intentionally.
[2025-11-03 22:29:59.449] [info]  [Flux] Dispatching LOGIN
[2025-11-03 22:29:59.453] [info]  [Flux] Dispatching LOGIN_SUCCESS
[2025-11-03 22:29:59.459] [info]  [Routing/Utils] transitionTo - Transitioning to /app
[2025-11-03 22:29:59.471] [info]  [GatewaySocket] [CONNECT] wss://gateway.discord.gg, encoding: etf, version: 9, compression: zstd-stream
[2025-11-03 22:29:59.472] [info]  [LoginQRSocket] [217501ms] cleaning up
[2025-11-03 22:29:59.741] [info]  [GatewaySocket] [CONNECTED] wss://gateway.discord.gg/?encoding=etf&v=9&compress=zstd-stream in 271 ms
[2025-11-03 22:30:00.674] [info]  [GatewaySocket] [READY] took 1204ms, as 72a059ea6effed56c58d8afbec12e7e2
[2025-11-03 22:30:00.724] [info]  [Flux] Dispatching CONNECTION_OPEN
[2025-11-03 22:30:00.727] [info]  [DatabaseManager] removing database (user: 792433527081271357, database: undefined)
[2025-11-03 22:30:00.739] [warn]  [NativeDispatchUtils] Tried getting Dispatch instance before instantiated
[2025-11-03 22:30:00.752] [info]  [Spotify] WS Connecting
[2025-11-03 22:30:00.753] [info]  [Spotify] Added account: 31vzsztvayz6pancbtcewcttagkm
[2025-11-03 22:30:01.094] [info]  [GatewaySocket] [READY_SUPPLEMENTAL] took 1624ms
[2025-11-03 22:30:01.239] [info]  [Spotify] WS Connected
[2025-11-03 22:30:01.338] [info]  [Spotify] Devices updated for 31vzsztvayz6pancbtcewcttagkm: 
[2025-11-03 22:30:01.387] [info]  [Spotify] Profile updated for 31vzsztvayz6pancbtcewcttagkm: isPremium = false
[2025-11-03 22:30:03.178] [info]  [OverlayKeybindExperimentManager] Experiments initializing...
[2025-11-03 22:30:03.192] [info]  [OverlayKeybindExperimentManager] Experiments initialized
[2025-11-03 22:30:03.696] [info]  [discord_protos.discord_users.v1.PreloadedUserSettings] Updating userContent with delay 0
[2025-11-03 22:30:03.699] [info]  [discord_protos.discord_users.v1.PreloadedUserSettings] Scheduling save from markDirty
[2025-11-03 22:30:03.709] [info]  [discord_protos.discord_users.v1.PreloadedUserSettings] Persisting proto
[2025-11-03 22:30:03.710] [info]  [discord_protos.discord_users.v1.PreloadedUserSettings] Updating localization with delay 0
[2025-11-03 22:30:07.068] [warn]  The resource https://discordapp.com/assets/189422196a4f8b53.woff2 was preloaded using link preload but not used within a few seconds from the window's load event. Please make sure it has an appropriate `as` value and it is preloaded intentionally.
[2025-11-03 22:30:07.068] [warn]  The resource https://discordapp.com/assets/7a6a566c2e88a35d.woff2 was preloaded using link preload but not used within a few seconds from the window's load event. Please make sure it has an appropriate `as` value and it is preloaded intentionally.
[2025-11-03 22:30:07.069] [warn]  The resource https://discordapp.com/assets/dd24010f3cf7def7.woff2 was preloaded using link preload but not used within a few seconds from the window's load event. Please make sure it has an appropriate `as` value and it is preloaded intentionally.
[2025-11-03 22:30:07.069] [warn]  The resource https://discordapp.com/assets/e52f0cba712e2fb4.woff2 was preloaded using link preload but not used within a few seconds from the window's load event. Please make sure it has an appropriate `as` value and it is preloaded intentionally.
[2025-11-03 22:30:07.069] [warn]  The resource https://discordapp.com/assets/ce3b8055f5114434.woff2 was preloaded using link preload but not used within a few seconds from the window's load event. Please make sure it has an appropriate `as` value and it is preloaded intentionally.
[2025-11-03 22:30:07.069] [warn]  The resource https://discordapp.com/assets/cb2006dbced0e246.woff2 was preloaded using link preload but not used within a few seconds from the window's load event. Please make sure it has an appropriate `as` value and it is preloaded intentionally.
[2025-11-03 22:30:09.018] [info]  [MessageActionCreators] Fetching messages for 1191834640554655837 between undefined and undefined. jump={"jumpType":"ANIMATED"}
[2025-11-03 22:30:09.198] [info]  [Routing/Utils] transitionTo - Transitioning to /channels/1191834640554655834/1191834640554655837
[2025-11-03 22:30:09.531] [info]  [MessageActionCreators] Fetched 11 messages for 1191834640554655837 isBefore:false isAfter:false
[2025-11-03 22:30:09.533] [info]  [ChannelMessages] loadComplete: resetting state for channelId=1191834640554655837, sending.length=0
[2025-11-03 22:30:10.753] [info]  [ReadStateStore] Deleting ReadState 277409058422521857 0 [object Object]
[2025-11-03 22:30:10.854] [info]  [ReadStateStore] Deleting ReadState 1302504673672040519 0 [object Object]
[2025-11-03 22:30:11.039] [info]  [MessageActionCreators] Fetching messages for 1191834641016033351 between undefined and undefined. jump={"jumpType":"ANIMATED"}
[2025-11-03 22:30:11.355] [info]  [MessageActionCreators] Fetched 0 messages for 1191834641016033351 isBefore:false isAfter:false
[2025-11-03 22:30:11.355] [info]  [ChannelMessages] loadComplete: resetting state for channelId=1191834641016033351, sending.length=0
[2025-11-03 22:30:11.373] [info]  [RTCControlSocket(default)] [CONNECT] wss://bucharest2096.discord.media:443/
[2025-11-03 22:30:11.373] [info]  [RTCConnection(1191834640554655834, default)] Connecting to RTC server wss://bucharest2096.discord.media:443/, rtc-connection-id: 19d2f341-f2d1-4b3b-be9c-bbe7032b9d82, channel: 1191834641016033351(2)
[2025-11-03 22:30:11.374] [info]  [RTCConnection(1191834640554655834, default)] RTC connection state: AWAITING_ENDPOINT => CONNECTING
[2025-11-03 22:30:11.408] [info]  [RTCConnection(1191834640554655834, default)] Connected to RTC server.
[2025-11-03 22:30:11.408] [info]  [RTCControlSocket(default)] [CONNECTED] wss://bucharest2096.discord.media:443/ in 35 ms
[2025-11-03 22:30:11.409] [info]  [RTCConnection(1191834640554655834, default)] RTC connection state: CONNECTING => AUTHENTICATING
[2025-11-03 22:30:11.413] [info]  [RTCControlSocket(default)] [HELLO] heartbeat interval: 13750, version: 8, took 39 ms
[2025-11-03 22:30:11.413] [info]  [RTCControlSocket(default)] Starting heartbeat with interval: 13750
[2025-11-03 22:30:11.418] [info]  [RTCControlSocket(default)] [READY] took 45 ms
[2025-11-03 22:30:11.419] [info]  [RTCConnection(1191834640554655834, default)] RTC connection state: AUTHENTICATING => RTC_CONNECTING
[2025-11-03 22:30:11.422] [info]  [Connection(default)] Creating connection to 66.22.244.21:50002 with audio ssrc: 566618
[2025-11-03 22:30:11.457] [info]  [Connection(default)] Connected with local address 141.85.144.206:24988 and protocol: udp
[2025-11-03 22:30:11.458] [info]  [Connection(default)] Available codecs: "[{\"codec\":\"AV1\",\"decode\":true,\"encode\":false},{\"codec\":\"H264\",\"decode\":true,\"encode\":true},{\"codec\":\"VP8\",\"decode\":true,\"encode\":true},{\"codec\":\"VP9\",\"decode\":true,\"encode\":false}]\n"
[2025-11-03 22:30:11.458] [info]  [Connection(default)] Experimental codecs: [{"name":"AV1","encode":false,"decode":true}]
[2025-11-03 22:30:11.459] [info]  [Connection(default)] Audio codecs: opus
[2025-11-03 22:30:11.459] [info]  [Connection(default)] Video codecs: AV1[encode: false, decode: true],H264[encode: true, decode: true],VP8[encode: true, decode: true],VP9[encode: false, decode: true]
[2025-11-03 22:30:11.459] [info]  [Connection(default)] Encryption modes: aead_aes256_gcm_rtpsize,aead_aes256_gcm,aead_xchacha20_poly1305_rtpsize,xsalsa20_poly1305_lite_rtpsize,xsalsa20_poly1305_lite,xsalsa20_poly1305_suffix,xsalsa20_poly1305
[2025-11-03 22:30:11.459] [info]  [Connection(default)] Connection state change: CONNECTING => CONNECTED
[2025-11-03 22:30:11.460] [info]  [RTCConnection(1191834640554655834, default)] RTC media connection state change: RTC_CONNECTING => CONNECTED
[2025-11-03 22:30:11.460] [info]  [RTCConnection(1191834640554655834, default)] RTC connection state: RTC_CONNECTING => RTC_CONNECTED
[2025-11-03 22:30:11.463] [info]  [RTCConnection(1191834640554655834, default)] RTC connected to media server: 66.22.244.21:50002
[2025-11-03 22:30:11.464] [info]  [RTCConnection(1191834640554655834, default)] Sending UDP info to RTC server. [object Object] fixed_keyframe_interval,keyframe_on_join,network_aware_socket
[2025-11-03 22:30:11.474] [info]  [RTCConnection(1191834640554655834, default)] Setting media-session-id: bff29de82a689e00406315129c8dc540 for rtc-connection-id: 19d2f341-f2d1-4b3b-be9c-bbe7032b9d82
[2025-11-03 22:30:11.474] [info]  [Connection(default)] Selected encryption mode: aead_aes256_gcm_rtpsize
[2025-11-03 22:30:11.474] [info]  [RTCConnection(1191834640554655834, default)] DAVE protocol init with protocol version: 1
[2025-11-03 22:30:11.475] [info]  [RTCConnection(1191834640554655834, default)] Remote media sink wants: {"any":100}
[2025-11-03 22:30:11.476] [info]  [RTCConnection(1191834640554655834, default)] Received MLS external sender package
[2025-11-03 22:30:11.476] [info]  [Connection(default)] DAVE protocol state update: {"version":1,"epochAuthenticator":""}
[2025-11-03 22:30:11.477] [info]  [RTCConnection(1191834640554655834, default)] Got MLS key package, sending to RTC server
[2025-11-03 22:30:11.477] [info]  [RTCControlSocket(default)] Sending MLS key package
[2025-11-03 22:30:13.342] [info]  [libdiscore] [BlockedDomainsStore] Successfully fetched blocked domains
[2025-11-03 22:30:17.014] [warn]  The resource https://discordapp.com/assets/189422196a4f8b53.woff2 was preloaded using link preload but not used within a few seconds from the window's load event. Please make sure it has an appropriate `as` value and it is preloaded intentionally.
[2025-11-03 22:30:17.014] [warn]  The resource https://discordapp.com/assets/7a6a566c2e88a35d.woff2 was preloaded using link preload but not used within a few seconds from the window's load event. Please make sure it has an appropriate `as` value and it is preloaded intentionally.
[2025-11-03 22:30:17.014] [warn]  The resource https://discordapp.com/assets/dd24010f3cf7def7.woff2 was preloaded using link preload but not used within a few seconds from the window's load event. Please make sure it has an appropriate `as` value and it is preloaded intentionally.
[2025-11-03 22:30:17.014] [warn]  The resource https://discordapp.com/assets/e52f0cba712e2fb4.woff2 was preloaded using link preload but not used within a few seconds from the window's load event. Please make sure it has an appropriate `as` value and it is preloaded intentionally.
[2025-11-03 22:30:17.014] [warn]  The resource https://discordapp.com/assets/ce3b8055f5114434.woff2 was preloaded using link preload but not used within a few seconds from the window's load event. Please make sure it has an appropriate `as` value and it is preloaded intentionally.
[2025-11-03 22:30:17.014] [warn]  The resource https://discordapp.com/assets/cb2006dbced0e246.woff2 was preloaded using link preload but not used within a few seconds from the window's load event. Please make sure it has an appropriate `as` value and it is preloaded intentionally.
[2025-11-03 22:30:20.036] [info]  [discord_protos.discord_users.v1.PreloadedUserSettings] Updating notifications with delay 0
[2025-11-03 22:30:20.040] [info]  [discord_protos.discord_users.v1.PreloadedUserSettings] Scheduling save from markDirty
[2025-11-03 22:30:20.041] [info]  [discord_protos.discord_users.v1.PreloadedUserSettings] Updating voiceAndVideo with delay 0
[2025-11-03 22:30:20.163] [info]  [discord_protos.discord_users.v1.PreloadedUserSettings] Persisting proto
[2025-11-03 22:30:20.315] [info]  [RTCConnection(1191834640554655834, default)] Updating channel: 1191834641016033351(2)
[2025-11-03 22:30:20.420] [info]  [RTCControlSocket(stream)] [CONNECT] wss://c-otp01-69fc0d36.discord.media:8443/
[2025-11-03 22:30:20.420] [info]  [RTCConnection(1435003183863824404, stream)] Connecting to RTC server wss://c-otp01-69fc0d36.discord.media:8443/, rtc-connection-id: 77e5147a-542b-469a-a3d2-9c8b492077d6, channel: 1191834641016033351(2)
[2025-11-03 22:30:20.420] [info]  [RTCConnection(1435003183863824404, stream)] RTC connection state: AWAITING_ENDPOINT => CONNECTING
[2025-11-03 22:30:20.452] [info]  [RTCConnection(1435003183863824404, stream)] Connected to RTC server.
[2025-11-03 22:30:20.452] [info]  [RTCControlSocket(stream)] [CONNECTED] wss://c-otp01-69fc0d36.discord.media:8443/ in 31 ms
[2025-11-03 22:30:20.452] [info]  [RTCConnection(1435003183863824404, stream)] RTC connection state: CONNECTING => AUTHENTICATING
[2025-11-03 22:30:20.453] [info]  [RTCControlSocket(stream)] [HELLO] heartbeat interval: 13750, version: 8, took 33 ms
[2025-11-03 22:30:20.454] [info]  [RTCControlSocket(stream)] Starting heartbeat with interval: 13750
[2025-11-03 22:30:20.454] [info]  [RTCControlSocket(stream)] [READY] took 34 ms
[2025-11-03 22:30:20.454] [info]  [RTCConnection(1435003183863824404, stream)] RTC connection state: AUTHENTICATING => RTC_CONNECTING
[2025-11-03 22:30:20.456] [info]  [Connection(stream)] Creating connection to 104.29.142.125:19339 with audio ssrc: 27470
[2025-11-03 22:30:20.459] [info]  [Connection(stream)] Connected with local address 141.85.144.206:28044 and protocol: udp
[2025-11-03 22:30:20.459] [info]  [Connection(stream)] Available codecs: "[{\"codec\":\"AV1\",\"decode\":true,\"encode\":false},{\"codec\":\"H264\",\"decode\":true,\"encode\":true},{\"codec\":\"VP8\",\"decode\":true,\"encode\":true},{\"codec\":\"VP9\",\"decode\":true,\"encode\":false}]\n"
[2025-11-03 22:30:20.460] [info]  [Connection(stream)] Experimental codecs: [{"name":"AV1","encode":false,"decode":true}]
[2025-11-03 22:30:20.460] [info]  [Connection(stream)] Audio codecs: opus
[2025-11-03 22:30:20.460] [info]  [Connection(stream)] Video codecs: AV1[encode: false, decode: true],H264[encode: true, decode: true],VP8[encode: true, decode: true],VP9[encode: false, decode: true]
[2025-11-03 22:30:20.460] [info]  [Connection(stream)] Encryption modes: aead_aes256_gcm_rtpsize,aead_aes256_gcm,aead_xchacha20_poly1305_rtpsize,xsalsa20_poly1305_lite_rtpsize,xsalsa20_poly1305_lite,xsalsa20_poly1305_suffix,xsalsa20_poly1305
[2025-11-03 22:30:20.460] [info]  [Connection(stream)] Connection state change: CONNECTING => CONNECTED
[2025-11-03 22:30:20.460] [info]  [RTCConnection(1435003183863824404, stream)] RTC media connection state change: RTC_CONNECTING => CONNECTED
[2025-11-03 22:30:20.460] [info]  [RTCConnection(1435003183863824404, stream)] RTC connection state: RTC_CONNECTING => RTC_CONNECTED
[2025-11-03 22:30:20.460] [info]  [Connection(stream)] capturing desktop (type: prepicked, handle: screen, use-video-hook: false, use-graphics-capture: false, use-graphics-capture-api-level: 0, use-capture-device-for-encode: false).
[2025-11-03 22:30:20.463] [info]  [RTCConnection(1435003183863824404, stream)] RTC connected to media server: 104.29.142.125:19339
[2025-11-03 22:30:20.464] [info]  [RTCConnection(1435003183863824404, stream)] Sending UDP info to RTC server. [object Object] fixed_keyframe_interval,keyframe_on_join,network_aware_socket
[2025-11-03 22:30:20.483] [info]  [RTCConnection(1435003183863824404, stream)] Setting media-session-id: f57152318ce897bfaadfde12433b3ae3 for rtc-connection-id: 77e5147a-542b-469a-a3d2-9c8b492077d6
[2025-11-03 22:30:20.484] [info]  [Connection(stream)] Selected encryption mode: aead_aes256_gcm_rtpsize
[2025-11-03 22:30:20.484] [info]  [RTCConnection(1435003183863824404, stream)] DAVE protocol init with protocol version: 1
[2025-11-03 22:30:20.485] [info]  [RTCConnection(1435003183863824404, stream)] Remote media sink wants: {"pixelCounts":{"27471":0},"any":100}
[2025-11-03 22:30:20.486] [info]  [RTCConnection(1435003183863824404, stream)] Received MLS external sender package
[2025-11-03 22:30:20.488] [info]  [Connection(stream)] DAVE protocol state update: {"version":1,"epochAuthenticator":""}
[2025-11-03 22:30:20.488] [info]  [RTCConnection(1435003183863824404, stream)] Got MLS key package, sending to RTC server
[2025-11-03 22:30:20.488] [info]  [RTCControlSocket(stream)] Sending MLS key package
[2025-11-03 22:30:20.488] [info]  [RTCConnection(1435003183863824404, stream)] Remote media sink wants: {"pixelCounts":{"27471":0},"any":100}
[2025-11-03 22:30:20.489] [info]  [RTCConnection(1435003183863824404, stream)] Remote media sink wants: {"pixelCounts":{"27471":0},"any":100}
[2025-11-03 22:30:20.688] [info]  [DirectVideo] create video element for 4, readyState=0
[2025-11-03 22:30:20.689] [info]  [DirectVideo] attaching srcObject for 4
[2025-11-03 22:30:20.689] [info]  Subscribing to direct frames for streamId 4
[2025-11-03 22:30:20.705] [info]  [DirectVideo] handleReady for 4, have onReady callback = true
[2025-11-03 22:30:20.922] [info]  [discord_protos.discord_users.v1.FrecencyUserSettings] Loading proto
[2025-11-03 22:30:21.186] [info]  Subscribing to frames for streamId 4
[2025-11-03 22:30:21.196] [info]  Unsubscribing from frames for streamId 4
[2025-11-03 22:30:21.980] [info]  [Routing/Utils] transitionToGuild - Transitioning to {"guildId":"1191834640554655834","channelId":"1191834641016033351"}
[2025-11-03 22:30:21.980] [info]  [Routing/Utils] transitionTo - Transitioning to /channels/1191834640554655834/1191834641016033351
[2025-11-03 22:30:22.040] [info]  [DirectVideo] create video element for 4, readyState=0
[2025-11-03 22:30:22.046] [info]  Unsubscribing from direct frames for streamId 4
[2025-11-03 22:30:22.046] [info]  [DirectVideo] attaching srcObject for 4
[2025-11-03 22:30:22.047] [info]  Subscribing to direct frames for streamId 4
[2025-11-03 22:30:22.047] [info]  [StreamTile] Stream Tile State - activeStream: true | selected: false | Video: true | MediaEngine: true
[2025-11-03 22:30:22.077] [info]  [StreamTile] Stream Tile State - activeStream: true | selected: true | Video: true | MediaEngine: true
[2025-11-03 22:30:22.159] [info]  [DirectVideo] handleReady for 4, have onReady callback = true
[2025-11-03 22:30:22.160] [info]  [VideoStream] spinner visible for 113 ms
      [self_stream, count for stream: 1]
[2025-11-03 22:30:25.163] [info]  [RTCControlSocket(default)] Sending heartbeat with last received sequence number: 1
[2025-11-03 22:30:25.167] [info]  [RTCControlSocket(default)] Heartbeat ACK received
[2025-11-03 22:30:25.223] [info]  [RTCConnection(1191834640554655834, default)] Destroy RTCConnection
[2025-11-03 22:30:25.223] [info]  [RTCControlSocket(default)] CLOSE
[2025-11-03 22:30:25.224] [info]  [RTCConnection(1191834640554655834, default)] Disconnected from RTC server, clean: true, code: 1000, reason: Force Close, state: RTC_CONNECTED
[2025-11-03 22:30:25.226] [info]  [Connection(default)] Connection state change: CONNECTED => DISCONNECTED
[2025-11-03 22:30:25.226] [info]  [RTCConnection(1191834640554655834, default)] RTC media connection state change: RTC_CONNECTED => DISCONNECTED
[2025-11-03 22:30:25.226] [info]  [RTCConnection(1191834640554655834, default)] RTC connection state: RTC_CONNECTED => RTC_DISCONNECTED
[2025-11-03 22:30:25.226] [info]  [Connection(default)] Connection state change: DISCONNECTED => DISCONNECTED
[2025-11-03 22:30:25.227] [info]  [RTCConnection(1191834640554655834, default)] RTC media connection state change: RTC_DISCONNECTED => DISCONNECTED
[2025-11-03 22:30:25.227] [info]  [RTCConnection(1191834640554655834, default)] RTC connection state: RTC_DISCONNECTED => RTC_DISCONNECTED
[2025-11-03 22:30:25.227] [info]  [RTCConnection(1191834640554655834, default)] RTC connection state: RTC_DISCONNECTED => DISCONNECTED
[2025-11-03 22:30:25.257] [info]  Unsubscribing from direct frames for streamId 4
[2025-11-03 22:30:25.292] [warn]  [RTCConnection(1191834640554655834, default)] Error: codec survey is not available
[2025-11-03 22:30:25.301] [info]  [RTCConnection(1435003183863824404, stream)] Remote media sink wants: {"pixelCounts":{"27471":0},"any":100}
[2025-11-03 22:30:25.426] [warn]  The resource https://discordapp.com/assets/189422196a4f8b53.woff2 was preloaded using link preload but not used within a few seconds from the window's load event. Please make sure it has an appropriate `as` value and it is preloaded intentionally.
[2025-11-03 22:30:25.426] [warn]  The resource https://discordapp.com/assets/7a6a566c2e88a35d.woff2 was preloaded using link preload but not used within a few seconds from the window's load event. Please make sure it has an appropriate `as` value and it is preloaded intentionally.
[2025-11-03 22:30:25.426] [warn]  The resource https://discordapp.com/assets/dd24010f3cf7def7.woff2 was preloaded using link preload but not used within a few seconds from the window's load event. Please make sure it has an appropriate `as` value and it is preloaded intentionally.
[2025-11-03 22:30:25.426] [warn]  The resource https://discordapp.com/assets/e52f0cba712e2fb4.woff2 was preloaded using link preload but not used within a few seconds from the window's load event. Please make sure it has an appropriate `as` value and it is preloaded intentionally.
[2025-11-03 22:30:25.426] [warn]  The resource https://discordapp.com/assets/ce3b8055f5114434.woff2 was preloaded using link preload but not used within a few seconds from the window's load event. Please make sure it has an appropriate `as` value and it is preloaded intentionally.
[2025-11-03 22:30:25.426] [warn]  The resource https://discordapp.com/assets/cb2006dbced0e246.woff2 was preloaded using link preload but not used within a few seconds from the window's load event. Please make sure it has an appropriate `as` value and it is preloaded intentionally.
[2025-11-03 22:30:25.427] [warn]  [RTCControlSocket(stream)] [WS CLOSED] (clean: true, code: 4022, reason: Disconnected: Call terminated.) retrying in 2.69 seconds.
[2025-11-03 22:30:25.487] [info]  [RTCConnection(1435003183863824404, stream)] Destroy RTCConnection
[2025-11-03 22:30:25.487] [info]  [RTCControlSocket(stream)] CLOSE
[2025-11-03 22:30:25.487] [info]  [RTCConnection(1435003183863824404, stream)] Disconnected from RTC server, clean: true, code: 1000, reason: Force Close, state: RTC_CONNECTED
[2025-11-03 22:30:25.488] [info]  [Connection(stream)] Connection state change: CONNECTED => DISCONNECTED
[2025-11-03 22:30:25.488] [info]  [RTCConnection(1435003183863824404, stream)] RTC media connection state change: RTC_CONNECTED => DISCONNECTED
[2025-11-03 22:30:25.488] [info]  [RTCConnection(1435003183863824404, stream)] RTC connection state: RTC_CONNECTED => RTC_DISCONNECTED
[2025-11-03 22:30:25.488] [info]  [Connection(stream)] Connection state change: DISCONNECTED => DISCONNECTED
[2025-11-03 22:30:25.488] [info]  [RTCConnection(1435003183863824404, stream)] RTC media connection state change: RTC_DISCONNECTED => DISCONNECTED
[2025-11-03 22:30:25.488] [info]  [RTCConnection(1435003183863824404, stream)] RTC connection state: RTC_DISCONNECTED => RTC_DISCONNECTED
[2025-11-03 22:30:25.488] [info]  [RTCConnection(1435003183863824404, stream)] RTC connection state: RTC_DISCONNECTED => DISCONNECTED
[2025-11-03 22:30:25.493] [warn]  [RTCConnection(1435003183863824404, stream)] Error: codec survey is not available
[2025-11-03 22:30:25.540] [error] Could not find a View Model linked to Artboard Artboard.
[2025-11-03 22:30:25.541] [error] Could not find a View Model linked to Artboard Artboard.
[2025-11-03 22:30:26.860] [error] [ApplicationStreamPreviewUploadManager] Failed to post stream preview Error: {"message": "Unknown Stream", "code": 10049}
[2025-11-03 22:30:27.101] [info]  [RTCControlSocket(default)] [CONNECT] wss://bucharest7684.discord.media:443/
[2025-11-03 22:30:27.101] [info]  [RTCConnection(1191834640554655834, default)] Connecting to RTC server wss://bucharest7684.discord.media:443/, rtc-connection-id: 14ba91f2-7f24-4a56-9677-a9129727779e, channel: 1191834641016033351(2)
[2025-11-03 22:30:27.101] [info]  [RTCConnection(1191834640554655834, default)] RTC connection state: AWAITING_ENDPOINT => CONNECTING
[2025-11-03 22:30:27.128] [info]  [RTCConnection(1191834640554655834, default)] Connected to RTC server.
[2025-11-03 22:30:27.128] [info]  [RTCControlSocket(default)] [CONNECTED] wss://bucharest7684.discord.media:443/ in 28 ms
[2025-11-03 22:30:27.129] [info]  [RTCConnection(1191834640554655834, default)] RTC connection state: CONNECTING => AUTHENTICATING
[2025-11-03 22:30:27.130] [info]  [RTCControlSocket(default)] [HELLO] heartbeat interval: 13750, version: 8, took 30 ms
[2025-11-03 22:30:27.130] [info]  [RTCControlSocket(default)] Starting heartbeat with interval: 13750
[2025-11-03 22:30:27.133] [info]  [RTCControlSocket(default)] [READY] took 33 ms
[2025-11-03 22:30:27.133] [info]  [RTCConnection(1191834640554655834, default)] RTC connection state: AUTHENTICATING => RTC_CONNECTING
[2025-11-03 22:30:27.135] [info]  [Connection(default)] Creating connection to 66.22.244.33:50009 with audio ssrc: 573064
[2025-11-03 22:30:27.171] [info]  [Connection(default)] Connected with local address 141.85.144.206:12551 and protocol: udp
[2025-11-03 22:30:27.172] [info]  [Connection(default)] Available codecs: "[{\"codec\":\"AV1\",\"decode\":true,\"encode\":false},{\"codec\":\"H264\",\"decode\":true,\"encode\":true},{\"codec\":\"VP8\",\"decode\":true,\"encode\":true},{\"codec\":\"VP9\",\"decode\":true,\"encode\":false}]\n"
[2025-11-03 22:30:27.172] [info]  [Connection(default)] Experimental codecs: [{"name":"AV1","encode":false,"decode":true}]
[2025-11-03 22:30:27.172] [info]  [Connection(default)] Audio codecs: opus
[2025-11-03 22:30:27.172] [info]  [Connection(default)] Video codecs: AV1[encode: false, decode: true],H264[encode: true, decode: true],VP8[encode: true, decode: true],VP9[encode: false, decode: true]
[2025-11-03 22:30:27.173] [info]  [Connection(default)] Encryption modes: aead_aes256_gcm_rtpsize,aead_aes256_gcm,aead_xchacha20_poly1305_rtpsize,xsalsa20_poly1305_lite_rtpsize,xsalsa20_poly1305_lite,xsalsa20_poly1305_suffix,xsalsa20_poly1305
[2025-11-03 22:30:27.173] [info]  [Connection(default)] Connection state change: CONNECTING => CONNECTED
[2025-11-03 22:30:27.173] [info]  [RTCConnection(1191834640554655834, default)] RTC media connection state change: RTC_CONNECTING => CONNECTED
[2025-11-03 22:30:27.173] [info]  [RTCConnection(1191834640554655834, default)] RTC connection state: RTC_CONNECTING => RTC_CONNECTED
[2025-11-03 22:30:27.175] [info]  [RTCConnection(1191834640554655834, default)] RTC connected to media server: 66.22.244.33:50009
[2025-11-03 22:30:27.175] [info]  [RTCConnection(1191834640554655834, default)] Sending UDP info to RTC server. [object Object] fixed_keyframe_interval,keyframe_on_join,network_aware_socket
[2025-11-03 22:30:27.182] [info]  [RTCConnection(1191834640554655834, default)] Setting media-session-id: 42974fbc8c51cb4f7ef8183170d3e808 for rtc-connection-id: 14ba91f2-7f24-4a56-9677-a9129727779e
[2025-11-03 22:30:27.182] [info]  [Connection(default)] Selected encryption mode: aead_aes256_gcm_rtpsize
[2025-11-03 22:30:27.182] [info]  [RTCConnection(1191834640554655834, default)] DAVE protocol init with protocol version: 1
[2025-11-03 22:30:27.192] [info]  [RTCConnection(1191834640554655834, default)] Remote media sink wants: {"any":100}
[2025-11-03 22:30:27.193] [info]  [RTCConnection(1191834640554655834, default)] Received MLS external sender package
[2025-11-03 22:30:27.193] [info]  [Connection(default)] DAVE protocol state update: {"version":1,"epochAuthenticator":""}
[2025-11-03 22:30:27.193] [info]  [RTCConnection(1191834640554655834, default)] Got MLS key package, sending to RTC server
[2025-11-03 22:30:27.193] [info]  [RTCControlSocket(default)] Sending MLS key package
[2025-11-03 22:30:32.069] [warn]  The resource https://discordapp.com/assets/189422196a4f8b53.woff2 was preloaded using link preload but not used within a few seconds from the window's load event. Please make sure it has an appropriate `as` value and it is preloaded intentionally.
[2025-11-03 22:30:32.069] [warn]  The resource https://discordapp.com/assets/7a6a566c2e88a35d.woff2 was preloaded using link preload but not used within a few seconds from the window's load event. Please make sure it has an appropriate `as` value and it is preloaded intentionally.
[2025-11-03 22:30:32.069] [warn]  The resource https://discordapp.com/assets/dd24010f3cf7def7.woff2 was preloaded using link preload but not used within a few seconds from the window's load event. Please make sure it has an appropriate `as` value and it is preloaded intentionally.
[2025-11-03 22:30:32.069] [warn]  The resource https://discordapp.com/assets/e52f0cba712e2fb4.woff2 was preloaded using link preload but not used within a few seconds from the window's load event. Please make sure it has an appropriate `as` value and it is preloaded intentionally.
[2025-11-03 22:30:32.069] [warn]  The resource https://discordapp.com/assets/ce3b8055f5114434.woff2 was preloaded using link preload but not used within a few seconds from the window's load event. Please make sure it has an appropriate `as` value and it is preloaded intentionally.
[2025-11-03 22:30:32.070] [warn]  The resource https://discordapp.com/assets/cb2006dbced0e246.woff2 was preloaded using link preload but not used within a few seconds from the window's load event. Please make sure it has an appropriate `as` value and it is preloaded intentionally.
[2025-11-03 22:30:33.968] [info]  [StreamTile] Stream Tile State - activeStream: true | selected: false | Video: true | MediaEngine: true
[2025-11-03 22:30:33.969] [info]  [discord_protos.discord_users.v1.PreloadedUserSettings] Updating notifications with delay 0
[2025-11-03 22:30:33.974] [info]  [discord_protos.discord_users.v1.PreloadedUserSettings] Scheduling save from markDirty
[2025-11-03 22:30:33.974] [info]  [discord_protos.discord_users.v1.PreloadedUserSettings] Updating voiceAndVideo with delay 0
[2025-11-03 22:30:34.086] [info]  [discord_protos.discord_users.v1.PreloadedUserSettings] Persisting proto
[2025-11-03 22:30:34.245] [info]  [RTCConnection(1191834640554655834, default)] Updating channel: 1191834641016033351(2)
[2025-11-03 22:30:34.266] [info]  [StreamTile] Stream Tile State - activeStream: true | selected: false | Video: true | MediaEngine: true
[2025-11-03 22:30:34.333] [info]  [RTCControlSocket(stream)] [CONNECT] wss://bucharest4132.discord.media:443/
[2025-11-03 22:30:34.333] [info]  [RTCConnection(1435003242290348123, stream)] Connecting to RTC server wss://bucharest4132.discord.media:443/, rtc-connection-id: 95c089a5-aca1-4b7c-a1f5-bf48de66a561, channel: 1191834641016033351(2)
[2025-11-03 22:30:34.333] [info]  [RTCConnection(1435003242290348123, stream)] RTC connection state: AWAITING_ENDPOINT => CONNECTING
[2025-11-03 22:30:34.374] [info]  [RTCConnection(1435003242290348123, stream)] Connected to RTC server.
[2025-11-03 22:30:34.375] [info]  [RTCControlSocket(stream)] [CONNECTED] wss://bucharest4132.discord.media:443/ in 41 ms
[2025-11-03 22:30:34.375] [info]  [RTCConnection(1435003242290348123, stream)] RTC connection state: CONNECTING => AUTHENTICATING
[2025-11-03 22:30:34.376] [info]  [RTCControlSocket(stream)] [HELLO] heartbeat interval: 13750, version: 8, took 43 ms
[2025-11-03 22:30:34.376] [info]  [RTCControlSocket(stream)] Starting heartbeat with interval: 13750
[2025-11-03 22:30:34.377] [info]  [RTCControlSocket(stream)] [READY] took 44 ms
[2025-11-03 22:30:34.377] [info]  [RTCConnection(1435003242290348123, stream)] RTC connection state: AUTHENTICATING => RTC_CONNECTING
[2025-11-03 22:30:34.378] [info]  [Connection(stream)] Creating connection to 66.22.244.40:50012 with audio ssrc: 575311
[2025-11-03 22:30:34.394] [info]  [Connection(stream)] Connected with local address 141.85.144.206:39026 and protocol: udp
[2025-11-03 22:30:34.395] [info]  [Connection(stream)] Available codecs: "[{\"codec\":\"AV1\",\"decode\":true,\"encode\":false},{\"codec\":\"H264\",\"decode\":true,\"encode\":true},{\"codec\":\"VP8\",\"decode\":true,\"encode\":true},{\"codec\":\"VP9\",\"decode\":true,\"encode\":false}]\n"
[2025-11-03 22:30:34.395] [info]  [Connection(stream)] Experimental codecs: [{"name":"AV1","encode":false,"decode":true}]
[2025-11-03 22:30:34.395] [info]  [Connection(stream)] Audio codecs: opus
[2025-11-03 22:30:34.395] [info]  [Connection(stream)] Video codecs: AV1[encode: false, decode: true],H264[encode: true, decode: true],VP8[encode: true, decode: true],VP9[encode: false, decode: true]
[2025-11-03 22:30:34.395] [info]  [Connection(stream)] Encryption modes: aead_aes256_gcm_rtpsize,aead_aes256_gcm,aead_xchacha20_poly1305_rtpsize,xsalsa20_poly1305_lite_rtpsize,xsalsa20_poly1305_lite,xsalsa20_poly1305_suffix,xsalsa20_poly1305
[2025-11-03 22:30:34.396] [info]  [Connection(stream)] Connection state change: CONNECTING => CONNECTED
[2025-11-03 22:30:34.396] [info]  [RTCConnection(1435003242290348123, stream)] RTC media connection state change: RTC_CONNECTING => CONNECTED
[2025-11-03 22:30:34.396] [info]  [RTCConnection(1435003242290348123, stream)] RTC connection state: RTC_CONNECTING => RTC_CONNECTED
[2025-11-03 22:30:34.396] [info]  [Connection(stream)] capturing desktop (type: prepicked, handle: window, use-video-hook: false, use-graphics-capture: false, use-graphics-capture-api-level: 0, use-capture-device-for-encode: false).
[2025-11-03 22:30:34.399] [info]  [RTCConnection(1435003242290348123, stream)] RTC connected to media server: 66.22.244.40:50012
[2025-11-03 22:30:34.399] [info]  [RTCConnection(1435003242290348123, stream)] Sending UDP info to RTC server. [object Object] fixed_keyframe_interval,keyframe_on_join,network_aware_socket
[2025-11-03 22:30:34.412] [info]  [RTCConnection(1435003242290348123, stream)] Setting media-session-id: 2a89445867f65e6eb30cab53183605f2 for rtc-connection-id: 95c089a5-aca1-4b7c-a1f5-bf48de66a561
[2025-11-03 22:30:34.412] [info]  [Connection(stream)] Selected encryption mode: aead_aes256_gcm_rtpsize
[2025-11-03 22:30:34.413] [info]  [RTCConnection(1435003242290348123, stream)] DAVE protocol init with protocol version: 1
[2025-11-03 22:30:34.425] [info]  [RTCConnection(1435003242290348123, stream)] Remote media sink wants: {"pixelCounts":{"575312":0},"any":100}
[2025-11-03 22:30:34.425] [info]  [RTCConnection(1435003242290348123, stream)] Received MLS external sender package
[2025-11-03 22:30:34.425] [info]  [RTCConnection(1435003242290348123, stream)] Remote media sink wants: {"pixelCounts":{"575312":0},"any":100}
[2025-11-03 22:30:34.427] [info]  [Connection(stream)] DAVE protocol state update: {"version":1,"epochAuthenticator":""}
[2025-11-03 22:30:34.427] [info]  [RTCConnection(1435003242290348123, stream)] Got MLS key package, sending to RTC server
[2025-11-03 22:30:34.427] [info]  [RTCControlSocket(stream)] Sending MLS key package
[2025-11-03 22:30:34.440] [info]  [RTCConnection(1435003242290348123, stream)] Remote media sink wants: {"pixelCounts":{"575312":0},"any":100}
[2025-11-03 22:30:34.635] [info]  [DirectVideo] create video element for 8, readyState=0
[2025-11-03 22:30:34.638] [info]  [DirectVideo] attaching srcObject for 8
[2025-11-03 22:30:34.639] [info]  Subscribing to direct frames for streamId 8
[2025-11-03 22:30:34.667] [info]  [DirectVideo] handleReady for 8, have onReady callback = true
[2025-11-03 22:30:34.668] [info]  [VideoStream] spinner visible for 29 ms
      [self_stream, count for stream: 1]
[2025-11-03 22:30:35.129] [info]  Subscribing to frames for streamId 8
[2025-11-03 22:30:35.169] [info]  Unsubscribing from frames for streamId 8
[2025-11-03 22:30:39.057] [warn]  The resource https://discordapp.com/assets/189422196a4f8b53.woff2 was preloaded using link preload but not used within a few seconds from the window's load event. Please make sure it has an appropriate `as` value and it is preloaded intentionally.
[2025-11-03 22:30:39.057] [warn]  The resource https://discordapp.com/assets/7a6a566c2e88a35d.woff2 was preloaded using link preload but not used within a few seconds from the window's load event. Please make sure it has an appropriate `as` value and it is preloaded intentionally.
[2025-11-03 22:30:39.057] [warn]  The resource https://discordapp.com/assets/dd24010f3cf7def7.woff2 was preloaded using link preload but not used within a few seconds from the window's load event. Please make sure it has an appropriate `as` value and it is preloaded intentionally.
[2025-11-03 22:30:39.057] [warn]  The resource https://discordapp.com/assets/e52f0cba712e2fb4.woff2 was preloaded using link preload but not used within a few seconds from the window's load event. Please make sure it has an appropriate `as` value and it is preloaded intentionally.
[2025-11-03 22:30:39.057] [warn]  The resource https://discordapp.com/assets/ce3b8055f5114434.woff2 was preloaded using link preload but not used within a few seconds from the window's load event. Please make sure it has an appropriate `as` value and it is preloaded intentionally.
[2025-11-03 22:30:39.057] [warn]  The resource https://discordapp.com/assets/cb2006dbced0e246.woff2 was preloaded using link preload but not used within a few seconds from the window's load event. Please make sure it has an appropriate `as` value and it is preloaded intentionally.
[2025-11-03 22:30:39.214] [info]  [StreamTile] Stream Tile State - activeStream: true | selected: false | Video: true | MediaEngine: true
[2025-11-03 22:30:40.151] [error] [ApplicationStreamPreviewUploadManager] Failed to post stream preview Error: {"message": "The resource is being rate limited.", "retry_after": 46.704, "global": false}
[2025-11-03 22:30:40.727] [info]  Unsubscribing from direct frames for streamId 8
[2025-11-03 22:30:40.881] [info]  [RTCControlSocket(default)] Sending heartbeat with last received sequence number: 1
[2025-11-03 22:30:40.889] [info]  [RTCControlSocket(default)] Heartbeat ACK received
[2025-11-03 22:30:43.756] [warn]  The resource https://discordapp.com/assets/189422196a4f8b53.woff2 was preloaded using link preload but not used within a few seconds from the window's load event. Please make sure it has an appropriate `as` value and it is preloaded intentionally.
[2025-11-03 22:30:43.756] [warn]  The resource https://discordapp.com/assets/7a6a566c2e88a35d.woff2 was preloaded using link preload but not used within a few seconds from the window's load event. Please make sure it has an appropriate `as` value and it is preloaded intentionally.
[2025-11-03 22:30:43.756] [warn]  The resource https://discordapp.com/assets/dd24010f3cf7def7.woff2 was preloaded using link preload but not used within a few seconds from the window's load event. Please make sure it has an appropriate `as` value and it is preloaded intentionally.
[2025-11-03 22:30:43.756] [warn]  The resource https://discordapp.com/assets/e52f0cba712e2fb4.woff2 was preloaded using link preload but not used within a few seconds from the window's load event. Please make sure it has an appropriate `as` value and it is preloaded intentionally.
[2025-11-03 22:30:43.756] [warn]  The resource https://discordapp.com/assets/ce3b8055f5114434.woff2 was preloaded using link preload but not used within a few seconds from the window's load event. Please make sure it has an appropriate `as` value and it is preloaded intentionally.
[2025-11-03 22:30:43.756] [warn]  The resource https://discordapp.com/assets/cb2006dbced0e246.woff2 was preloaded using link preload but not used within a few seconds from the window's load event. Please make sure it has an appropriate `as` value and it is preloaded intentionally.
[2025-11-03 22:30:48.127] [info]  [RTCControlSocket(stream)] Sending heartbeat with last received sequence number: 3
[2025-11-03 22:30:48.130] [info]  [RTCControlSocket(stream)] Heartbeat ACK received
[2025-11-03 22:30:54.631] [info]  [RTCControlSocket(default)] Sending heartbeat with last received sequence number: 1
[2025-11-03 22:30:54.633] [info]  [RTCControlSocket(default)] Heartbeat ACK received
[2025-11-03 22:31:01.877] [info]  [RTCControlSocket(stream)] Sending heartbeat with last received sequence number: 3
[2025-11-03 22:31:01.883] [info]  [RTCControlSocket(stream)] Heartbeat ACK received
[2025-11-03 22:31:08.411] [info]  [RTCControlSocket(default)] Sending heartbeat with last received sequence number: 1
[2025-11-03 22:31:08.414] [info]  [RTCControlSocket(default)] Heartbeat ACK received
[2025-11-03 22:31:11.409] [info]  [WindowVisibilityVideoManager] Incoming video enabled changed, incomingVideoEnabled = false
[2025-11-03 22:31:16.410] [info]  [RTCControlSocket(stream)] Sending heartbeat with last received sequence number: 3
[2025-11-03 22:31:16.419] [info]  [RTCControlSocket(stream)] Heartbeat ACK received
[2025-11-03 22:31:22.410] [info]  [RTCControlSocket(default)] Sending heartbeat with last received sequence number: 1
[2025-11-03 22:31:22.411] [info]  [RTCControlSocket(default)] Heartbeat ACK received
[2025-11-03 22:31:29.411] [info]  [RTCControlSocket(stream)] Sending heartbeat with last received sequence number: 3
[2025-11-03 22:31:29.413] [info]  [RTCControlSocket(stream)] Heartbeat ACK received
[2025-11-03 22:31:36.411] [info]  [RTCControlSocket(default)] Sending heartbeat with last received sequence number: 1
[2025-11-03 22:31:36.413] [info]  [RTCControlSocket(default)] Heartbeat ACK received
[2025-11-03 22:31:40.410] [info]  Subscribing to frames for streamId 8
[2025-11-03 22:31:40.421] [info]  Unsubscribing from frames for streamId 8
[2025-11-03 22:31:43.411] [info]  [RTCControlSocket(stream)] Sending heartbeat with last received sequence number: 3
[2025-11-03 22:31:43.413] [info]  [RTCControlSocket(stream)] Heartbeat ACK received
[2025-11-03 22:31:50.409] [info]  [RTCControlSocket(default)] Sending heartbeat with last received sequence number: 1
[2025-11-03 22:31:50.411] [info]  [RTCControlSocket(default)] Heartbeat ACK received
[2025-11-03 22:31:55.709] [warn]  The resource https://discordapp.com/assets/189422196a4f8b53.woff2 was preloaded using link preload but not used within a few seconds from the window's load event. Please make sure it has an appropriate `as` value and it is preloaded intentionally.
[2025-11-03 22:31:55.709] [warn]  The resource https://discordapp.com/assets/7a6a566c2e88a35d.woff2 was preloaded using link preload but not used within a few seconds from the window's load event. Please make sure it has an appropriate `as` value and it is preloaded intentionally.
[2025-11-03 22:31:55.709] [warn]  The resource https://discordapp.com/assets/dd24010f3cf7def7.woff2 was preloaded using link preload but not used within a few seconds from the window's load event. Please make sure it has an appropriate `as` value and it is preloaded intentionally.
[2025-11-03 22:31:55.709] [warn]  The resource https://discordapp.com/assets/e52f0cba712e2fb4.woff2 was preloaded using link preload but not used within a few seconds from the window's load event. Please make sure it has an appropriate `as` value and it is preloaded intentionally.
[2025-11-03 22:31:55.710] [warn]  The resource https://discordapp.com/assets/ce3b8055f5114434.woff2 was preloaded using link preload but not used within a few seconds from the window's load event. Please make sure it has an appropriate `as` value and it is preloaded intentionally.
[2025-11-03 22:31:55.710] [warn]  The resource https://discordapp.com/assets/cb2006dbced0e246.woff2 was preloaded using link preload but not used within a few seconds from the window's load event. Please make sure it has an appropriate `as` value and it is preloaded intentionally.
[2025-11-03 22:31:57.411] [info]  [RTCControlSocket(stream)] Sending heartbeat with last received sequence number: 3
[2025-11-03 22:31:57.413] [info]  [RTCControlSocket(stream)] Heartbeat ACK received
[2025-11-03 22:32:02.591] [warn]  The resource https://discordapp.com/assets/189422196a4f8b53.woff2 was preloaded using link preload but not used within a few seconds from the window's load event. Please make sure it has an appropriate `as` value and it is preloaded intentionally.
[2025-11-03 22:32:02.591] [warn]  The resource https://discordapp.com/assets/7a6a566c2e88a35d.woff2 was preloaded using link preload but not used within a few seconds from the window's load event. Please make sure it has an appropriate `as` value and it is preloaded intentionally.
[2025-11-03 22:32:02.591] [warn]  The resource https://discordapp.com/assets/dd24010f3cf7def7.woff2 was preloaded using link preload but not used within a few seconds from the window's load event. Please make sure it has an appropriate `as` value and it is preloaded intentionally.
[2025-11-03 22:32:02.592] [warn]  The resource https://discordapp.com/assets/e52f0cba712e2fb4.woff2 was preloaded using link preload but not used within a few seconds from the window's load event. Please make sure it has an appropriate `as` value and it is preloaded intentionally.
[2025-11-03 22:32:02.592] [warn]  The resource https://discordapp.com/assets/ce3b8055f5114434.woff2 was preloaded using link preload but not used within a few seconds from the window's load event. Please make sure it has an appropriate `as` value and it is preloaded intentionally.
[2025-11-03 22:32:02.592] [warn]  The resource https://discordapp.com/assets/cb2006dbced0e246.woff2 was preloaded using link preload but not used within a few seconds from the window's load event. Please make sure it has an appropriate `as` value and it is preloaded intentionally.
[2025-11-03 22:32:03.412] [info]  [RTCControlSocket(default)] Sending heartbeat with last received sequence number: 1
[2025-11-03 22:32:03.414] [info]  [RTCControlSocket(default)] Heartbeat ACK received
[2025-11-03 22:32:11.409] [info]  [RTCControlSocket(stream)] Sending heartbeat with last received sequence number: 3
[2025-11-03 22:32:11.413] [info]  [RTCControlSocket(stream)] Heartbeat ACK received
[2025-11-03 22:32:15.604] [warn]  The resource https://discordapp.com/assets/189422196a4f8b53.woff2 was preloaded using link preload but not used within a few seconds from the window's load event. Please make sure it has an appropriate `as` value and it is preloaded intentionally.
[2025-11-03 22:32:15.605] [warn]  The resource https://discordapp.com/assets/7a6a566c2e88a35d.woff2 was preloaded using link preload but not used within a few seconds from the window's load event. Please make sure it has an appropriate `as` value and it is preloaded intentionally.
[2025-11-03 22:32:15.605] [warn]  The resource https://discordapp.com/assets/dd24010f3cf7def7.woff2 was preloaded using link preload but not used within a few seconds from the window's load event. Please make sure it has an appropriate `as` value and it is preloaded intentionally.
[2025-11-03 22:32:15.605] [warn]  The resource https://discordapp.com/assets/e52f0cba712e2fb4.woff2 was preloaded using link preload but not used within a few seconds from the window's load event. Please make sure it has an appropriate `as` value and it is preloaded intentionally.
[2025-11-03 22:32:15.605] [warn]  The resource https://discordapp.com/assets/ce3b8055f5114434.woff2 was preloaded using link preload but not used within a few seconds from the window's load event. Please make sure it has an appropriate `as` value and it is preloaded intentionally.
[2025-11-03 22:32:15.605] [warn]  The resource https://discordapp.com/assets/cb2006dbced0e246.woff2 was preloaded using link preload but not used within a few seconds from the window's load event. Please make sure it has an appropriate `as` value and it is preloaded intentionally.
[2025-11-03 22:32:17.410] [info]  [RTCControlSocket(default)] Sending heartbeat with last received sequence number: 1
[2025-11-03 22:32:17.413] [info]  [RTCControlSocket(default)] Heartbeat ACK received
[2025-11-03 22:32:24.410] [info]  [RTCControlSocket(stream)] Sending heartbeat with last received sequence number: 3
[2025-11-03 22:32:24.411] [info]  [RTCControlSocket(stream)] Heartbeat ACK received
[2025-11-03 22:32:31.411] [info]  [RTCControlSocket(default)] Sending heartbeat with last received sequence number: 1
[2025-11-03 22:32:31.413] [info]  [RTCControlSocket(default)] Heartbeat ACK received
[2025-11-03 22:32:38.410] [info]  [RTCControlSocket(stream)] Sending heartbeat with last received sequence number: 3
[2025-11-03 22:32:38.413] [info]  [RTCControlSocket(stream)] Heartbeat ACK received
[2025-11-03 22:32:45.409] [info]  [RTCControlSocket(default)] Sending heartbeat with last received sequence number: 1
[2025-11-03 22:32:45.416] [info]  [RTCControlSocket(default)] Heartbeat ACK received
[2025-11-03 22:32:51.577] [warn]  The resource https://discordapp.com/assets/189422196a4f8b53.woff2 was preloaded using link preload but not used within a few seconds from the window's load event. Please make sure it has an appropriate `as` value and it is preloaded intentionally.
[2025-11-03 22:32:51.577] [warn]  The resource https://discordapp.com/assets/7a6a566c2e88a35d.woff2 was preloaded using link preload but not used within a few seconds from the window's load event. Please make sure it has an appropriate `as` value and it is preloaded intentionally.
[2025-11-03 22:32:51.577] [warn]  The resource https://discordapp.com/assets/dd24010f3cf7def7.woff2 was preloaded using link preload but not used within a few seconds from the window's load event. Please make sure it has an appropriate `as` value and it is preloaded intentionally.
[2025-11-03 22:32:51.577] [warn]  The resource https://discordapp.com/assets/e52f0cba712e2fb4.woff2 was preloaded using link preload but not used within a few seconds from the window's load event. Please make sure it has an appropriate `as` value and it is preloaded intentionally.
[2025-11-03 22:32:51.577] [warn]  The resource https://discordapp.com/assets/ce3b8055f5114434.woff2 was preloaded using link preload but not used within a few seconds from the window's load event. Please make sure it has an appropriate `as` value and it is preloaded intentionally.
[2025-11-03 22:32:51.577] [warn]  The resource https://discordapp.com/assets/cb2006dbced0e246.woff2 was preloaded using link preload but not used within a few seconds from the window's load event. Please make sure it has an appropriate `as` value and it is preloaded intentionally.
[2025-11-03 22:32:52.413] [info]  [RTCControlSocket(stream)] Sending heartbeat with last received sequence number: 3
[2025-11-03 22:32:52.416] [info]  [RTCControlSocket(stream)] Heartbeat ACK received
[2025-11-03 22:32:57.563] [warn]  The resource https://discordapp.com/assets/189422196a4f8b53.woff2 was preloaded using link preload but not used within a few seconds from the window's load event. Please make sure it has an appropriate `as` value and it is preloaded intentionally.
[2025-11-03 22:32:57.563] [warn]  The resource https://discordapp.com/assets/7a6a566c2e88a35d.woff2 was preloaded using link preload but not used within a few seconds from the window's load event. Please make sure it has an appropriate `as` value and it is preloaded intentionally.
[2025-11-03 22:32:57.563] [warn]  The resource https://discordapp.com/assets/dd24010f3cf7def7.woff2 was preloaded using link preload but not used within a few seconds from the window's load event. Please make sure it has an appropriate `as` value and it is preloaded intentionally.
[2025-11-03 22:32:57.564] [warn]  The resource https://discordapp.com/assets/e52f0cba712e2fb4.woff2 was preloaded using link preload but not used within a few seconds from the window's load event. Please make sure it has an appropriate `as` value and it is preloaded intentionally.
[2025-11-03 22:32:57.564] [warn]  The resource https://discordapp.com/assets/ce3b8055f5114434.woff2 was preloaded using link preload but not used within a few seconds from the window's load event. Please make sure it has an appropriate `as` value and it is preloaded intentionally.
[2025-11-03 22:32:57.564] [warn]  The resource https://discordapp.com/assets/cb2006dbced0e246.woff2 was preloaded using link preload but not used within a few seconds from the window's load event. Please make sure it has an appropriate `as` value and it is preloaded intentionally.
[2025-11-03 22:32:58.410] [info]  [RTCControlSocket(default)] Sending heartbeat with last received sequence number: 1
[2025-11-03 22:32:58.411] [info]  [RTCControlSocket(default)] Heartbeat ACK received
[2025-11-03 22:33:06.409] [info]  [RTCControlSocket(stream)] Sending heartbeat with last received sequence number: 3
[2025-11-03 22:33:06.415] [info]  [RTCControlSocket(stream)] Heartbeat ACK received
[2025-11-03 22:33:12.410] [info]  [RTCControlSocket(default)] Sending heartbeat with last received sequence number: 1
[2025-11-03 22:33:12.413] [info]  [RTCControlSocket(default)] Heartbeat ACK received
[2025-11-03 22:33:16.603] [warn]  The resource https://discordapp.com/assets/189422196a4f8b53.woff2 was preloaded using link preload but not used within a few seconds from the window's load event. Please make sure it has an appropriate `as` value and it is preloaded intentionally.
[2025-11-03 22:33:16.603] [warn]  The resource https://discordapp.com/assets/7a6a566c2e88a35d.woff2 was preloaded using link preload but not used within a few seconds from the window's load event. Please make sure it has an appropriate `as` value and it is preloaded intentionally.
[2025-11-03 22:33:16.603] [warn]  The resource https://discordapp.com/assets/dd24010f3cf7def7.woff2 was preloaded using link preload but not used within a few seconds from the window's load event. Please make sure it has an appropriate `as` value and it is preloaded intentionally.
[2025-11-03 22:33:16.604] [warn]  The resource https://discordapp.com/assets/e52f0cba712e2fb4.woff2 was preloaded using link preload but not used within a few seconds from the window's load event. Please make sure it has an appropriate `as` value and it is preloaded intentionally.
[2025-11-03 22:33:16.604] [warn]  The resource https://discordapp.com/assets/ce3b8055f5114434.woff2 was preloaded using link preload but not used within a few seconds from the window's load event. Please make sure it has an appropriate `as` value and it is preloaded intentionally.
[2025-11-03 22:33:16.604] [warn]  The resource https://discordapp.com/assets/cb2006dbced0e246.woff2 was preloaded using link preload but not used within a few seconds from the window's load event. Please make sure it has an appropriate `as` value and it is preloaded intentionally.
[2025-11-03 22:33:19.416] [info]  [RTCControlSocket(stream)] Sending heartbeat with last received sequence number: 3
[2025-11-03 22:33:19.417] [info]  [RTCControlSocket(stream)] Heartbeat ACK received
[2025-11-03 22:33:26.411] [info]  [RTCControlSocket(default)] Sending heartbeat with last received sequence number: 1
[2025-11-03 22:33:26.413] [info]  [RTCControlSocket(default)] Heartbeat ACK received
[2025-11-03 22:33:33.410] [info]  [RTCControlSocket(stream)] Sending heartbeat with last received sequence number: 3
[2025-11-03 22:33:33.411] [info]  [RTCControlSocket(stream)] Heartbeat ACK received
[2025-11-03 22:33:40.409] [info]  [RTCControlSocket(default)] Sending heartbeat with last received sequence number: 1
[2025-11-03 22:33:40.411] [info]  [RTCControlSocket(default)] Heartbeat ACK received
[2025-11-03 22:33:47.416] [info]  [RTCControlSocket(stream)] Sending heartbeat with last received sequence number: 3
[2025-11-03 22:33:47.423] [info]  [RTCControlSocket(stream)] Heartbeat ACK received
[2025-11-03 22:33:53.409] [info]  [RTCControlSocket(default)] Sending heartbeat with last received sequence number: 1
[2025-11-03 22:33:53.413] [info]  [RTCControlSocket(default)] Heartbeat ACK received
[2025-11-03 22:34:01.417] [info]  [RTCControlSocket(stream)] Sending heartbeat with last received sequence number: 3
[2025-11-03 22:34:01.424] [info]  [RTCControlSocket(stream)] Heartbeat ACK received
[2025-11-03 22:34:07.412] [info]  [RTCControlSocket(default)] Sending heartbeat with last received sequence number: 1
[2025-11-03 22:34:07.414] [info]  [RTCControlSocket(default)] Heartbeat ACK received
[2025-11-03 22:34:12.587] [warn]  The resource https://discordapp.com/assets/189422196a4f8b53.woff2 was preloaded using link preload but not used within a few seconds from the window's load event. Please make sure it has an appropriate `as` value and it is preloaded intentionally.
[2025-11-03 22:34:12.587] [warn]  The resource https://discordapp.com/assets/7a6a566c2e88a35d.woff2 was preloaded using link preload but not used within a few seconds from the window's load event. Please make sure it has an appropriate `as` value and it is preloaded intentionally.
[2025-11-03 22:34:12.588] [warn]  The resource https://discordapp.com/assets/dd24010f3cf7def7.woff2 was preloaded using link preload but not used within a few seconds from the window's load event. Please make sure it has an appropriate `as` value and it is preloaded intentionally.
[2025-11-03 22:34:12.588] [warn]  The resource https://discordapp.com/assets/e52f0cba712e2fb4.woff2 was preloaded using link preload but not used within a few seconds from the window's load event. Please make sure it has an appropriate `as` value and it is preloaded intentionally.
[2025-11-03 22:34:12.588] [warn]  The resource https://discordapp.com/assets/ce3b8055f5114434.woff2 was preloaded using link preload but not used within a few seconds from the window's load event. Please make sure it has an appropriate `as` value and it is preloaded intentionally.
[2025-11-03 22:34:12.588] [warn]  The resource https://discordapp.com/assets/cb2006dbced0e246.woff2 was preloaded using link preload but not used within a few seconds from the window's load event. Please make sure it has an appropriate `as` value and it is preloaded intentionally.
[2025-11-03 22:34:14.412] [info]  [RTCControlSocket(stream)] Sending heartbeat with last received sequence number: 3
[2025-11-03 22:34:14.418] [info]  [RTCControlSocket(stream)] Heartbeat ACK received
[2025-11-03 22:34:21.409] [info]  [RTCControlSocket(default)] Sending heartbeat with last received sequence number: 1
[2025-11-03 22:34:21.411] [info]  [RTCControlSocket(default)] Heartbeat ACK received
[2025-11-03 22:34:28.410] [info]  [RTCControlSocket(stream)] Sending heartbeat with last received sequence number: 3
[2025-11-03 22:34:28.411] [info]  [RTCControlSocket(stream)] Heartbeat ACK received
[2025-11-03 22:34:35.409] [info]  [RTCControlSocket(default)] Sending heartbeat with last received sequence number: 1
[2025-11-03 22:34:35.416] [info]  [RTCControlSocket(default)] Heartbeat ACK received
[2025-11-03 22:34:42.409] [info]  [RTCControlSocket(stream)] Sending heartbeat with last received sequence number: 3
[2025-11-03 22:34:42.411] [info]  [RTCControlSocket(stream)] Heartbeat ACK received
[2025-11-03 22:34:48.427] [info]  [RTCControlSocket(default)] Sending heartbeat with last received sequence number: 1
[2025-11-03 22:34:48.436] [info]  [RTCControlSocket(default)] Heartbeat ACK received
[2025-11-03 22:34:52.572] [warn]  The resource https://discordapp.com/assets/189422196a4f8b53.woff2 was preloaded using link preload but not used within a few seconds from the window's load event. Please make sure it has an appropriate `as` value and it is preloaded intentionally.
[2025-11-03 22:34:52.572] [warn]  The resource https://discordapp.com/assets/7a6a566c2e88a35d.woff2 was preloaded using link preload but not used within a few seconds from the window's load event. Please make sure it has an appropriate `as` value and it is preloaded intentionally.
[2025-11-03 22:34:52.572] [warn]  The resource https://discordapp.com/assets/dd24010f3cf7def7.woff2 was preloaded using link preload but not used within a few seconds from the window's load event. Please make sure it has an appropriate `as` value and it is preloaded intentionally.
[2025-11-03 22:34:52.572] [warn]  The resource https://discordapp.com/assets/e52f0cba712e2fb4.woff2 was preloaded using link preload but not used within a few seconds from the window's load event. Please make sure it has an appropriate `as` value and it is preloaded intentionally.
[2025-11-03 22:34:52.572] [warn]  The resource https://discordapp.com/assets/ce3b8055f5114434.woff2 was preloaded using link preload but not used within a few seconds from the window's load event. Please make sure it has an appropriate `as` value and it is preloaded intentionally.
[2025-11-03 22:34:52.572] [warn]  The resource https://discordapp.com/assets/cb2006dbced0e246.woff2 was preloaded using link preload but not used within a few seconds from the window's load event. Please make sure it has an appropriate `as` value and it is preloaded intentionally.
[2025-11-03 22:34:56.409] [info]  [RTCControlSocket(stream)] Sending heartbeat with last received sequence number: 3
[2025-11-03 22:34:56.411] [info]  [RTCControlSocket(stream)] Heartbeat ACK received
[2025-11-03 22:35:01.733] [warn]  The resource https://discordapp.com/assets/189422196a4f8b53.woff2 was preloaded using link preload but not used within a few seconds from the window's load event. Please make sure it has an appropriate `as` value and it is preloaded intentionally.
[2025-11-03 22:35:01.734] [warn]  The resource https://discordapp.com/assets/7a6a566c2e88a35d.woff2 was preloaded using link preload but not used within a few seconds from the window's load event. Please make sure it has an appropriate `as` value and it is preloaded intentionally.
[2025-11-03 22:35:01.734] [warn]  The resource https://discordapp.com/assets/dd24010f3cf7def7.woff2 was preloaded using link preload but not used within a few seconds from the window's load event. Please make sure it has an appropriate `as` value and it is preloaded intentionally.
[2025-11-03 22:35:01.734] [warn]  The resource https://discordapp.com/assets/e52f0cba712e2fb4.woff2 was preloaded using link preload but not used within a few seconds from the window's load event. Please make sure it has an appropriate `as` value and it is preloaded intentionally.
[2025-11-03 22:35:01.734] [warn]  The resource https://discordapp.com/assets/ce3b8055f5114434.woff2 was preloaded using link preload but not used within a few seconds from the window's load event. Please make sure it has an appropriate `as` value and it is preloaded intentionally.
[2025-11-03 22:35:01.734] [warn]  The resource https://discordapp.com/assets/cb2006dbced0e246.woff2 was preloaded using link preload but not used within a few seconds from the window's load event. Please make sure it has an appropriate `as` value and it is preloaded intentionally.
[2025-11-03 22:35:02.412] [info]  [RTCControlSocket(default)] Sending heartbeat with last received sequence number: 1
[2025-11-03 22:35:02.413] [info]  [RTCControlSocket(default)] Heartbeat ACK received
[2025-11-03 22:35:08.574] [warn]  The resource https://discordapp.com/assets/189422196a4f8b53.woff2 was preloaded using link preload but not used within a few seconds from the window's load event. Please make sure it has an appropriate `as` value and it is preloaded intentionally.
[2025-11-03 22:35:08.575] [warn]  The resource https://discordapp.com/assets/7a6a566c2e88a35d.woff2 was preloaded using link preload but not used within a few seconds from the window's load event. Please make sure it has an appropriate `as` value and it is preloaded intentionally.
[2025-11-03 22:35:08.575] [warn]  The resource https://discordapp.com/assets/dd24010f3cf7def7.woff2 was preloaded using link preload but not used within a few seconds from the window's load event. Please make sure it has an appropriate `as` value and it is preloaded intentionally.
[2025-11-03 22:35:08.575] [warn]  The resource https://discordapp.com/assets/e52f0cba712e2fb4.woff2 was preloaded using link preload but not used within a few seconds from the window's load event. Please make sure it has an appropriate `as` value and it is preloaded intentionally.
[2025-11-03 22:35:08.575] [warn]  The resource https://discordapp.com/assets/ce3b8055f5114434.woff2 was preloaded using link preload but not used within a few seconds from the window's load event. Please make sure it has an appropriate `as` value and it is preloaded intentionally.
[2025-11-03 22:35:08.575] [warn]  The resource https://discordapp.com/assets/cb2006dbced0e246.woff2 was preloaded using link preload but not used within a few seconds from the window's load event. Please make sure it has an appropriate `as` value and it is preloaded intentionally.
[2025-11-03 22:35:09.412] [info]  [RTCControlSocket(stream)] Sending heartbeat with last received sequence number: 3
[2025-11-03 22:35:09.414] [info]  [RTCControlSocket(stream)] Heartbeat ACK received
[2025-11-03 22:35:13.573] [warn]  The resource https://discordapp.com/assets/189422196a4f8b53.woff2 was preloaded using link preload but not used within a few seconds from the window's load event. Please make sure it has an appropriate `as` value and it is preloaded intentionally.
[2025-11-03 22:35:13.573] [warn]  The resource https://discordapp.com/assets/7a6a566c2e88a35d.woff2 was preloaded using link preload but not used within a few seconds from the window's load event. Please make sure it has an appropriate `as` value and it is preloaded intentionally.
[2025-11-03 22:35:13.573] [warn]  The resource https://discordapp.com/assets/dd24010f3cf7def7.woff2 was preloaded using link preload but not used within a few seconds from the window's load event. Please make sure it has an appropriate `as` value and it is preloaded intentionally.
[2025-11-03 22:35:13.573] [warn]  The resource https://discordapp.com/assets/e52f0cba712e2fb4.woff2 was preloaded using link preload but not used within a few seconds from the window's load event. Please make sure it has an appropriate `as` value and it is preloaded intentionally.
[2025-11-03 22:35:13.573] [warn]  The resource https://discordapp.com/assets/ce3b8055f5114434.woff2 was preloaded using link preload but not used within a few seconds from the window's load event. Please make sure it has an appropriate `as` value and it is preloaded intentionally.
[2025-11-03 22:35:13.574] [warn]  The resource https://discordapp.com/assets/cb2006dbced0e246.woff2 was preloaded using link preload but not used within a few seconds from the window's load event. Please make sure it has an appropriate `as` value and it is preloaded intentionally.
[2025-11-03 22:35:16.409] [info]  [RTCControlSocket(default)] Sending heartbeat with last received sequence number: 1
[2025-11-03 22:35:16.411] [info]  [RTCControlSocket(default)] Heartbeat ACK received
[2025-11-03 22:35:20.566] [warn]  The resource https://discordapp.com/assets/189422196a4f8b53.woff2 was preloaded using link preload but not used within a few seconds from the window's load event. Please make sure it has an appropriate `as` value and it is preloaded intentionally.
[2025-11-03 22:35:20.566] [warn]  The resource https://discordapp.com/assets/7a6a566c2e88a35d.woff2 was preloaded using link preload but not used within a few seconds from the window's load event. Please make sure it has an appropriate `as` value and it is preloaded intentionally.
[2025-11-03 22:35:20.567] [warn]  The resource https://discordapp.com/assets/dd24010f3cf7def7.woff2 was preloaded using link preload but not used within a few seconds from the window's load event. Please make sure it has an appropriate `as` value and it is preloaded intentionally.
[2025-11-03 22:35:20.567] [warn]  The resource https://discordapp.com/assets/e52f0cba712e2fb4.woff2 was preloaded using link preload but not used within a few seconds from the window's load event. Please make sure it has an appropriate `as` value and it is preloaded intentionally.
[2025-11-03 22:35:20.567] [warn]  The resource https://discordapp.com/assets/ce3b8055f5114434.woff2 was preloaded using link preload but not used within a few seconds from the window's load event. Please make sure it has an appropriate `as` value and it is preloaded intentionally.
[2025-11-03 22:35:20.567] [warn]  The resource https://discordapp.com/assets/cb2006dbced0e246.woff2 was preloaded using link preload but not used within a few seconds from the window's load event. Please make sure it has an appropriate `as` value and it is preloaded intentionally.
[2025-11-03 22:35:23.410] [info]  [RTCControlSocket(stream)] Sending heartbeat with last received sequence number: 3
[2025-11-03 22:35:23.412] [info]  [RTCControlSocket(stream)] Heartbeat ACK received
[2025-11-03 22:35:30.409] [info]  [RTCControlSocket(default)] Sending heartbeat with last received sequence number: 1
[2025-11-03 22:35:30.412] [info]  [RTCControlSocket(default)] Heartbeat ACK received
[2025-11-03 22:35:37.409] [info]  [RTCControlSocket(stream)] Sending heartbeat with last received sequence number: 3
[2025-11-03 22:35:37.411] [info]  [RTCControlSocket(stream)] Heartbeat ACK received
[2025-11-03 22:35:43.409] [info]  [RTCControlSocket(default)] Sending heartbeat with last received sequence number: 1
[2025-11-03 22:35:43.411] [info]  [RTCControlSocket(default)] Heartbeat ACK received
[2025-11-03 22:35:51.409] [info]  [RTCControlSocket(stream)] Sending heartbeat with last received sequence number: 3
[2025-11-03 22:35:51.414] [info]  [RTCControlSocket(stream)] Heartbeat ACK received
[2025-11-03 22:35:57.411] [info]  [RTCControlSocket(default)] Sending heartbeat with last received sequence number: 1
[2025-11-03 22:35:57.414] [info]  [RTCControlSocket(default)] Heartbeat ACK received
[2025-11-03 22:36:02.560] [warn]  The resource https://discordapp.com/assets/189422196a4f8b53.woff2 was preloaded using link preload but not used within a few seconds from the window's load event. Please make sure it has an appropriate `as` value and it is preloaded intentionally.
[2025-11-03 22:36:02.561] [warn]  The resource https://discordapp.com/assets/7a6a566c2e88a35d.woff2 was preloaded using link preload but not used within a few seconds from the window's load event. Please make sure it has an appropriate `as` value and it is preloaded intentionally.
[2025-11-03 22:36:02.561] [warn]  The resource https://discordapp.com/assets/dd24010f3cf7def7.woff2 was preloaded using link preload but not used within a few seconds from the window's load event. Please make sure it has an appropriate `as` value and it is preloaded intentionally.
[2025-11-03 22:36:02.561] [warn]  The resource https://discordapp.com/assets/e52f0cba712e2fb4.woff2 was preloaded using link preload but not used within a few seconds from the window's load event. Please make sure it has an appropriate `as` value and it is preloaded intentionally.
[2025-11-03 22:36:02.561] [warn]  The resource https://discordapp.com/assets/ce3b8055f5114434.woff2 was preloaded using link preload but not used within a few seconds from the window's load event. Please make sure it has an appropriate `as` value and it is preloaded intentionally.
[2025-11-03 22:36:02.561] [warn]  The resource https://discordapp.com/assets/cb2006dbced0e246.woff2 was preloaded using link preload but not used within a few seconds from the window's load event. Please make sure it has an appropriate `as` value and it is preloaded intentionally.
[2025-11-03 22:36:04.411] [info]  [RTCControlSocket(stream)] Sending heartbeat with last received sequence number: 3
[2025-11-03 22:36:04.412] [info]  [RTCControlSocket(stream)] Heartbeat ACK received
[2025-11-03 22:36:11.409] [info]  [RTCControlSocket(default)] Sending heartbeat with last received sequence number: 1
[2025-11-03 22:36:11.416] [info]  [RTCControlSocket(default)] Heartbeat ACK received
[2025-11-03 22:36:11.571] [warn]  The resource https://discordapp.com/assets/189422196a4f8b53.woff2 was preloaded using link preload but not used within a few seconds from the window's load event. Please make sure it has an appropriate `as` value and it is preloaded intentionally.
[2025-11-03 22:36:11.572] [warn]  The resource https://discordapp.com/assets/7a6a566c2e88a35d.woff2 was preloaded using link preload but not used within a few seconds from the window's load event. Please make sure it has an appropriate `as` value and it is preloaded intentionally.
[2025-11-03 22:36:11.572] [warn]  The resource https://discordapp.com/assets/dd24010f3cf7def7.woff2 was preloaded using link preload but not used within a few seconds from the window's load event. Please make sure it has an appropriate `as` value and it is preloaded intentionally.
[2025-11-03 22:36:11.572] [warn]  The resource https://discordapp.com/assets/e52f0cba712e2fb4.woff2 was preloaded using link preload but not used within a few seconds from the window's load event. Please make sure it has an appropriate `as` value and it is preloaded intentionally.
[2025-11-03 22:36:11.572] [warn]  The resource https://discordapp.com/assets/ce3b8055f5114434.woff2 was preloaded using link preload but not used within a few seconds from the window's load event. Please make sure it has an appropriate `as` value and it is preloaded intentionally.
[2025-11-03 22:36:11.572] [warn]  The resource https://discordapp.com/assets/cb2006dbced0e246.woff2 was preloaded using link preload but not used within a few seconds from the window's load event. Please make sure it has an appropriate `as` value and it is preloaded intentionally.
[2025-11-03 22:36:18.409] [info]  [RTCControlSocket(stream)] Sending heartbeat with last received sequence number: 3
[2025-11-03 22:36:18.411] [info]  [RTCControlSocket(stream)] Heartbeat ACK received
[2025-11-03 22:36:25.409] [info]  [RTCControlSocket(default)] Sending heartbeat with last received sequence number: 1
[2025-11-03 22:36:25.413] [info]  [RTCControlSocket(default)] Heartbeat ACK received
[2025-11-03 22:36:32.410] [info]  [RTCControlSocket(stream)] Sending heartbeat with last received sequence number: 3
[2025-11-03 22:36:32.417] [info]  [RTCControlSocket(stream)] Heartbeat ACK received
[2025-11-03 22:36:38.410] [info]  [RTCControlSocket(default)] Sending heartbeat with last received sequence number: 1
[2025-11-03 22:36:38.416] [info]  [RTCControlSocket(default)] Heartbeat ACK received
[2025-11-03 22:36:46.409] [info]  [RTCControlSocket(stream)] Sending heartbeat with last received sequence number: 3
[2025-11-03 22:36:46.411] [info]  [RTCControlSocket(stream)] Heartbeat ACK received
[2025-11-03 22:36:52.412] [info]  [RTCControlSocket(default)] Sending heartbeat with last received sequence number: 1
[2025-11-03 22:36:52.426] [info]  [RTCControlSocket(default)] Heartbeat ACK received
[2025-11-03 22:36:59.411] [info]  [RTCControlSocket(stream)] Sending heartbeat with last received sequence number: 3
[2025-11-03 22:36:59.413] [info]  [RTCControlSocket(stream)] Heartbeat ACK received
[2025-11-03 22:37:06.409] [info]  [RTCControlSocket(default)] Sending heartbeat with last received sequence number: 1
[2025-11-03 22:37:06.412] [info]  [RTCControlSocket(default)] Heartbeat ACK received
[2025-11-03 22:37:13.414] [info]  [RTCControlSocket(stream)] Sending heartbeat with last received sequence number: 3
[2025-11-03 22:37:13.416] [info]  [RTCControlSocket(stream)] Heartbeat ACK received
[2025-11-03 22:37:20.409] [info]  [RTCControlSocket(default)] Sending heartbeat with last received sequence number: 1
[2025-11-03 22:37:20.412] [info]  [RTCControlSocket(default)] Heartbeat ACK received
[2025-11-03 22:37:27.409] [info]  [RTCControlSocket(stream)] Sending heartbeat with last received sequence number: 3
[2025-11-03 22:37:27.411] [info]  [RTCControlSocket(stream)] Heartbeat ACK received
[2025-11-03 22:37:33.409] [info]  [RTCControlSocket(default)] Sending heartbeat with last received sequence number: 1
[2025-11-03 22:37:33.411] [info]  [RTCControlSocket(default)] Heartbeat ACK received
[2025-11-03 22:37:41.409] [info]  [RTCControlSocket(stream)] Sending heartbeat with last received sequence number: 3
[2025-11-03 22:37:41.416] [info]  [RTCControlSocket(stream)] Heartbeat ACK received
[2025-11-03 22:37:47.410] [info]  [RTCControlSocket(default)] Sending heartbeat with last received sequence number: 1
[2025-11-03 22:37:47.412] [info]  [RTCControlSocket(default)] Heartbeat ACK received
[2025-11-03 22:37:54.409] [info]  [RTCControlSocket(stream)] Sending heartbeat with last received sequence number: 3
[2025-11-03 22:37:54.411] [info]  [RTCControlSocket(stream)] Heartbeat ACK received
[2025-11-03 22:38:01.412] [info]  [RTCControlSocket(default)] Sending heartbeat with last received sequence number: 1
[2025-11-03 22:38:01.421] [info]  [RTCControlSocket(default)] Heartbeat ACK received
[2025-11-03 22:38:08.412] [info]  [RTCControlSocket(stream)] Sending heartbeat with last received sequence number: 3
[2025-11-03 22:38:08.413] [info]  [RTCControlSocket(stream)] Heartbeat ACK received
[2025-11-03 22:38:15.409] [info]  [RTCControlSocket(default)] Sending heartbeat with last received sequence number: 1
[2025-11-03 22:38:15.409] [info]  Subscribing to frames for streamId 8
[2025-11-03 22:38:15.412] [info]  [RTCControlSocket(default)] Heartbeat ACK received
[2025-11-03 22:38:15.419] [info]  Unsubscribing from frames for streamId 8
[2025-11-03 22:38:22.409] [info]  [RTCControlSocket(stream)] Sending heartbeat with last received sequence number: 3
[2025-11-03 22:38:22.413] [info]  [RTCControlSocket(stream)] Heartbeat ACK received
[2025-11-03 22:38:27.854] [warn]  The resource https://discordapp.com/assets/189422196a4f8b53.woff2 was preloaded using link preload but not used within a few seconds from the window's load event. Please make sure it has an appropriate `as` value and it is preloaded intentionally.
[2025-11-03 22:38:27.854] [warn]  The resource https://discordapp.com/assets/7a6a566c2e88a35d.woff2 was preloaded using link preload but not used within a few seconds from the window's load event. Please make sure it has an appropriate `as` value and it is preloaded intentionally.
[2025-11-03 22:38:27.854] [warn]  The resource https://discordapp.com/assets/dd24010f3cf7def7.woff2 was preloaded using link preload but not used within a few seconds from the window's load event. Please make sure it has an appropriate `as` value and it is preloaded intentionally.
[2025-11-03 22:38:27.855] [warn]  The resource https://discordapp.com/assets/e52f0cba712e2fb4.woff2 was preloaded using link preload but not used within a few seconds from the window's load event. Please make sure it has an appropriate `as` value and it is preloaded intentionally.
[2025-11-03 22:38:27.855] [warn]  The resource https://discordapp.com/assets/ce3b8055f5114434.woff2 was preloaded using link preload but not used within a few seconds from the window's load event. Please make sure it has an appropriate `as` value and it is preloaded intentionally.
[2025-11-03 22:38:27.855] [warn]  The resource https://discordapp.com/assets/cb2006dbced0e246.woff2 was preloaded using link preload but not used within a few seconds from the window's load event. Please make sure it has an appropriate `as` value and it is preloaded intentionally.
[2025-11-03 22:38:28.417] [info]  [RTCControlSocket(default)] Sending heartbeat with last received sequence number: 1
[2025-11-03 22:38:28.418] [info]  [RTCControlSocket(default)] Heartbeat ACK received
[2025-11-03 22:38:36.409] [info]  [RTCControlSocket(stream)] Sending heartbeat with last received sequence number: 3
[2025-11-03 22:38:36.411] [info]  [RTCControlSocket(stream)] Heartbeat ACK received
[2025-11-03 22:38:42.410] [info]  [RTCControlSocket(default)] Sending heartbeat with last received sequence number: 1
[2025-11-03 22:38:42.411] [info]  [RTCControlSocket(default)] Heartbeat ACK received
[2025-11-03 22:38:49.410] [info]  [RTCControlSocket(stream)] Sending heartbeat with last received sequence number: 3
[2025-11-03 22:38:49.412] [info]  [RTCControlSocket(stream)] Heartbeat ACK received
[2025-11-03 22:38:56.409] [info]  [RTCControlSocket(default)] Sending heartbeat with last received sequence number: 1
[2025-11-03 22:38:56.412] [info]  [RTCControlSocket(default)] Heartbeat ACK received
[2025-11-03 22:39:03.410] [info]  [RTCControlSocket(stream)] Sending heartbeat with last received sequence number: 3
[2025-11-03 22:39:03.412] [info]  [RTCControlSocket(stream)] Heartbeat ACK received
[2025-11-03 22:39:10.412] [info]  [RTCControlSocket(default)] Sending heartbeat with last received sequence number: 1
[2025-11-03 22:39:10.414] [info]  [RTCControlSocket(default)] Heartbeat ACK received
[2025-11-03 22:39:11.587] [warn]  The resource https://discordapp.com/assets/189422196a4f8b53.woff2 was preloaded using link preload but not used within a few seconds from the window's load event. Please make sure it has an appropriate `as` value and it is preloaded intentionally.
[2025-11-03 22:39:11.588] [warn]  The resource https://discordapp.com/assets/7a6a566c2e88a35d.woff2 was preloaded using link preload but not used within a few seconds from the window's load event. Please make sure it has an appropriate `as` value and it is preloaded intentionally.
[2025-11-03 22:39:11.588] [warn]  The resource https://discordapp.com/assets/dd24010f3cf7def7.woff2 was preloaded using link preload but not used within a few seconds from the window's load event. Please make sure it has an appropriate `as` value and it is preloaded intentionally.
[2025-11-03 22:39:11.588] [warn]  The resource https://discordapp.com/assets/e52f0cba712e2fb4.woff2 was preloaded using link preload but not used within a few seconds from the window's load event. Please make sure it has an appropriate `as` value and it is preloaded intentionally.
[2025-11-03 22:39:11.588] [warn]  The resource https://discordapp.com/assets/ce3b8055f5114434.woff2 was preloaded using link preload but not used within a few seconds from the window's load event. Please make sure it has an appropriate `as` value and it is preloaded intentionally.
[2025-11-03 22:39:11.588] [warn]  The resource https://discordapp.com/assets/cb2006dbced0e246.woff2 was preloaded using link preload but not used within a few seconds from the window's load event. Please make sure it has an appropriate `as` value and it is preloaded intentionally.
[2025-11-03 22:39:17.409] [info]  [RTCControlSocket(stream)] Sending heartbeat with last received sequence number: 3
[2025-11-03 22:39:17.411] [info]  [RTCControlSocket(stream)] Heartbeat ACK received
[2025-11-03 22:39:23.410] [info]  [RTCControlSocket(default)] Sending heartbeat with last received sequence number: 1
[2025-11-03 22:39:23.417] [info]  [RTCControlSocket(default)] Heartbeat ACK received
[2025-11-03 22:39:31.409] [info]  [RTCControlSocket(stream)] Sending heartbeat with last received sequence number: 3
[2025-11-03 22:39:31.411] [info]  [RTCControlSocket(stream)] Heartbeat ACK received
[2025-11-03 22:39:37.410] [info]  [RTCControlSocket(default)] Sending heartbeat with last received sequence number: 1
[2025-11-03 22:39:37.412] [info]  [RTCControlSocket(default)] Heartbeat ACK received
[2025-11-03 22:39:44.410] [info]  [RTCControlSocket(stream)] Sending heartbeat with last received sequence number: 3
[2025-11-03 22:39:44.415] [info]  [RTCControlSocket(stream)] Heartbeat ACK received
[2025-11-03 22:39:51.415] [info]  [RTCControlSocket(default)] Sending heartbeat with last received sequence number: 1
[2025-11-03 22:39:51.421] [info]  [RTCControlSocket(default)] Heartbeat ACK received
[2025-11-03 22:39:58.411] [info]  [RTCControlSocket(stream)] Sending heartbeat with last received sequence number: 3
[2025-11-03 22:39:58.412] [info]  [RTCControlSocket(stream)] Heartbeat ACK received
[2025-11-03 22:40:05.409] [info]  [RTCControlSocket(default)] Sending heartbeat with last received sequence number: 1
[2025-11-03 22:40:05.412] [info]  [RTCControlSocket(default)] Heartbeat ACK received
[2025-11-03 22:40:08.582] [warn]  The resource https://discordapp.com/assets/189422196a4f8b53.woff2 was preloaded using link preload but not used within a few seconds from the window's load event. Please make sure it has an appropriate `as` value and it is preloaded intentionally.
[2025-11-03 22:40:08.582] [warn]  The resource https://discordapp.com/assets/7a6a566c2e88a35d.woff2 was preloaded using link preload but not used within a few seconds from the window's load event. Please make sure it has an appropriate `as` value and it is preloaded intentionally.
[2025-11-03 22:40:08.582] [warn]  The resource https://discordapp.com/assets/dd24010f3cf7def7.woff2 was preloaded using link preload but not used within a few seconds from the window's load event. Please make sure it has an appropriate `as` value and it is preloaded intentionally.
[2025-11-03 22:40:08.582] [warn]  The resource https://discordapp.com/assets/e52f0cba712e2fb4.woff2 was preloaded using link preload but not used within a few seconds from the window's load event. Please make sure it has an appropriate `as` value and it is preloaded intentionally.
[2025-11-03 22:40:08.583] [warn]  The resource https://discordapp.com/assets/ce3b8055f5114434.woff2 was preloaded using link preload but not used within a few seconds from the window's load event. Please make sure it has an appropriate `as` value and it is preloaded intentionally.
[2025-11-03 22:40:08.583] [warn]  The resource https://discordapp.com/assets/cb2006dbced0e246.woff2 was preloaded using link preload but not used within a few seconds from the window's load event. Please make sure it has an appropriate `as` value and it is preloaded intentionally.
[2025-11-03 22:40:12.409] [info]  [RTCControlSocket(stream)] Sending heartbeat with last received sequence number: 3
[2025-11-03 22:40:12.411] [info]  [RTCControlSocket(stream)] Heartbeat ACK received
[2025-11-03 22:40:18.410] [info]  [RTCControlSocket(default)] Sending heartbeat with last received sequence number: 1
[2025-11-03 22:40:18.415] [info]  [RTCControlSocket(default)] Heartbeat ACK received
[2025-11-03 22:40:19.561] [warn]  The resource https://discordapp.com/assets/189422196a4f8b53.woff2 was preloaded using link preload but not used within a few seconds from the window's load event. Please make sure it has an appropriate `as` value and it is preloaded intentionally.
[2025-11-03 22:40:19.562] [warn]  The resource https://discordapp.com/assets/7a6a566c2e88a35d.woff2 was preloaded using link preload but not used within a few seconds from the window's load event. Please make sure it has an appropriate `as` value and it is preloaded intentionally.
[2025-11-03 22:40:19.562] [warn]  The resource https://discordapp.com/assets/dd24010f3cf7def7.woff2 was preloaded using link preload but not used within a few seconds from the window's load event. Please make sure it has an appropriate `as` value and it is preloaded intentionally.
[2025-11-03 22:40:19.562] [warn]  The resource https://discordapp.com/assets/e52f0cba712e2fb4.woff2 was preloaded using link preload but not used within a few seconds from the window's load event. Please make sure it has an appropriate `as` value and it is preloaded intentionally.
[2025-11-03 22:40:19.562] [warn]  The resource https://discordapp.com/assets/ce3b8055f5114434.woff2 was preloaded using link preload but not used within a few seconds from the window's load event. Please make sure it has an appropriate `as` value and it is preloaded intentionally.
[2025-11-03 22:40:19.562] [warn]  The resource https://discordapp.com/assets/cb2006dbced0e246.woff2 was preloaded using link preload but not used within a few seconds from the window's load event. Please make sure it has an appropriate `as` value and it is preloaded intentionally.
[2025-11-03 22:40:26.409] [info]  [RTCControlSocket(stream)] Sending heartbeat with last received sequence number: 3
[2025-11-03 22:40:26.411] [info]  [RTCControlSocket(stream)] Heartbeat ACK received
[2025-11-03 22:40:27.593] [warn]  The resource https://discordapp.com/assets/189422196a4f8b53.woff2 was preloaded using link preload but not used within a few seconds from the window's load event. Please make sure it has an appropriate `as` value and it is preloaded intentionally.
[2025-11-03 22:40:27.594] [warn]  The resource https://discordapp.com/assets/7a6a566c2e88a35d.woff2 was preloaded using link preload but not used within a few seconds from the window's load event. Please make sure it has an appropriate `as` value and it is preloaded intentionally.
[2025-11-03 22:40:27.594] [warn]  The resource https://discordapp.com/assets/dd24010f3cf7def7.woff2 was preloaded using link preload but not used within a few seconds from the window's load event. Please make sure it has an appropriate `as` value and it is preloaded intentionally.
[2025-11-03 22:40:27.594] [warn]  The resource https://discordapp.com/assets/e52f0cba712e2fb4.woff2 was preloaded using link preload but not used within a few seconds from the window's load event. Please make sure it has an appropriate `as` value and it is preloaded intentionally.
[2025-11-03 22:40:27.594] [warn]  The resource https://discordapp.com/assets/ce3b8055f5114434.woff2 was preloaded using link preload but not used within a few seconds from the window's load event. Please make sure it has an appropriate `as` value and it is preloaded intentionally.
[2025-11-03 22:40:27.594] [warn]  The resource https://discordapp.com/assets/cb2006dbced0e246.woff2 was preloaded using link preload but not used within a few seconds from the window's load event. Please make sure it has an appropriate `as` value and it is preloaded intentionally.
[2025-11-03 22:40:32.411] [info]  [RTCControlSocket(default)] Sending heartbeat with last received sequence number: 1
[2025-11-03 22:40:32.420] [info]  [RTCControlSocket(default)] Heartbeat ACK received
[2025-11-03 22:40:39.410] [info]  [RTCControlSocket(stream)] Sending heartbeat with last received sequence number: 3
[2025-11-03 22:40:39.412] [info]  [RTCControlSocket(stream)] Heartbeat ACK received
[2025-11-03 22:40:46.410] [info]  [RTCControlSocket(default)] Sending heartbeat with last received sequence number: 1
[2025-11-03 22:40:46.412] [info]  [RTCControlSocket(default)] Heartbeat ACK received
[2025-11-03 22:40:53.412] [info]  [RTCControlSocket(stream)] Sending heartbeat with last received sequence number: 3
[2025-11-03 22:40:53.434] [info]  [RTCControlSocket(stream)] Heartbeat ACK received
[2025-11-03 22:41:00.409] [info]  [RTCControlSocket(default)] Sending heartbeat with last received sequence number: 1
[2025-11-03 22:41:00.410] [info]  [RTCControlSocket(default)] Heartbeat ACK received
[2025-11-03 22:41:07.409] [info]  [RTCControlSocket(stream)] Sending heartbeat with last received sequence number: 3
[2025-11-03 22:41:07.411] [info]  [RTCControlSocket(stream)] Heartbeat ACK received
[2025-11-03 22:41:13.413] [info]  [RTCControlSocket(default)] Sending heartbeat with last received sequence number: 1
[2025-11-03 22:41:13.415] [info]  [RTCControlSocket(default)] Heartbeat ACK received
[2025-11-03 22:41:21.412] [info]  [RTCControlSocket(stream)] Sending heartbeat with last received sequence number: 3
[2025-11-03 22:41:21.417] [info]  [RTCControlSocket(stream)] Heartbeat ACK received
[2025-11-03 22:41:23.573] [warn]  The resource https://discordapp.com/assets/189422196a4f8b53.woff2 was preloaded using link preload but not used within a few seconds from the window's load event. Please make sure it has an appropriate `as` value and it is preloaded intentionally.
[2025-11-03 22:41:23.573] [warn]  The resource https://discordapp.com/assets/7a6a566c2e88a35d.woff2 was preloaded using link preload but not used within a few seconds from the window's load event. Please make sure it has an appropriate `as` value and it is preloaded intentionally.
[2025-11-03 22:41:23.573] [warn]  The resource https://discordapp.com/assets/dd24010f3cf7def7.woff2 was preloaded using link preload but not used within a few seconds from the window's load event. Please make sure it has an appropriate `as` value and it is preloaded intentionally.
[2025-11-03 22:41:23.574] [warn]  The resource https://discordapp.com/assets/e52f0cba712e2fb4.woff2 was preloaded using link preload but not used within a few seconds from the window's load event. Please make sure it has an appropriate `as` value and it is preloaded intentionally.
[2025-11-03 22:41:23.574] [warn]  The resource https://discordapp.com/assets/ce3b8055f5114434.woff2 was preloaded using link preload but not used within a few seconds from the window's load event. Please make sure it has an appropriate `as` value and it is preloaded intentionally.
[2025-11-03 22:41:23.574] [warn]  The resource https://discordapp.com/assets/cb2006dbced0e246.woff2 was preloaded using link preload but not used within a few seconds from the window's load event. Please make sure it has an appropriate `as` value and it is preloaded intentionally.
[2025-11-03 22:41:27.410] [info]  [RTCControlSocket(default)] Sending heartbeat with last received sequence number: 1
[2025-11-03 22:41:27.414] [info]  [RTCControlSocket(default)] Heartbeat ACK received
[2025-11-03 22:41:34.410] [info]  [RTCControlSocket(stream)] Sending heartbeat with last received sequence number: 3
[2025-11-03 22:41:34.413] [info]  [RTCControlSocket(stream)] Heartbeat ACK received
[2025-11-03 22:41:35.572] [warn]  The resource https://discordapp.com/assets/189422196a4f8b53.woff2 was preloaded using link preload but not used within a few seconds from the window's load event. Please make sure it has an appropriate `as` value and it is preloaded intentionally.
[2025-11-03 22:41:35.572] [warn]  The resource https://discordapp.com/assets/7a6a566c2e88a35d.woff2 was preloaded using link preload but not used within a few seconds from the window's load event. Please make sure it has an appropriate `as` value and it is preloaded intentionally.
[2025-11-03 22:41:35.572] [warn]  The resource https://discordapp.com/assets/dd24010f3cf7def7.woff2 was preloaded using link preload but not used within a few seconds from the window's load event. Please make sure it has an appropriate `as` value and it is preloaded intentionally.
[2025-11-03 22:41:35.572] [warn]  The resource https://discordapp.com/assets/e52f0cba712e2fb4.woff2 was preloaded using link preload but not used within a few seconds from the window's load event. Please make sure it has an appropriate `as` value and it is preloaded intentionally.
[2025-11-03 22:41:35.572] [warn]  The resource https://discordapp.com/assets/ce3b8055f5114434.woff2 was preloaded using link preload but not used within a few seconds from the window's load event. Please make sure it has an appropriate `as` value and it is preloaded intentionally.
[2025-11-03 22:41:35.573] [warn]  The resource https://discordapp.com/assets/cb2006dbced0e246.woff2 was preloaded using link preload but not used within a few seconds from the window's load event. Please make sure it has an appropriate `as` value and it is preloaded intentionally.
[2025-11-03 22:41:41.409] [info]  [RTCControlSocket(default)] Sending heartbeat with last received sequence number: 1
[2025-11-03 22:41:41.411] [info]  [RTCControlSocket(default)] Heartbeat ACK received
[2025-11-03 22:41:48.411] [info]  [RTCControlSocket(stream)] Sending heartbeat with last received sequence number: 3
[2025-11-03 22:41:48.413] [info]  [RTCControlSocket(stream)] Heartbeat ACK received
[2025-11-03 22:41:55.409] [info]  [RTCControlSocket(default)] Sending heartbeat with last received sequence number: 1
[2025-11-03 22:41:55.411] [info]  [RTCControlSocket(default)] Heartbeat ACK received
[2025-11-03 22:42:02.409] [info]  [RTCControlSocket(stream)] Sending heartbeat with last received sequence number: 3
[2025-11-03 22:42:02.419] [info]  [RTCControlSocket(stream)] Heartbeat ACK received
[2025-11-03 22:42:08.416] [info]  [RTCControlSocket(default)] Sending heartbeat with last received sequence number: 1
[2025-11-03 22:42:08.421] [info]  [RTCControlSocket(default)] Heartbeat ACK received
[2025-11-03 22:42:16.409] [info]  [RTCControlSocket(stream)] Sending heartbeat with last received sequence number: 3
[2025-11-03 22:42:16.415] [info]  [RTCControlSocket(stream)] Heartbeat ACK received
[2025-11-03 22:42:22.411] [info]  [RTCControlSocket(default)] Sending heartbeat with last received sequence number: 1
[2025-11-03 22:42:22.413] [info]  [RTCControlSocket(default)] Heartbeat ACK received
[2025-11-03 22:42:29.410] [info]  [RTCControlSocket(stream)] Sending heartbeat with last received sequence number: 3
[2025-11-03 22:42:29.411] [info]  [RTCControlSocket(stream)] Heartbeat ACK received
[2025-11-03 22:42:36.411] [info]  [RTCControlSocket(default)] Sending heartbeat with last received sequence number: 1
[2025-11-03 22:42:36.413] [info]  [RTCControlSocket(default)] Heartbeat ACK received
[2025-11-03 22:42:43.410] [info]  [RTCControlSocket(stream)] Sending heartbeat with last received sequence number: 3
[2025-11-03 22:42:43.416] [info]  [RTCControlSocket(stream)] Heartbeat ACK received
[2025-11-03 22:42:50.409] [info]  [RTCControlSocket(default)] Sending heartbeat with last received sequence number: 1
[2025-11-03 22:42:50.410] [info]  [RTCControlSocket(default)] Heartbeat ACK received
[2025-11-03 22:42:57.412] [info]  [RTCControlSocket(stream)] Sending heartbeat with last received sequence number: 3
[2025-11-03 22:42:57.414] [info]  [RTCControlSocket(stream)] Heartbeat ACK received
[2025-11-03 22:42:57.667] [warn]  The resource https://discordapp.com/assets/189422196a4f8b53.woff2 was preloaded using link preload but not used within a few seconds from the window's load event. Please make sure it has an appropriate `as` value and it is preloaded intentionally.
[2025-11-03 22:42:57.668] [warn]  The resource https://discordapp.com/assets/7a6a566c2e88a35d.woff2 was preloaded using link preload but not used within a few seconds from the window's load event. Please make sure it has an appropriate `as` value and it is preloaded intentionally.
[2025-11-03 22:42:57.668] [warn]  The resource https://discordapp.com/assets/dd24010f3cf7def7.woff2 was preloaded using link preload but not used within a few seconds from the window's load event. Please make sure it has an appropriate `as` value and it is preloaded intentionally.
[2025-11-03 22:42:57.668] [warn]  The resource https://discordapp.com/assets/e52f0cba712e2fb4.woff2 was preloaded using link preload but not used within a few seconds from the window's load event. Please make sure it has an appropriate `as` value and it is preloaded intentionally.
[2025-11-03 22:42:57.668] [warn]  The resource https://discordapp.com/assets/ce3b8055f5114434.woff2 was preloaded using link preload but not used within a few seconds from the window's load event. Please make sure it has an appropriate `as` value and it is preloaded intentionally.
[2025-11-03 22:42:57.668] [warn]  The resource https://discordapp.com/assets/cb2006dbced0e246.woff2 was preloaded using link preload but not used within a few seconds from the window's load event. Please make sure it has an appropriate `as` value and it is preloaded intentionally.
[2025-11-03 22:43:03.412] [info]  [RTCControlSocket(default)] Sending heartbeat with last received sequence number: 1
[2025-11-03 22:43:03.831] [info]  [RTCControlSocket(default)] Heartbeat ACK received
[2025-11-03 22:43:11.409] [info]  [RTCControlSocket(stream)] Sending heartbeat with last received sequence number: 3
[2025-11-03 22:43:11.412] [info]  [RTCControlSocket(stream)] Heartbeat ACK received
[2025-11-03 22:43:17.421] [info]  [RTCControlSocket(default)] Sending heartbeat with last received sequence number: 1
[2025-11-03 22:43:17.424] [info]  [RTCControlSocket(default)] Heartbeat ACK received
[2025-11-03 22:43:24.419] [info]  [RTCControlSocket(stream)] Sending heartbeat with last received sequence number: 3
[2025-11-03 22:43:24.421] [info]  [RTCControlSocket(stream)] Heartbeat ACK received
[2025-11-03 22:43:31.409] [info]  [RTCControlSocket(default)] Sending heartbeat with last received sequence number: 1
[2025-11-03 22:43:31.417] [info]  [RTCControlSocket(default)] Heartbeat ACK received
[2025-11-03 22:43:38.410] [info]  [RTCControlSocket(stream)] Sending heartbeat with last received sequence number: 3
[2025-11-03 22:43:38.411] [info]  [RTCControlSocket(stream)] Heartbeat ACK received
[2025-11-03 22:43:45.409] [info]  [RTCControlSocket(default)] Sending heartbeat with last received sequence number: 1
[2025-11-03 22:43:45.412] [info]  [RTCControlSocket(default)] Heartbeat ACK received
[2025-11-03 22:43:45.572] [warn]  The resource https://discordapp.com/assets/189422196a4f8b53.woff2 was preloaded using link preload but not used within a few seconds from the window's load event. Please make sure it has an appropriate `as` value and it is preloaded intentionally.
[2025-11-03 22:43:45.573] [warn]  The resource https://discordapp.com/assets/7a6a566c2e88a35d.woff2 was preloaded using link preload but not used within a few seconds from the window's load event. Please make sure it has an appropriate `as` value and it is preloaded intentionally.
[2025-11-03 22:43:45.573] [warn]  The resource https://discordapp.com/assets/dd24010f3cf7def7.woff2 was preloaded using link preload but not used within a few seconds from the window's load event. Please make sure it has an appropriate `as` value and it is preloaded intentionally.
[2025-11-03 22:43:45.573] [warn]  The resource https://discordapp.com/assets/e52f0cba712e2fb4.woff2 was preloaded using link preload but not used within a few seconds from the window's load event. Please make sure it has an appropriate `as` value and it is preloaded intentionally.
[2025-11-03 22:43:45.573] [warn]  The resource https://discordapp.com/assets/ce3b8055f5114434.woff2 was preloaded using link preload but not used within a few seconds from the window's load event. Please make sure it has an appropriate `as` value and it is preloaded intentionally.
[2025-11-03 22:43:45.573] [warn]  The resource https://discordapp.com/assets/cb2006dbced0e246.woff2 was preloaded using link preload but not used within a few seconds from the window's load event. Please make sure it has an appropriate `as` value and it is preloaded intentionally.
[2025-11-03 22:43:52.411] [info]  [RTCControlSocket(stream)] Sending heartbeat with last received sequence number: 3
[2025-11-03 22:43:52.413] [info]  [RTCControlSocket(stream)] Heartbeat ACK received
[2025-11-03 22:43:58.410] [info]  [RTCControlSocket(default)] Sending heartbeat with last received sequence number: 1
[2025-11-03 22:43:58.413] [info]  [RTCControlSocket(default)] Heartbeat ACK received
[2025-11-03 22:44:02.894] [warn]  The resource https://discordapp.com/assets/189422196a4f8b53.woff2 was preloaded using link preload but not used within a few seconds from the window's load event. Please make sure it has an appropriate `as` value and it is preloaded intentionally.
[2025-11-03 22:44:02.894] [warn]  The resource https://discordapp.com/assets/7a6a566c2e88a35d.woff2 was preloaded using link preload but not used within a few seconds from the window's load event. Please make sure it has an appropriate `as` value and it is preloaded intentionally.
[2025-11-03 22:44:02.894] [warn]  The resource https://discordapp.com/assets/dd24010f3cf7def7.woff2 was preloaded using link preload but not used within a few seconds from the window's load event. Please make sure it has an appropriate `as` value and it is preloaded intentionally.
[2025-11-03 22:44:02.894] [warn]  The resource https://discordapp.com/assets/e52f0cba712e2fb4.woff2 was preloaded using link preload but not used within a few seconds from the window's load event. Please make sure it has an appropriate `as` value and it is preloaded intentionally.
[2025-11-03 22:44:02.894] [warn]  The resource https://discordapp.com/assets/ce3b8055f5114434.woff2 was preloaded using link preload but not used within a few seconds from the window's load event. Please make sure it has an appropriate `as` value and it is preloaded intentionally.
[2025-11-03 22:44:02.894] [warn]  The resource https://discordapp.com/assets/cb2006dbced0e246.woff2 was preloaded using link preload but not used within a few seconds from the window's load event. Please make sure it has an appropriate `as` value and it is preloaded intentionally.
[2025-11-03 22:44:06.409] [info]  [RTCControlSocket(stream)] Sending heartbeat with last received sequence number: 3
[2025-11-03 22:44:06.411] [info]  [RTCControlSocket(stream)] Heartbeat ACK received
[2025-11-03 22:44:12.415] [info]  [RTCControlSocket(default)] Sending heartbeat with last received sequence number: 1
[2025-11-03 22:44:12.423] [info]  [RTCControlSocket(default)] Heartbeat ACK received
[2025-11-03 22:44:19.410] [info]  [RTCControlSocket(stream)] Sending heartbeat with last received sequence number: 3
[2025-11-03 22:44:19.411] [info]  [RTCControlSocket(stream)] Heartbeat ACK received
[2025-11-03 22:44:26.409] [info]  [RTCControlSocket(default)] Sending heartbeat with last received sequence number: 1
[2025-11-03 22:44:26.410] [info]  [RTCControlSocket(default)] Heartbeat ACK received
[2025-11-03 22:44:33.410] [info]  [RTCControlSocket(stream)] Sending heartbeat with last received sequence number: 3
[2025-11-03 22:44:33.412] [info]  [RTCControlSocket(stream)] Heartbeat ACK received
[2025-11-03 22:44:40.410] [info]  [RTCControlSocket(default)] Sending heartbeat with last received sequence number: 1
[2025-11-03 22:44:40.412] [info]  [RTCControlSocket(default)] Heartbeat ACK received
[2025-11-03 22:44:47.409] [info]  [RTCControlSocket(stream)] Sending heartbeat with last received sequence number: 3
[2025-11-03 22:44:47.411] [info]  [RTCControlSocket(stream)] Heartbeat ACK received
[2025-11-03 22:44:50.410] [info]  Subscribing to frames for streamId 8
[2025-11-03 22:44:50.429] [info]  Unsubscribing from frames for streamId 8
[2025-11-03 22:44:53.410] [info]  [RTCControlSocket(default)] Sending heartbeat with last received sequence number: 1
[2025-11-03 22:44:53.413] [info]  [RTCControlSocket(default)] Heartbeat ACK received
[2025-11-03 22:45:01.409] [info]  [RTCControlSocket(stream)] Sending heartbeat with last received sequence number: 3
[2025-11-03 22:45:01.418] [info]  [RTCControlSocket(stream)] Heartbeat ACK received
[2025-11-03 22:45:07.410] [info]  [RTCControlSocket(default)] Sending heartbeat with last received sequence number: 1
[2025-11-03 22:45:07.416] [info]  [RTCControlSocket(default)] Heartbeat ACK received
[2025-11-03 22:45:08.575] [warn]  The resource https://discordapp.com/assets/189422196a4f8b53.woff2 was preloaded using link preload but not used within a few seconds from the window's load event. Please make sure it has an appropriate `as` value and it is preloaded intentionally.
[2025-11-03 22:45:08.575] [warn]  The resource https://discordapp.com/assets/7a6a566c2e88a35d.woff2 was preloaded using link preload but not used within a few seconds from the window's load event. Please make sure it has an appropriate `as` value and it is preloaded intentionally.
[2025-11-03 22:45:08.575] [warn]  The resource https://discordapp.com/assets/dd24010f3cf7def7.woff2 was preloaded using link preload but not used within a few seconds from the window's load event. Please make sure it has an appropriate `as` value and it is preloaded intentionally.
[2025-11-03 22:45:08.576] [warn]  The resource https://discordapp.com/assets/e52f0cba712e2fb4.woff2 was preloaded using link preload but not used within a few seconds from the window's load event. Please make sure it has an appropriate `as` value and it is preloaded intentionally.
[2025-11-03 22:45:08.576] [warn]  The resource https://discordapp.com/assets/ce3b8055f5114434.woff2 was preloaded using link preload but not used within a few seconds from the window's load event. Please make sure it has an appropriate `as` value and it is preloaded intentionally.
[2025-11-03 22:45:08.576] [warn]  The resource https://discordapp.com/assets/cb2006dbced0e246.woff2 was preloaded using link preload but not used within a few seconds from the window's load event. Please make sure it has an appropriate `as` value and it is preloaded intentionally.
[2025-11-03 22:45:14.410] [info]  [RTCControlSocket(stream)] Sending heartbeat with last received sequence number: 3
[2025-11-03 22:45:14.414] [info]  [RTCControlSocket(stream)] Heartbeat ACK received
[2025-11-03 22:45:20.412] [error] [AVError] AV error reported: stream-send-network-quality {"channelId":"1191834641016033351","mediaSessionId":"2a89445867f65e6eb30cab53183605f2","rtcConnectionId":"95c089a5-aca1-4b7c-a1f5-bf48de66a561","mediaContext":"stream","streamKey":"guild:1191834640554655834:1191834641016033351:792433527081271357","userId":"792433527081271357","videoDeviceName":"Integrated Camera: Integrated C","audioInputDeviceName":"Default: Family 17h/19h/1ah HD Audio Controller Analog Stereo","audioOutputDeviceName":"Default: Family 17h/19h/1ah HD Audio Controller Analog Stereo"}
[2025-11-03 22:45:21.409] [info]  [RTCControlSocket(default)] Sending heartbeat with last received sequence number: 1
[2025-11-03 22:45:21.411] [info]  [RTCControlSocket(default)] Heartbeat ACK received
[2025-11-03 22:45:22.378] [warn]  The resource https://discordapp.com/assets/189422196a4f8b53.woff2 was preloaded using link preload but not used within a few seconds from the window's load event. Please make sure it has an appropriate `as` value and it is preloaded intentionally.
[2025-11-03 22:45:22.379] [warn]  The resource https://discordapp.com/assets/7a6a566c2e88a35d.woff2 was preloaded using link preload but not used within a few seconds from the window's load event. Please make sure it has an appropriate `as` value and it is preloaded intentionally.
[2025-11-03 22:45:22.379] [warn]  The resource https://discordapp.com/assets/dd24010f3cf7def7.woff2 was preloaded using link preload but not used within a few seconds from the window's load event. Please make sure it has an appropriate `as` value and it is preloaded intentionally.
[2025-11-03 22:45:22.379] [warn]  The resource https://discordapp.com/assets/e52f0cba712e2fb4.woff2 was preloaded using link preload but not used within a few seconds from the window's load event. Please make sure it has an appropriate `as` value and it is preloaded intentionally.
[2025-11-03 22:45:22.379] [warn]  The resource https://discordapp.com/assets/ce3b8055f5114434.woff2 was preloaded using link preload but not used within a few seconds from the window's load event. Please make sure it has an appropriate `as` value and it is preloaded intentionally.
[2025-11-03 22:45:22.379] [warn]  The resource https://discordapp.com/assets/cb2006dbced0e246.woff2 was preloaded using link preload but not used within a few seconds from the window's load event. Please make sure it has an appropriate `as` value and it is preloaded intentionally.
[2025-11-03 22:45:25.561] [warn]  The resource https://discordapp.com/assets/189422196a4f8b53.woff2 was preloaded using link preload but not used within a few seconds from the window's load event. Please make sure it has an appropriate `as` value and it is preloaded intentionally.
[2025-11-03 22:45:25.561] [warn]  The resource https://discordapp.com/assets/7a6a566c2e88a35d.woff2 was preloaded using link preload but not used within a few seconds from the window's load event. Please make sure it has an appropriate `as` value and it is preloaded intentionally.
[2025-11-03 22:45:25.561] [warn]  The resource https://discordapp.com/assets/dd24010f3cf7def7.woff2 was preloaded using link preload but not used within a few seconds from the window's load event. Please make sure it has an appropriate `as` value and it is preloaded intentionally.
[2025-11-03 22:45:25.561] [warn]  The resource https://discordapp.com/assets/e52f0cba712e2fb4.woff2 was preloaded using link preload but not used within a few seconds from the window's load event. Please make sure it has an appropriate `as` value and it is preloaded intentionally.
[2025-11-03 22:45:25.561] [warn]  The resource https://discordapp.com/assets/ce3b8055f5114434.woff2 was preloaded using link preload but not used within a few seconds from the window's load event. Please make sure it has an appropriate `as` value and it is preloaded intentionally.
[2025-11-03 22:45:25.562] [warn]  The resource https://discordapp.com/assets/cb2006dbced0e246.woff2 was preloaded using link preload but not used within a few seconds from the window's load event. Please make sure it has an appropriate `as` value and it is preloaded intentionally.
[2025-11-03 22:45:28.413] [info]  [RTCControlSocket(stream)] Sending heartbeat with last received sequence number: 3
[2025-11-03 22:45:28.413] [info]  [RTCControlSocket(stream)] Heartbeat ACK received
[2025-11-03 22:45:33.560] [warn]  The resource https://discordapp.com/assets/189422196a4f8b53.woff2 was preloaded using link preload but not used within a few seconds from the window's load event. Please make sure it has an appropriate `as` value and it is preloaded intentionally.
[2025-11-03 22:45:33.560] [warn]  The resource https://discordapp.com/assets/7a6a566c2e88a35d.woff2 was preloaded using link preload but not used within a few seconds from the window's load event. Please make sure it has an appropriate `as` value and it is preloaded intentionally.
[2025-11-03 22:45:33.560] [warn]  The resource https://discordapp.com/assets/dd24010f3cf7def7.woff2 was preloaded using link preload but not used within a few seconds from the window's load event. Please make sure it has an appropriate `as` value and it is preloaded intentionally.
[2025-11-03 22:45:33.561] [warn]  The resource https://discordapp.com/assets/e52f0cba712e2fb4.woff2 was preloaded using link preload but not used within a few seconds from the window's load event. Please make sure it has an appropriate `as` value and it is preloaded intentionally.
[2025-11-03 22:45:33.561] [warn]  The resource https://discordapp.com/assets/ce3b8055f5114434.woff2 was preloaded using link preload but not used within a few seconds from the window's load event. Please make sure it has an appropriate `as` value and it is preloaded intentionally.
[2025-11-03 22:45:33.561] [warn]  The resource https://discordapp.com/assets/cb2006dbced0e246.woff2 was preloaded using link preload but not used within a few seconds from the window's load event. Please make sure it has an appropriate `as` value and it is preloaded intentionally.
[2025-11-03 22:45:35.409] [info]  [RTCControlSocket(default)] Sending heartbeat with last received sequence number: 1
[2025-11-03 22:45:35.411] [info]  [AVErrorManager] Error resolved: stream-send-network-quality {"channelId":"1191834641016033351","mediaSessionId":"2a89445867f65e6eb30cab53183605f2","rtcConnectionId":"95c089a5-aca1-4b7c-a1f5-bf48de66a561","mediaContext":"stream","streamKey":"guild:1191834640554655834:1191834641016033351:792433527081271357","userId":"792433527081271357","videoDeviceName":"Integrated Camera: Integrated C","audioInputDeviceName":"Default: Family 17h/19h/1ah HD Audio Controller Analog Stereo","audioOutputDeviceName":"Default: Family 17h/19h/1ah HD Audio Controller Analog Stereo"}
[2025-11-03 22:45:35.414] [info]  [RTCControlSocket(default)] Heartbeat ACK received
[2025-11-03 22:45:42.413] [info]  [RTCControlSocket(stream)] Sending heartbeat with last received sequence number: 3
[2025-11-03 22:45:42.415] [info]  [RTCControlSocket(stream)] Heartbeat ACK received
[2025-11-03 22:45:48.413] [info]  [RTCControlSocket(default)] Sending heartbeat with last received sequence number: 1
[2025-11-03 22:45:48.415] [info]  [RTCControlSocket(default)] Heartbeat ACK received
[2025-11-03 22:45:56.409] [info]  [RTCControlSocket(stream)] Sending heartbeat with last received sequence number: 3
[2025-11-03 22:45:56.411] [info]  [RTCControlSocket(stream)] Heartbeat ACK received
[2025-11-03 22:46:02.411] [info]  [RTCControlSocket(default)] Sending heartbeat with last received sequence number: 1
[2025-11-03 22:46:02.416] [info]  [RTCControlSocket(default)] Heartbeat ACK received
[2025-11-03 22:46:09.411] [info]  [RTCControlSocket(stream)] Sending heartbeat with last received sequence number: 3
[2025-11-03 22:46:09.422] [info]  [RTCControlSocket(stream)] Heartbeat ACK received
[2025-11-03 22:46:09.636] [warn]  The resource https://discordapp.com/assets/189422196a4f8b53.woff2 was preloaded using link preload but not used within a few seconds from the window's load event. Please make sure it has an appropriate `as` value and it is preloaded intentionally.
[2025-11-03 22:46:09.637] [warn]  The resource https://discordapp.com/assets/7a6a566c2e88a35d.woff2 was preloaded using link preload but not used within a few seconds from the window's load event. Please make sure it has an appropriate `as` value and it is preloaded intentionally.
[2025-11-03 22:46:09.637] [warn]  The resource https://discordapp.com/assets/dd24010f3cf7def7.woff2 was preloaded using link preload but not used within a few seconds from the window's load event. Please make sure it has an appropriate `as` value and it is preloaded intentionally.
[2025-11-03 22:46:09.637] [warn]  The resource https://discordapp.com/assets/e52f0cba712e2fb4.woff2 was preloaded using link preload but not used within a few seconds from the window's load event. Please make sure it has an appropriate `as` value and it is preloaded intentionally.
[2025-11-03 22:46:09.637] [warn]  The resource https://discordapp.com/assets/ce3b8055f5114434.woff2 was preloaded using link preload but not used within a few seconds from the window's load event. Please make sure it has an appropriate `as` value and it is preloaded intentionally.
[2025-11-03 22:46:09.637] [warn]  The resource https://discordapp.com/assets/cb2006dbced0e246.woff2 was preloaded using link preload but not used within a few seconds from the window's load event. Please make sure it has an appropriate `as` value and it is preloaded intentionally.
[2025-11-03 22:46:16.409] [info]  [RTCControlSocket(default)] Sending heartbeat with last received sequence number: 1
[2025-11-03 22:46:16.411] [info]  [RTCControlSocket(default)] Heartbeat ACK received
[2025-11-03 22:46:23.410] [info]  [RTCControlSocket(stream)] Sending heartbeat with last received sequence number: 3
[2025-11-03 22:46:23.411] [info]  [RTCControlSocket(stream)] Heartbeat ACK received
[2025-11-03 22:46:30.409] [info]  [RTCControlSocket(default)] Sending heartbeat with last received sequence number: 1
[2025-11-03 22:46:30.414] [info]  [RTCControlSocket(default)] Heartbeat ACK received
[2025-11-03 22:46:37.411] [info]  [RTCControlSocket(stream)] Sending heartbeat with last received sequence number: 3
[2025-11-03 22:46:37.416] [error] [AVError] AV error reported: stream-send-network-quality {"channelId":"1191834641016033351","mediaSessionId":"2a89445867f65e6eb30cab53183605f2","rtcConnectionId":"95c089a5-aca1-4b7c-a1f5-bf48de66a561","mediaContext":"stream","streamKey":"guild:1191834640554655834:1191834641016033351:792433527081271357","userId":"792433527081271357","videoDeviceName":"Integrated Camera: Integrated C","audioInputDeviceName":"Default: Family 17h/19h/1ah HD Audio Controller Analog Stereo","audioOutputDeviceName":"Default: Family 17h/19h/1ah HD Audio Controller Analog Stereo"}
[2025-11-03 22:46:37.424] [info]  [RTCControlSocket(stream)] Heartbeat ACK received
[2025-11-03 22:46:42.590] [warn]  The resource https://discordapp.com/assets/189422196a4f8b53.woff2 was preloaded using link preload but not used within a few seconds from the window's load event. Please make sure it has an appropriate `as` value and it is preloaded intentionally.
[2025-11-03 22:46:42.590] [warn]  The resource https://discordapp.com/assets/7a6a566c2e88a35d.woff2 was preloaded using link preload but not used within a few seconds from the window's load event. Please make sure it has an appropriate `as` value and it is preloaded intentionally.
[2025-11-03 22:46:42.590] [warn]  The resource https://discordapp.com/assets/dd24010f3cf7def7.woff2 was preloaded using link preload but not used within a few seconds from the window's load event. Please make sure it has an appropriate `as` value and it is preloaded intentionally.
[2025-11-03 22:46:42.590] [warn]  The resource https://discordapp.com/assets/e52f0cba712e2fb4.woff2 was preloaded using link preload but not used within a few seconds from the window's load event. Please make sure it has an appropriate `as` value and it is preloaded intentionally.
[2025-11-03 22:46:42.590] [warn]  The resource https://discordapp.com/assets/ce3b8055f5114434.woff2 was preloaded using link preload but not used within a few seconds from the window's load event. Please make sure it has an appropriate `as` value and it is preloaded intentionally.
[2025-11-03 22:46:42.590] [warn]  The resource https://discordapp.com/assets/cb2006dbced0e246.woff2 was preloaded using link preload but not used within a few seconds from the window's load event. Please make sure it has an appropriate `as` value and it is preloaded intentionally.
[2025-11-03 22:46:43.412] [info]  [RTCControlSocket(default)] Sending heartbeat with last received sequence number: 1
[2025-11-03 22:46:43.426] [info]  [RTCControlSocket(default)] Heartbeat ACK received
[2025-11-03 22:46:45.411] [info]  [AVErrorManager] Error resolved: stream-send-network-quality {"channelId":"1191834641016033351","mediaSessionId":"2a89445867f65e6eb30cab53183605f2","rtcConnectionId":"95c089a5-aca1-4b7c-a1f5-bf48de66a561","mediaContext":"stream","streamKey":"guild:1191834640554655834:1191834641016033351:792433527081271357","userId":"792433527081271357","videoDeviceName":"Integrated Camera: Integrated C","audioInputDeviceName":"Default: Family 17h/19h/1ah HD Audio Controller Analog Stereo","audioOutputDeviceName":"Default: Family 17h/19h/1ah HD Audio Controller Analog Stereo"}
[2025-11-03 22:46:47.597] [warn]  The resource https://discordapp.com/assets/189422196a4f8b53.woff2 was preloaded using link preload but not used within a few seconds from the window's load event. Please make sure it has an appropriate `as` value and it is preloaded intentionally.
[2025-11-03 22:46:47.597] [warn]  The resource https://discordapp.com/assets/7a6a566c2e88a35d.woff2 was preloaded using link preload but not used within a few seconds from the window's load event. Please make sure it has an appropriate `as` value and it is preloaded intentionally.
[2025-11-03 22:46:47.597] [warn]  The resource https://discordapp.com/assets/dd24010f3cf7def7.woff2 was preloaded using link preload but not used within a few seconds from the window's load event. Please make sure it has an appropriate `as` value and it is preloaded intentionally.
[2025-11-03 22:46:47.597] [warn]  The resource https://discordapp.com/assets/e52f0cba712e2fb4.woff2 was preloaded using link preload but not used within a few seconds from the window's load event. Please make sure it has an appropriate `as` value and it is preloaded intentionally.
[2025-11-03 22:46:47.597] [warn]  The resource https://discordapp.com/assets/ce3b8055f5114434.woff2 was preloaded using link preload but not used within a few seconds from the window's load event. Please make sure it has an appropriate `as` value and it is preloaded intentionally.
[2025-11-03 22:46:47.598] [warn]  The resource https://discordapp.com/assets/cb2006dbced0e246.woff2 was preloaded using link preload but not used within a few seconds from the window's load event. Please make sure it has an appropriate `as` value and it is preloaded intentionally.
[2025-11-03 22:46:51.409] [info]  [RTCControlSocket(stream)] Sending heartbeat with last received sequence number: 3
[2025-11-03 22:46:51.411] [info]  [RTCControlSocket(stream)] Heartbeat ACK received
[2025-11-03 22:46:57.411] [info]  [RTCControlSocket(default)] Sending heartbeat with last received sequence number: 1
[2025-11-03 22:46:57.413] [info]  [RTCControlSocket(default)] Heartbeat ACK received
[2025-11-03 22:47:04.410] [info]  [RTCControlSocket(stream)] Sending heartbeat with last received sequence number: 3
[2025-11-03 22:47:04.416] [info]  [RTCControlSocket(stream)] Heartbeat ACK received
[2025-11-03 22:47:11.409] [info]  [RTCControlSocket(default)] Sending heartbeat with last received sequence number: 1
[2025-11-03 22:47:11.416] [info]  [RTCControlSocket(default)] Heartbeat ACK received
[2025-11-03 22:47:18.410] [info]  [RTCControlSocket(stream)] Sending heartbeat with last received sequence number: 3
[2025-11-03 22:47:18.413] [info]  [RTCControlSocket(stream)] Heartbeat ACK received
[2025-11-03 22:47:25.409] [info]  [RTCControlSocket(default)] Sending heartbeat with last received sequence number: 1
[2025-11-03 22:47:25.416] [info]  [RTCControlSocket(default)] Heartbeat ACK received
[2025-11-03 22:47:32.409] [info]  [RTCControlSocket(stream)] Sending heartbeat with last received sequence number: 3
[2025-11-03 22:47:32.416] [info]  [RTCControlSocket(stream)] Heartbeat ACK received
[2025-11-03 22:47:38.411] [info]  [RTCControlSocket(default)] Sending heartbeat with last received sequence number: 1
[2025-11-03 22:47:38.412] [info]  [RTCControlSocket(default)] Heartbeat ACK received
[2025-11-03 22:47:46.409] [info]  [RTCControlSocket(stream)] Sending heartbeat with last received sequence number: 3
[2025-11-03 22:47:46.414] [info]  [RTCControlSocket(stream)] Heartbeat ACK received
[2025-11-03 22:47:52.410] [info]  [RTCControlSocket(default)] Sending heartbeat with last received sequence number: 1
[2025-11-03 22:47:52.419] [info]  [RTCControlSocket(default)] Heartbeat ACK received
[2025-11-03 22:47:59.422] [info]  [RTCControlSocket(stream)] Sending heartbeat with last received sequence number: 3
[2025-11-03 22:47:59.427] [info]  [RTCControlSocket(stream)] Heartbeat ACK received
[2025-11-03 22:48:06.409] [info]  [RTCControlSocket(default)] Sending heartbeat with last received sequence number: 1
[2025-11-03 22:48:06.416] [info]  [RTCControlSocket(default)] Heartbeat ACK received
[2025-11-03 22:48:13.412] [info]  [RTCControlSocket(stream)] Sending heartbeat with last received sequence number: 3
[2025-11-03 22:48:13.413] [info]  [RTCControlSocket(stream)] Heartbeat ACK received
[2025-11-03 22:48:20.409] [info]  [RTCControlSocket(default)] Sending heartbeat with last received sequence number: 1
[2025-11-03 22:48:20.411] [info]  [RTCControlSocket(default)] Heartbeat ACK received
[2025-11-03 22:48:27.410] [info]  [RTCControlSocket(stream)] Sending heartbeat with last received sequence number: 3
[2025-11-03 22:48:27.412] [info]  [RTCControlSocket(stream)] Heartbeat ACK received
[2025-11-03 22:48:33.417] [info]  [RTCControlSocket(default)] Sending heartbeat with last received sequence number: 1
[2025-11-03 22:48:33.421] [info]  [RTCControlSocket(default)] Heartbeat ACK received
[2025-11-03 22:48:41.409] [info]  [RTCControlSocket(stream)] Sending heartbeat with last received sequence number: 3
[2025-11-03 22:48:41.411] [info]  [RTCControlSocket(stream)] Heartbeat ACK received
[2025-11-03 22:48:43.412] [error] [AVError] AV error reported: stream-send-network-quality {"channelId":"1191834641016033351","mediaSessionId":"2a89445867f65e6eb30cab53183605f2","rtcConnectionId":"95c089a5-aca1-4b7c-a1f5-bf48de66a561","mediaContext":"stream","streamKey":"guild:1191834640554655834:1191834641016033351:792433527081271357","userId":"792433527081271357","videoDeviceName":"Integrated Camera: Integrated C","audioInputDeviceName":"Default: Family 17h/19h/1ah HD Audio Controller Analog Stereo","audioOutputDeviceName":"Default: Family 17h/19h/1ah HD Audio Controller Analog Stereo"}
[2025-11-03 22:48:46.410] [info]  [AVErrorManager] Error resolved: stream-send-network-quality {"channelId":"1191834641016033351","mediaSessionId":"2a89445867f65e6eb30cab53183605f2","rtcConnectionId":"95c089a5-aca1-4b7c-a1f5-bf48de66a561","mediaContext":"stream","streamKey":"guild:1191834640554655834:1191834641016033351:792433527081271357","userId":"792433527081271357","videoDeviceName":"Integrated Camera: Integrated C","audioInputDeviceName":"Default: Family 17h/19h/1ah HD Audio Controller Analog Stereo","audioOutputDeviceName":"Default: Family 17h/19h/1ah HD Audio Controller Analog Stereo"}
[2025-11-03 22:48:47.410] [info]  [RTCControlSocket(default)] Sending heartbeat with last received sequence number: 1
[2025-11-03 22:48:47.411] [info]  [RTCControlSocket(default)] Heartbeat ACK received
[2025-11-03 22:48:48.568] [warn]  The resource https://discordapp.com/assets/189422196a4f8b53.woff2 was preloaded using link preload but not used within a few seconds from the window's load event. Please make sure it has an appropriate `as` value and it is preloaded intentionally.
[2025-11-03 22:48:48.569] [warn]  The resource https://discordapp.com/assets/7a6a566c2e88a35d.woff2 was preloaded using link preload but not used within a few seconds from the window's load event. Please make sure it has an appropriate `as` value and it is preloaded intentionally.
[2025-11-03 22:48:48.569] [warn]  The resource https://discordapp.com/assets/dd24010f3cf7def7.woff2 was preloaded using link preload but not used within a few seconds from the window's load event. Please make sure it has an appropriate `as` value and it is preloaded intentionally.
[2025-11-03 22:48:48.569] [warn]  The resource https://discordapp.com/assets/e52f0cba712e2fb4.woff2 was preloaded using link preload but not used within a few seconds from the window's load event. Please make sure it has an appropriate `as` value and it is preloaded intentionally.
[2025-11-03 22:48:48.569] [warn]  The resource https://discordapp.com/assets/ce3b8055f5114434.woff2 was preloaded using link preload but not used within a few seconds from the window's load event. Please make sure it has an appropriate `as` value and it is preloaded intentionally.
[2025-11-03 22:48:48.569] [warn]  The resource https://discordapp.com/assets/cb2006dbced0e246.woff2 was preloaded using link preload but not used within a few seconds from the window's load event. Please make sure it has an appropriate `as` value and it is preloaded intentionally.
[2025-11-03 22:48:54.409] [info]  [RTCControlSocket(stream)] Sending heartbeat with last received sequence number: 3
[2025-11-03 22:48:54.416] [info]  [RTCControlSocket(stream)] Heartbeat ACK received
[2025-11-03 22:49:01.409] [info]  [RTCControlSocket(default)] Sending heartbeat with last received sequence number: 1
[2025-11-03 22:49:01.411] [info]  [RTCControlSocket(default)] Heartbeat ACK received
[2025-11-03 22:49:08.411] [info]  [RTCControlSocket(stream)] Sending heartbeat with last received sequence number: 3
[2025-11-03 22:49:08.412] [info]  [RTCControlSocket(stream)] Heartbeat ACK received
[2025-11-03 22:49:15.409] [info]  [RTCControlSocket(default)] Sending heartbeat with last received sequence number: 1
[2025-11-03 22:49:15.411] [info]  [RTCControlSocket(default)] Heartbeat ACK received
[2025-11-03 22:49:22.409] [info]  [RTCControlSocket(stream)] Sending heartbeat with last received sequence number: 3
[2025-11-03 22:49:22.412] [info]  [RTCControlSocket(stream)] Heartbeat ACK received
[2025-11-03 22:49:28.410] [info]  [RTCControlSocket(default)] Sending heartbeat with last received sequence number: 1
[2025-11-03 22:49:28.416] [info]  [RTCControlSocket(default)] Heartbeat ACK received
[2025-11-03 22:49:36.409] [info]  [RTCControlSocket(stream)] Sending heartbeat with last received sequence number: 3
[2025-11-03 22:49:36.411] [info]  [RTCControlSocket(stream)] Heartbeat ACK received
[2025-11-03 22:49:42.410] [info]  [RTCControlSocket(default)] Sending heartbeat with last received sequence number: 1
[2025-11-03 22:49:42.412] [info]  [RTCControlSocket(default)] Heartbeat ACK received
[2025-11-03 22:49:44.720] [warn]  The resource https://discordapp.com/assets/189422196a4f8b53.woff2 was preloaded using link preload but not used within a few seconds from the window's load event. Please make sure it has an appropriate `as` value and it is preloaded intentionally.
[2025-11-03 22:49:44.721] [warn]  The resource https://discordapp.com/assets/7a6a566c2e88a35d.woff2 was preloaded using link preload but not used within a few seconds from the window's load event. Please make sure it has an appropriate `as` value and it is preloaded intentionally.
[2025-11-03 22:49:44.721] [warn]  The resource https://discordapp.com/assets/dd24010f3cf7def7.woff2 was preloaded using link preload but not used within a few seconds from the window's load event. Please make sure it has an appropriate `as` value and it is preloaded intentionally.
[2025-11-03 22:49:44.721] [warn]  The resource https://discordapp.com/assets/e52f0cba712e2fb4.woff2 was preloaded using link preload but not used within a few seconds from the window's load event. Please make sure it has an appropriate `as` value and it is preloaded intentionally.
[2025-11-03 22:49:44.721] [warn]  The resource https://discordapp.com/assets/ce3b8055f5114434.woff2 was preloaded using link preload but not used within a few seconds from the window's load event. Please make sure it has an appropriate `as` value and it is preloaded intentionally.
[2025-11-03 22:49:44.721] [warn]  The resource https://discordapp.com/assets/cb2006dbced0e246.woff2 was preloaded using link preload but not used within a few seconds from the window's load event. Please make sure it has an appropriate `as` value and it is preloaded intentionally.
[2025-11-03 22:49:49.411] [info]  [RTCControlSocket(stream)] Sending heartbeat with last received sequence number: 3
[2025-11-03 22:49:49.415] [info]  [RTCControlSocket(stream)] Heartbeat ACK received
[2025-11-03 22:49:52.412] [error] [AVError] AV error reported: stream-send-network-quality {"channelId":"1191834641016033351","mediaSessionId":"2a89445867f65e6eb30cab53183605f2","rtcConnectionId":"95c089a5-aca1-4b7c-a1f5-bf48de66a561","mediaContext":"stream","streamKey":"guild:1191834640554655834:1191834641016033351:792433527081271357","userId":"792433527081271357","videoDeviceName":"Integrated Camera: Integrated C","audioInputDeviceName":"Default: Family 17h/19h/1ah HD Audio Controller Analog Stereo","audioOutputDeviceName":"Default: Family 17h/19h/1ah HD Audio Controller Analog Stereo"}
[2025-11-03 22:49:56.409] [info]  [RTCControlSocket(default)] Sending heartbeat with last received sequence number: 1
[2025-11-03 22:49:56.419] [info]  [RTCControlSocket(default)] Heartbeat ACK received
[2025-11-03 22:49:57.591] [warn]  The resource https://discordapp.com/assets/189422196a4f8b53.woff2 was preloaded using link preload but not used within a few seconds from the window's load event. Please make sure it has an appropriate `as` value and it is preloaded intentionally.
[2025-11-03 22:49:57.591] [warn]  The resource https://discordapp.com/assets/7a6a566c2e88a35d.woff2 was preloaded using link preload but not used within a few seconds from the window's load event. Please make sure it has an appropriate `as` value and it is preloaded intentionally.
[2025-11-03 22:49:57.591] [warn]  The resource https://discordapp.com/assets/dd24010f3cf7def7.woff2 was preloaded using link preload but not used within a few seconds from the window's load event. Please make sure it has an appropriate `as` value and it is preloaded intentionally.
[2025-11-03 22:49:57.592] [warn]  The resource https://discordapp.com/assets/e52f0cba712e2fb4.woff2 was preloaded using link preload but not used within a few seconds from the window's load event. Please make sure it has an appropriate `as` value and it is preloaded intentionally.
[2025-11-03 22:49:57.592] [warn]  The resource https://discordapp.com/assets/ce3b8055f5114434.woff2 was preloaded using link preload but not used within a few seconds from the window's load event. Please make sure it has an appropriate `as` value and it is preloaded intentionally.
[2025-11-03 22:49:57.592] [warn]  The resource https://discordapp.com/assets/cb2006dbced0e246.woff2 was preloaded using link preload but not used within a few seconds from the window's load event. Please make sure it has an appropriate `as` value and it is preloaded intentionally.
[2025-11-03 22:50:03.410] [info]  [AVErrorManager] Error resolved: stream-send-network-quality {"channelId":"1191834641016033351","mediaSessionId":"2a89445867f65e6eb30cab53183605f2","rtcConnectionId":"95c089a5-aca1-4b7c-a1f5-bf48de66a561","mediaContext":"stream","streamKey":"guild:1191834640554655834:1191834641016033351:792433527081271357","userId":"792433527081271357","videoDeviceName":"Integrated Camera: Integrated C","audioInputDeviceName":"Default: Family 17h/19h/1ah HD Audio Controller Analog Stereo","audioOutputDeviceName":"Default: Family 17h/19h/1ah HD Audio Controller Analog Stereo"}
[2025-11-03 22:50:03.413] [info]  [RTCControlSocket(stream)] Sending heartbeat with last received sequence number: 3
[2025-11-03 22:50:03.420] [info]  [RTCControlSocket(stream)] Heartbeat ACK received
[2025-11-03 22:50:08.565] [warn]  The resource https://discordapp.com/assets/189422196a4f8b53.woff2 was preloaded using link preload but not used within a few seconds from the window's load event. Please make sure it has an appropriate `as` value and it is preloaded intentionally.
[2025-11-03 22:50:08.565] [warn]  The resource https://discordapp.com/assets/7a6a566c2e88a35d.woff2 was preloaded using link preload but not used within a few seconds from the window's load event. Please make sure it has an appropriate `as` value and it is preloaded intentionally.
[2025-11-03 22:50:08.565] [warn]  The resource https://discordapp.com/assets/dd24010f3cf7def7.woff2 was preloaded using link preload but not used within a few seconds from the window's load event. Please make sure it has an appropriate `as` value and it is preloaded intentionally.
[2025-11-03 22:50:08.566] [warn]  The resource https://discordapp.com/assets/e52f0cba712e2fb4.woff2 was preloaded using link preload but not used within a few seconds from the window's load event. Please make sure it has an appropriate `as` value and it is preloaded intentionally.
[2025-11-03 22:50:08.566] [warn]  The resource https://discordapp.com/assets/ce3b8055f5114434.woff2 was preloaded using link preload but not used within a few seconds from the window's load event. Please make sure it has an appropriate `as` value and it is preloaded intentionally.
[2025-11-03 22:50:08.566] [warn]  The resource https://discordapp.com/assets/cb2006dbced0e246.woff2 was preloaded using link preload but not used within a few seconds from the window's load event. Please make sure it has an appropriate `as` value and it is preloaded intentionally.
[2025-11-03 22:50:10.413] [info]  [RTCControlSocket(default)] Sending heartbeat with last received sequence number: 1
[2025-11-03 22:50:10.418] [info]  [RTCControlSocket(default)] Heartbeat ACK received
[2025-11-03 22:50:17.412] [info]  [RTCControlSocket(stream)] Sending heartbeat with last received sequence number: 3
[2025-11-03 22:50:17.421] [info]  [RTCControlSocket(stream)] Heartbeat ACK received
[2025-11-03 22:50:23.411] [info]  [RTCControlSocket(default)] Sending heartbeat with last received sequence number: 1
[2025-11-03 22:50:23.414] [info]  [RTCControlSocket(default)] Heartbeat ACK received
[2025-11-03 22:50:31.409] [info]  [RTCControlSocket(stream)] Sending heartbeat with last received sequence number: 3
[2025-11-03 22:50:31.410] [info]  [RTCControlSocket(stream)] Heartbeat ACK received
[2025-11-03 22:50:37.410] [info]  [RTCControlSocket(default)] Sending heartbeat with last received sequence number: 1
[2025-11-03 22:50:37.412] [info]  [RTCControlSocket(default)] Heartbeat ACK received
[2025-11-03 22:50:40.412] [error] [AVError] AV error reported: stream-send-network-quality {"channelId":"1191834641016033351","mediaSessionId":"2a89445867f65e6eb30cab53183605f2","rtcConnectionId":"95c089a5-aca1-4b7c-a1f5-bf48de66a561","mediaContext":"stream","streamKey":"guild:1191834640554655834:1191834641016033351:792433527081271357","userId":"792433527081271357","videoDeviceName":"Integrated Camera: Integrated C","audioInputDeviceName":"Default: Family 17h/19h/1ah HD Audio Controller Analog Stereo","audioOutputDeviceName":"Default: Family 17h/19h/1ah HD Audio Controller Analog Stereo"}
[2025-11-03 22:50:43.411] [info]  [AVErrorManager] Error resolved: stream-send-network-quality {"channelId":"1191834641016033351","mediaSessionId":"2a89445867f65e6eb30cab53183605f2","rtcConnectionId":"95c089a5-aca1-4b7c-a1f5-bf48de66a561","mediaContext":"stream","streamKey":"guild:1191834640554655834:1191834641016033351:792433527081271357","userId":"792433527081271357","videoDeviceName":"Integrated Camera: Integrated C","audioInputDeviceName":"Default: Family 17h/19h/1ah HD Audio Controller Analog Stereo","audioOutputDeviceName":"Default: Family 17h/19h/1ah HD Audio Controller Analog Stereo"}
[2025-11-03 22:50:44.412] [info]  [RTCControlSocket(stream)] Sending heartbeat with last received sequence number: 3
[2025-11-03 22:50:44.413] [info]  [RTCControlSocket(stream)] Heartbeat ACK received
[2025-11-03 22:50:45.574] [warn]  The resource https://discordapp.com/assets/189422196a4f8b53.woff2 was preloaded using link preload but not used within a few seconds from the window's load event. Please make sure it has an appropriate `as` value and it is preloaded intentionally.
[2025-11-03 22:50:45.574] [warn]  The resource https://discordapp.com/assets/7a6a566c2e88a35d.woff2 was preloaded using link preload but not used within a few seconds from the window's load event. Please make sure it has an appropriate `as` value and it is preloaded intentionally.
[2025-11-03 22:50:45.574] [warn]  The resource https://discordapp.com/assets/dd24010f3cf7def7.woff2 was preloaded using link preload but not used within a few seconds from the window's load event. Please make sure it has an appropriate `as` value and it is preloaded intentionally.
[2025-11-03 22:50:45.574] [warn]  The resource https://discordapp.com/assets/e52f0cba712e2fb4.woff2 was preloaded using link preload but not used within a few seconds from the window's load event. Please make sure it has an appropriate `as` value and it is preloaded intentionally.
[2025-11-03 22:50:45.575] [warn]  The resource https://discordapp.com/assets/ce3b8055f5114434.woff2 was preloaded using link preload but not used within a few seconds from the window's load event. Please make sure it has an appropriate `as` value and it is preloaded intentionally.
[2025-11-03 22:50:45.575] [warn]  The resource https://discordapp.com/assets/cb2006dbced0e246.woff2 was preloaded using link preload but not used within a few seconds from the window's load event. Please make sure it has an appropriate `as` value and it is preloaded intentionally.
[2025-11-03 22:50:51.416] [info]  [RTCControlSocket(default)] Sending heartbeat with last received sequence number: 1
[2025-11-03 22:50:51.423] [info]  [RTCControlSocket(default)] Heartbeat ACK received
[2025-11-03 22:50:58.412] [info]  [RTCControlSocket(stream)] Sending heartbeat with last received sequence number: 3
[2025-11-03 22:50:58.416] [info]  [RTCControlSocket(stream)] Heartbeat ACK received
[2025-11-03 22:51:05.409] [info]  [RTCControlSocket(default)] Sending heartbeat with last received sequence number: 1
[2025-11-03 22:51:05.411] [info]  [RTCControlSocket(default)] Heartbeat ACK received
[2025-11-03 22:51:12.412] [info]  [RTCControlSocket(stream)] Sending heartbeat with last received sequence number: 3
[2025-11-03 22:51:12.419] [info]  [RTCControlSocket(stream)] Heartbeat ACK received
[2025-11-03 22:51:18.410] [info]  [RTCControlSocket(default)] Sending heartbeat with last received sequence number: 1
[2025-11-03 22:51:18.411] [info]  [RTCControlSocket(default)] Heartbeat ACK received
[2025-11-03 22:51:25.410] [info]  Subscribing to frames for streamId 8
[2025-11-03 22:51:25.416] [info]  Unsubscribing from frames for streamId 8
[2025-11-03 22:51:26.409] [info]  [RTCControlSocket(stream)] Sending heartbeat with last received sequence number: 3
[2025-11-03 22:51:26.411] [info]  [RTCControlSocket(stream)] Heartbeat ACK received
[2025-11-03 22:51:32.410] [info]  [RTCControlSocket(default)] Sending heartbeat with last received sequence number: 1
[2025-11-03 22:51:32.412] [info]  [RTCControlSocket(default)] Heartbeat ACK received
[2025-11-03 22:51:39.412] [info]  [RTCControlSocket(stream)] Sending heartbeat with last received sequence number: 3
[2025-11-03 22:51:39.415] [info]  [RTCControlSocket(stream)] Heartbeat ACK received
[2025-11-03 22:51:46.409] [info]  [RTCControlSocket(default)] Sending heartbeat with last received sequence number: 1
[2025-11-03 22:51:46.412] [info]  [RTCControlSocket(default)] Heartbeat ACK received
[2025-11-03 22:51:53.431] [info]  [RTCControlSocket(stream)] Sending heartbeat with last received sequence number: 3
[2025-11-03 22:51:53.432] [info]  [RTCControlSocket(stream)] Heartbeat ACK received
[2025-11-03 22:52:00.410] [info]  [RTCControlSocket(default)] Sending heartbeat with last received sequence number: 1
[2025-11-03 22:52:00.417] [info]  [RTCControlSocket(default)] Heartbeat ACK received
[2025-11-03 22:52:07.409] [info]  [RTCControlSocket(stream)] Sending heartbeat with last received sequence number: 3
[2025-11-03 22:52:07.415] [info]  [RTCControlSocket(stream)] Heartbeat ACK received
[2025-11-03 22:52:13.410] [info]  [RTCControlSocket(default)] Sending heartbeat with last received sequence number: 1
[2025-11-03 22:52:13.411] [info]  [RTCControlSocket(default)] Heartbeat ACK received
[2025-11-03 22:52:21.409] [info]  [RTCControlSocket(stream)] Sending heartbeat with last received sequence number: 3
[2025-11-03 22:52:21.416] [info]  [RTCControlSocket(stream)] Heartbeat ACK received
[2025-11-03 22:52:27.410] [info]  [RTCControlSocket(default)] Sending heartbeat with last received sequence number: 1
[2025-11-03 22:52:27.421] [info]  [RTCControlSocket(default)] Heartbeat ACK received
[2025-11-03 22:52:34.410] [info]  [RTCControlSocket(stream)] Sending heartbeat with last received sequence number: 3
[2025-11-03 22:52:34.414] [info]  [RTCControlSocket(stream)] Heartbeat ACK received
[2025-11-03 22:52:41.409] [info]  [RTCControlSocket(default)] Sending heartbeat with last received sequence number: 1
[2025-11-03 22:52:41.411] [info]  [RTCControlSocket(default)] Heartbeat ACK received
[2025-11-03 22:52:48.420] [info]  [RTCControlSocket(stream)] Sending heartbeat with last received sequence number: 3
[2025-11-03 22:52:48.424] [info]  [RTCControlSocket(stream)] Heartbeat ACK received
[2025-11-03 22:52:49.580] [warn]  The resource https://discordapp.com/assets/189422196a4f8b53.woff2 was preloaded using link preload but not used within a few seconds from the window's load event. Please make sure it has an appropriate `as` value and it is preloaded intentionally.
[2025-11-03 22:52:49.580] [warn]  The resource https://discordapp.com/assets/7a6a566c2e88a35d.woff2 was preloaded using link preload but not used within a few seconds from the window's load event. Please make sure it has an appropriate `as` value and it is preloaded intentionally.
[2025-11-03 22:52:49.580] [warn]  The resource https://discordapp.com/assets/dd24010f3cf7def7.woff2 was preloaded using link preload but not used within a few seconds from the window's load event. Please make sure it has an appropriate `as` value and it is preloaded intentionally.
[2025-11-03 22:52:49.580] [warn]  The resource https://discordapp.com/assets/e52f0cba712e2fb4.woff2 was preloaded using link preload but not used within a few seconds from the window's load event. Please make sure it has an appropriate `as` value and it is preloaded intentionally.
[2025-11-03 22:52:49.580] [warn]  The resource https://discordapp.com/assets/ce3b8055f5114434.woff2 was preloaded using link preload but not used within a few seconds from the window's load event. Please make sure it has an appropriate `as` value and it is preloaded intentionally.
[2025-11-03 22:52:49.580] [warn]  The resource https://discordapp.com/assets/cb2006dbced0e246.woff2 was preloaded using link preload but not used within a few seconds from the window's load event. Please make sure it has an appropriate `as` value and it is preloaded intentionally.
[2025-11-03 22:52:55.409] [info]  [RTCControlSocket(default)] Sending heartbeat with last received sequence number: 1
[2025-11-03 22:52:55.412] [info]  [RTCControlSocket(default)] Heartbeat ACK received
[2025-11-03 22:52:55.562] [warn]  The resource https://discordapp.com/assets/189422196a4f8b53.woff2 was preloaded using link preload but not used within a few seconds from the window's load event. Please make sure it has an appropriate `as` value and it is preloaded intentionally.
[2025-11-03 22:52:55.563] [warn]  The resource https://discordapp.com/assets/7a6a566c2e88a35d.woff2 was preloaded using link preload but not used within a few seconds from the window's load event. Please make sure it has an appropriate `as` value and it is preloaded intentionally.
[2025-11-03 22:52:55.563] [warn]  The resource https://discordapp.com/assets/dd24010f3cf7def7.woff2 was preloaded using link preload but not used within a few seconds from the window's load event. Please make sure it has an appropriate `as` value and it is preloaded intentionally.
[2025-11-03 22:52:55.563] [warn]  The resource https://discordapp.com/assets/e52f0cba712e2fb4.woff2 was preloaded using link preload but not used within a few seconds from the window's load event. Please make sure it has an appropriate `as` value and it is preloaded intentionally.
[2025-11-03 22:52:55.563] [warn]  The resource https://discordapp.com/assets/ce3b8055f5114434.woff2 was preloaded using link preload but not used within a few seconds from the window's load event. Please make sure it has an appropriate `as` value and it is preloaded intentionally.
[2025-11-03 22:52:55.563] [warn]  The resource https://discordapp.com/assets/cb2006dbced0e246.woff2 was preloaded using link preload but not used within a few seconds from the window's load event. Please make sure it has an appropriate `as` value and it is preloaded intentionally.
[2025-11-03 22:53:02.409] [info]  [RTCControlSocket(stream)] Sending heartbeat with last received sequence number: 3
[2025-11-03 22:53:02.411] [info]  [RTCControlSocket(stream)] Heartbeat ACK received
[2025-11-03 22:53:08.411] [info]  [RTCControlSocket(default)] Sending heartbeat with last received sequence number: 1
[2025-11-03 22:53:08.413] [info]  [RTCControlSocket(default)] Heartbeat ACK received
[2025-11-03 22:53:16.409] [info]  [RTCControlSocket(stream)] Sending heartbeat with last received sequence number: 3
[2025-11-03 22:53:16.411] [info]  [RTCControlSocket(stream)] Heartbeat ACK received
[2025-11-03 22:53:22.410] [info]  [RTCControlSocket(default)] Sending heartbeat with last received sequence number: 1
[2025-11-03 22:53:22.413] [info]  [RTCControlSocket(default)] Heartbeat ACK received
[2025-11-03 22:53:29.418] [info]  [RTCControlSocket(stream)] Sending heartbeat with last received sequence number: 3
[2025-11-03 22:53:29.421] [info]  [RTCControlSocket(stream)] Heartbeat ACK received
[2025-11-03 22:53:36.410] [info]  [RTCControlSocket(default)] Sending heartbeat with last received sequence number: 1
[2025-11-03 22:53:36.411] [info]  [RTCControlSocket(default)] Heartbeat ACK received
[2025-11-03 22:53:43.409] [info]  [RTCControlSocket(stream)] Sending heartbeat with last received sequence number: 3
[2025-11-03 22:53:43.413] [info]  [RTCControlSocket(stream)] Heartbeat ACK received
[2025-11-03 22:53:50.409] [info]  [RTCControlSocket(default)] Sending heartbeat with last received sequence number: 1
[2025-11-03 22:53:50.411] [info]  [RTCControlSocket(default)] Heartbeat ACK received
[2025-11-03 22:53:57.411] [info]  [RTCControlSocket(stream)] Sending heartbeat with last received sequence number: 3
[2025-11-03 22:53:57.412] [info]  [RTCControlSocket(stream)] Heartbeat ACK received
[2025-11-03 22:54:03.413] [info]  [RTCControlSocket(default)] Sending heartbeat with last received sequence number: 1
[2025-11-03 22:54:03.414] [info]  [RTCControlSocket(default)] Heartbeat ACK received
[2025-11-03 22:54:10.656] [warn]  The resource https://discordapp.com/assets/189422196a4f8b53.woff2 was preloaded using link preload but not used within a few seconds from the window's load event. Please make sure it has an appropriate `as` value and it is preloaded intentionally.
[2025-11-03 22:54:10.656] [warn]  The resource https://discordapp.com/assets/7a6a566c2e88a35d.woff2 was preloaded using link preload but not used within a few seconds from the window's load event. Please make sure it has an appropriate `as` value and it is preloaded intentionally.
[2025-11-03 22:54:10.656] [warn]  The resource https://discordapp.com/assets/dd24010f3cf7def7.woff2 was preloaded using link preload but not used within a few seconds from the window's load event. Please make sure it has an appropriate `as` value and it is preloaded intentionally.
[2025-11-03 22:54:10.656] [warn]  The resource https://discordapp.com/assets/e52f0cba712e2fb4.woff2 was preloaded using link preload but not used within a few seconds from the window's load event. Please make sure it has an appropriate `as` value and it is preloaded intentionally.
[2025-11-03 22:54:10.656] [warn]  The resource https://discordapp.com/assets/ce3b8055f5114434.woff2 was preloaded using link preload but not used within a few seconds from the window's load event. Please make sure it has an appropriate `as` value and it is preloaded intentionally.
[2025-11-03 22:54:10.656] [warn]  The resource https://discordapp.com/assets/cb2006dbced0e246.woff2 was preloaded using link preload but not used within a few seconds from the window's load event. Please make sure it has an appropriate `as` value and it is preloaded intentionally.
[2025-11-03 22:54:11.409] [info]  [RTCControlSocket(stream)] Sending heartbeat with last received sequence number: 3
[2025-11-03 22:54:11.410] [info]  [RTCControlSocket(stream)] Heartbeat ACK received
[2025-11-03 22:54:17.410] [info]  [RTCControlSocket(default)] Sending heartbeat with last received sequence number: 1
[2025-11-03 22:54:17.413] [info]  [RTCControlSocket(default)] Heartbeat ACK received
[2025-11-03 22:54:24.413] [info]  [RTCControlSocket(stream)] Sending heartbeat with last received sequence number: 3
[2025-11-03 22:54:24.415] [info]  [RTCControlSocket(stream)] Heartbeat ACK received
[2025-11-03 22:54:31.409] [info]  [RTCControlSocket(default)] Sending heartbeat with last received sequence number: 1
[2025-11-03 22:54:31.411] [info]  [RTCControlSocket(default)] Heartbeat ACK received
[2025-11-03 22:54:38.411] [info]  [RTCControlSocket(stream)] Sending heartbeat with last received sequence number: 3
[2025-11-03 22:54:38.413] [info]  [RTCControlSocket(stream)] Heartbeat ACK received
[2025-11-03 22:54:45.409] [info]  [RTCControlSocket(default)] Sending heartbeat with last received sequence number: 1
[2025-11-03 22:54:45.411] [info]  [RTCControlSocket(default)] Heartbeat ACK received
[2025-11-03 22:54:52.409] [info]  [RTCControlSocket(stream)] Sending heartbeat with last received sequence number: 3
[2025-11-03 22:54:52.431] [info]  [RTCControlSocket(stream)] Heartbeat ACK received
[2025-11-03 22:54:58.416] [info]  [RTCControlSocket(default)] Sending heartbeat with last received sequence number: 1
[2025-11-03 22:54:58.417] [info]  [RTCControlSocket(default)] Heartbeat ACK received
[2025-11-03 22:55:06.409] [info]  [RTCControlSocket(stream)] Sending heartbeat with last received sequence number: 3
[2025-11-03 22:55:06.414] [info]  [RTCControlSocket(stream)] Heartbeat ACK received
[2025-11-03 22:55:08.566] [warn]  The resource https://discordapp.com/assets/189422196a4f8b53.woff2 was preloaded using link preload but not used within a few seconds from the window's load event. Please make sure it has an appropriate `as` value and it is preloaded intentionally.
[2025-11-03 22:55:08.566] [warn]  The resource https://discordapp.com/assets/7a6a566c2e88a35d.woff2 was preloaded using link preload but not used within a few seconds from the window's load event. Please make sure it has an appropriate `as` value and it is preloaded intentionally.
[2025-11-03 22:55:08.566] [warn]  The resource https://discordapp.com/assets/dd24010f3cf7def7.woff2 was preloaded using link preload but not used within a few seconds from the window's load event. Please make sure it has an appropriate `as` value and it is preloaded intentionally.
[2025-11-03 22:55:08.567] [warn]  The resource https://discordapp.com/assets/e52f0cba712e2fb4.woff2 was preloaded using link preload but not used within a few seconds from the window's load event. Please make sure it has an appropriate `as` value and it is preloaded intentionally.
[2025-11-03 22:55:08.567] [warn]  The resource https://discordapp.com/assets/ce3b8055f5114434.woff2 was preloaded using link preload but not used within a few seconds from the window's load event. Please make sure it has an appropriate `as` value and it is preloaded intentionally.
[2025-11-03 22:55:08.567] [warn]  The resource https://discordapp.com/assets/cb2006dbced0e246.woff2 was preloaded using link preload but not used within a few seconds from the window's load event. Please make sure it has an appropriate `as` value and it is preloaded intentionally.
[2025-11-03 22:55:12.415] [info]  [RTCControlSocket(default)] Sending heartbeat with last received sequence number: 1
[2025-11-03 22:55:12.417] [info]  [RTCControlSocket(default)] Heartbeat ACK received
[2025-11-03 22:55:19.411] [info]  [RTCControlSocket(stream)] Sending heartbeat with last received sequence number: 3
[2025-11-03 22:55:19.413] [info]  [RTCControlSocket(stream)] Heartbeat ACK received
[2025-11-03 22:55:26.409] [info]  [RTCControlSocket(default)] Sending heartbeat with last received sequence number: 1
[2025-11-03 22:55:26.411] [info]  [RTCControlSocket(default)] Heartbeat ACK received
[2025-11-03 22:55:33.410] [info]  [RTCControlSocket(stream)] Sending heartbeat with last received sequence number: 3
[2025-11-03 22:55:33.412] [info]  [RTCControlSocket(stream)] Heartbeat ACK received
[2025-11-03 22:55:40.409] [info]  [RTCControlSocket(default)] Sending heartbeat with last received sequence number: 1
[2025-11-03 22:55:40.410] [info]  [RTCControlSocket(default)] Heartbeat ACK received
[2025-11-03 22:55:47.409] [info]  [RTCControlSocket(stream)] Sending heartbeat with last received sequence number: 3
[2025-11-03 22:55:47.414] [info]  [RTCControlSocket(stream)] Heartbeat ACK received
[2025-11-03 22:55:53.410] [info]  [RTCControlSocket(default)] Sending heartbeat with last received sequence number: 1
[2025-11-03 22:55:53.411] [info]  [RTCControlSocket(default)] Heartbeat ACK received
[2025-11-03 22:56:01.409] [info]  [RTCControlSocket(stream)] Sending heartbeat with last received sequence number: 3
[2025-11-03 22:56:01.413] [info]  [RTCControlSocket(stream)] Heartbeat ACK received
[2025-11-03 22:56:07.410] [info]  [RTCControlSocket(default)] Sending heartbeat with last received sequence number: 1
[2025-11-03 22:56:07.415] [info]  [RTCControlSocket(default)] Heartbeat ACK received
[2025-11-03 22:56:14.412] [info]  [RTCControlSocket(stream)] Sending heartbeat with last received sequence number: 3
[2025-11-03 22:56:14.414] [info]  [RTCControlSocket(stream)] Heartbeat ACK received
[2025-11-03 22:56:21.409] [info]  [RTCControlSocket(default)] Sending heartbeat with last received sequence number: 1
[2025-11-03 22:56:21.411] [info]  [RTCControlSocket(default)] Heartbeat ACK received
[2025-11-03 22:56:23.584] [warn]  The resource https://discordapp.com/assets/189422196a4f8b53.woff2 was preloaded using link preload but not used within a few seconds from the window's load event. Please make sure it has an appropriate `as` value and it is preloaded intentionally.
[2025-11-03 22:56:23.584] [warn]  The resource https://discordapp.com/assets/7a6a566c2e88a35d.woff2 was preloaded using link preload but not used within a few seconds from the window's load event. Please make sure it has an appropriate `as` value and it is preloaded intentionally.
[2025-11-03 22:56:23.585] [warn]  The resource https://discordapp.com/assets/dd24010f3cf7def7.woff2 was preloaded using link preload but not used within a few seconds from the window's load event. Please make sure it has an appropriate `as` value and it is preloaded intentionally.
[2025-11-03 22:56:23.585] [warn]  The resource https://discordapp.com/assets/e52f0cba712e2fb4.woff2 was preloaded using link preload but not used within a few seconds from the window's load event. Please make sure it has an appropriate `as` value and it is preloaded intentionally.
[2025-11-03 22:56:23.585] [warn]  The resource https://discordapp.com/assets/ce3b8055f5114434.woff2 was preloaded using link preload but not used within a few seconds from the window's load event. Please make sure it has an appropriate `as` value and it is preloaded intentionally.
[2025-11-03 22:56:23.585] [warn]  The resource https://discordapp.com/assets/cb2006dbced0e246.woff2 was preloaded using link preload but not used within a few seconds from the window's load event. Please make sure it has an appropriate `as` value and it is preloaded intentionally.
[2025-11-03 22:56:28.411] [info]  [RTCControlSocket(stream)] Sending heartbeat with last received sequence number: 3
[2025-11-03 22:56:28.413] [info]  [RTCControlSocket(stream)] Heartbeat ACK received
[2025-11-03 22:56:35.409] [info]  [RTCControlSocket(default)] Sending heartbeat with last received sequence number: 1
[2025-11-03 22:56:35.411] [info]  [RTCControlSocket(default)] Heartbeat ACK received
[2025-11-03 22:56:42.411] [info]  [RTCControlSocket(stream)] Sending heartbeat with last received sequence number: 3
[2025-11-03 22:56:42.416] [info]  [RTCControlSocket(stream)] Heartbeat ACK received
[2025-11-03 22:56:48.412] [info]  [RTCControlSocket(default)] Sending heartbeat with last received sequence number: 1
[2025-11-03 22:56:48.418] [info]  [RTCControlSocket(default)] Heartbeat ACK received
[2025-11-03 22:56:56.409] [info]  [RTCControlSocket(stream)] Sending heartbeat with last received sequence number: 3
[2025-11-03 22:56:56.411] [info]  [RTCControlSocket(stream)] Heartbeat ACK received
[2025-11-03 22:57:02.411] [info]  [RTCControlSocket(default)] Sending heartbeat with last received sequence number: 1
[2025-11-03 22:57:02.414] [info]  [RTCControlSocket(default)] Heartbeat ACK received
[2025-11-03 22:57:09.410] [info]  [RTCControlSocket(stream)] Sending heartbeat with last received sequence number: 3
[2025-11-03 22:57:09.416] [info]  [RTCControlSocket(stream)] Heartbeat ACK received
[2025-11-03 22:57:16.409] [info]  [RTCControlSocket(default)] Sending heartbeat with last received sequence number: 1
[2025-11-03 22:57:16.411] [info]  [RTCControlSocket(default)] Heartbeat ACK received
[2025-11-03 22:57:23.411] [info]  [RTCControlSocket(stream)] Sending heartbeat with last received sequence number: 3
[2025-11-03 22:57:23.413] [info]  [RTCControlSocket(stream)] Heartbeat ACK received
[2025-11-03 22:57:30.409] [info]  [RTCControlSocket(default)] Sending heartbeat with last received sequence number: 1
[2025-11-03 22:57:30.411] [info]  [RTCControlSocket(default)] Heartbeat ACK received
[2025-11-03 22:57:37.409] [info]  [RTCControlSocket(stream)] Sending heartbeat with last received sequence number: 3
[2025-11-03 22:57:37.411] [info]  [RTCControlSocket(stream)] Heartbeat ACK received
[2025-11-03 22:57:43.411] [info]  [RTCControlSocket(default)] Sending heartbeat with last received sequence number: 1
[2025-11-03 22:57:43.416] [info]  [RTCControlSocket(default)] Heartbeat ACK received
[2025-11-03 22:57:51.409] [info]  [RTCControlSocket(stream)] Sending heartbeat with last received sequence number: 3
[2025-11-03 22:57:51.412] [info]  [RTCControlSocket(stream)] Heartbeat ACK received
[2025-11-03 22:57:56.665] [warn]  The resource https://discordapp.com/assets/189422196a4f8b53.woff2 was preloaded using link preload but not used within a few seconds from the window's load event. Please make sure it has an appropriate `as` value and it is preloaded intentionally.
[2025-11-03 22:57:56.666] [warn]  The resource https://discordapp.com/assets/7a6a566c2e88a35d.woff2 was preloaded using link preload but not used within a few seconds from the window's load event. Please make sure it has an appropriate `as` value and it is preloaded intentionally.
[2025-11-03 22:57:56.666] [warn]  The resource https://discordapp.com/assets/dd24010f3cf7def7.woff2 was preloaded using link preload but not used within a few seconds from the window's load event. Please make sure it has an appropriate `as` value and it is preloaded intentionally.
[2025-11-03 22:57:56.666] [warn]  The resource https://discordapp.com/assets/e52f0cba712e2fb4.woff2 was preloaded using link preload but not used within a few seconds from the window's load event. Please make sure it has an appropriate `as` value and it is preloaded intentionally.
[2025-11-03 22:57:56.666] [warn]  The resource https://discordapp.com/assets/ce3b8055f5114434.woff2 was preloaded using link preload but not used within a few seconds from the window's load event. Please make sure it has an appropriate `as` value and it is preloaded intentionally.
[2025-11-03 22:57:56.666] [warn]  The resource https://discordapp.com/assets/cb2006dbced0e246.woff2 was preloaded using link preload but not used within a few seconds from the window's load event. Please make sure it has an appropriate `as` value and it is preloaded intentionally.
[2025-11-03 22:57:57.411] [info]  [RTCControlSocket(default)] Sending heartbeat with last received sequence number: 1
[2025-11-03 22:57:57.412] [info]  [RTCControlSocket(default)] Heartbeat ACK received
[2025-11-03 22:58:00.410] [info]  Subscribing to frames for streamId 8
[2025-11-03 22:58:00.416] [info]  Unsubscribing from frames for streamId 8
[2025-11-03 22:58:03.583] [warn]  The resource https://discordapp.com/assets/189422196a4f8b53.woff2 was preloaded using link preload but not used within a few seconds from the window's load event. Please make sure it has an appropriate `as` value and it is preloaded intentionally.
[2025-11-03 22:58:03.583] [warn]  The resource https://discordapp.com/assets/7a6a566c2e88a35d.woff2 was preloaded using link preload but not used within a few seconds from the window's load event. Please make sure it has an appropriate `as` value and it is preloaded intentionally.
[2025-11-03 22:58:03.583] [warn]  The resource https://discordapp.com/assets/dd24010f3cf7def7.woff2 was preloaded using link preload but not used within a few seconds from the window's load event. Please make sure it has an appropriate `as` value and it is preloaded intentionally.
[2025-11-03 22:58:03.583] [warn]  The resource https://discordapp.com/assets/e52f0cba712e2fb4.woff2 was preloaded using link preload but not used within a few seconds from the window's load event. Please make sure it has an appropriate `as` value and it is preloaded intentionally.
[2025-11-03 22:58:03.583] [warn]  The resource https://discordapp.com/assets/ce3b8055f5114434.woff2 was preloaded using link preload but not used within a few seconds from the window's load event. Please make sure it has an appropriate `as` value and it is preloaded intentionally.
[2025-11-03 22:58:03.583] [warn]  The resource https://discordapp.com/assets/cb2006dbced0e246.woff2 was preloaded using link preload but not used within a few seconds from the window's load event. Please make sure it has an appropriate `as` value and it is preloaded intentionally.
[2025-11-03 22:58:04.415] [info]  [RTCControlSocket(stream)] Sending heartbeat with last received sequence number: 3
[2025-11-03 22:58:04.417] [info]  [RTCControlSocket(stream)] Heartbeat ACK received
[2025-11-03 22:58:11.411] [info]  [RTCControlSocket(default)] Sending heartbeat with last received sequence number: 1
[2025-11-03 22:58:11.413] [info]  [RTCControlSocket(default)] Heartbeat ACK received
[2025-11-03 22:58:18.418] [info]  [RTCControlSocket(stream)] Sending heartbeat with last received sequence number: 3
[2025-11-03 22:58:18.419] [info]  [RTCControlSocket(stream)] Heartbeat ACK received
[2025-11-03 22:58:25.409] [info]  [RTCControlSocket(default)] Sending heartbeat with last received sequence number: 1
[2025-11-03 22:58:26.241] [info]  [RTCControlSocket(default)] Heartbeat ACK received
[2025-11-03 22:58:32.409] [info]  [RTCControlSocket(stream)] Sending heartbeat with last received sequence number: 3
[2025-11-03 22:58:32.411] [info]  [RTCControlSocket(stream)] Heartbeat ACK received
[2025-11-03 22:58:34.574] [warn]  The resource https://discordapp.com/assets/189422196a4f8b53.woff2 was preloaded using link preload but not used within a few seconds from the window's load event. Please make sure it has an appropriate `as` value and it is preloaded intentionally.
[2025-11-03 22:58:34.575] [warn]  The resource https://discordapp.com/assets/7a6a566c2e88a35d.woff2 was preloaded using link preload but not used within a few seconds from the window's load event. Please make sure it has an appropriate `as` value and it is preloaded intentionally.
[2025-11-03 22:58:34.575] [warn]  The resource https://discordapp.com/assets/dd24010f3cf7def7.woff2 was preloaded using link preload but not used within a few seconds from the window's load event. Please make sure it has an appropriate `as` value and it is preloaded intentionally.
[2025-11-03 22:58:34.575] [warn]  The resource https://discordapp.com/assets/e52f0cba712e2fb4.woff2 was preloaded using link preload but not used within a few seconds from the window's load event. Please make sure it has an appropriate `as` value and it is preloaded intentionally.
[2025-11-03 22:58:34.575] [warn]  The resource https://discordapp.com/assets/ce3b8055f5114434.woff2 was preloaded using link preload but not used within a few seconds from the window's load event. Please make sure it has an appropriate `as` value and it is preloaded intentionally.
[2025-11-03 22:58:34.575] [warn]  The resource https://discordapp.com/assets/cb2006dbced0e246.woff2 was preloaded using link preload but not used within a few seconds from the window's load event. Please make sure it has an appropriate `as` value and it is preloaded intentionally.
[2025-11-03 22:58:38.412] [info]  [RTCControlSocket(default)] Sending heartbeat with last received sequence number: 1
[2025-11-03 22:58:38.414] [info]  [RTCControlSocket(default)] Heartbeat ACK received
[2025-11-03 22:58:46.409] [info]  [RTCControlSocket(stream)] Sending heartbeat with last received sequence number: 3
[2025-11-03 22:58:46.421] [info]  [RTCControlSocket(stream)] Heartbeat ACK received
[2025-11-03 22:58:52.414] [info]  [RTCControlSocket(default)] Sending heartbeat with last received sequence number: 1
[2025-11-03 22:58:52.417] [info]  [RTCControlSocket(default)] Heartbeat ACK received
[2025-11-03 22:58:59.416] [info]  [RTCControlSocket(stream)] Sending heartbeat with last received sequence number: 3
[2025-11-03 22:58:59.425] [info]  [RTCControlSocket(stream)] Heartbeat ACK received
[2025-11-03 22:59:06.409] [info]  [RTCControlSocket(default)] Sending heartbeat with last received sequence number: 1
[2025-11-03 22:59:06.411] [info]  [RTCControlSocket(default)] Heartbeat ACK received
[2025-11-03 22:59:13.412] [info]  [RTCControlSocket(stream)] Sending heartbeat with last received sequence number: 3
[2025-11-03 22:59:13.414] [info]  [RTCControlSocket(stream)] Heartbeat ACK received
[2025-11-03 22:59:20.419] [info]  [RTCControlSocket(default)] Sending heartbeat with last received sequence number: 1
[2025-11-03 22:59:20.426] [info]  [RTCControlSocket(default)] Heartbeat ACK received
[2025-11-03 22:59:29.868] [info]  [RTCControlSocket(stream)] Sending heartbeat with last received sequence number: 3
[2025-11-03 22:59:29.909] [info]  [RTCControlSocket(stream)] Heartbeat ACK received
[2025-11-03 22:59:33.412] [info]  [RTCControlSocket(default)] Sending heartbeat with last received sequence number: 1
[2025-11-03 22:59:33.413] [info]  [RTCControlSocket(default)] Heartbeat ACK received
[2025-11-03 22:59:41.411] [info]  [RTCControlSocket(stream)] Sending heartbeat with last received sequence number: 3
[2025-11-03 22:59:41.414] [info]  [RTCControlSocket(stream)] Heartbeat ACK received
[2025-11-03 22:59:47.412] [info]  [RTCControlSocket(default)] Sending heartbeat with last received sequence number: 1
[2025-11-03 22:59:47.414] [info]  [RTCControlSocket(default)] Heartbeat ACK received
[2025-11-03 22:59:54.410] [info]  [RTCControlSocket(stream)] Sending heartbeat with last received sequence number: 3
[2025-11-03 22:59:54.411] [info]  [RTCControlSocket(stream)] Heartbeat ACK received
[2025-11-03 23:00:01.409] [info]  [RTCControlSocket(default)] Sending heartbeat with last received sequence number: 1
[2025-11-03 23:00:01.411] [info]  [RTCControlSocket(default)] Heartbeat ACK received
[2025-11-03 23:00:08.411] [info]  [RTCControlSocket(stream)] Sending heartbeat with last received sequence number: 3
[2025-11-03 23:00:08.413] [info]  [RTCControlSocket(stream)] Heartbeat ACK received
[2025-11-03 23:00:08.572] [warn]  The resource https://discordapp.com/assets/189422196a4f8b53.woff2 was preloaded using link preload but not used within a few seconds from the window's load event. Please make sure it has an appropriate `as` value and it is preloaded intentionally.
[2025-11-03 23:00:08.573] [warn]  The resource https://discordapp.com/assets/7a6a566c2e88a35d.woff2 was preloaded using link preload but not used within a few seconds from the window's load event. Please make sure it has an appropriate `as` value and it is preloaded intentionally.
[2025-11-03 23:00:08.573] [warn]  The resource https://discordapp.com/assets/dd24010f3cf7def7.woff2 was preloaded using link preload but not used within a few seconds from the window's load event. Please make sure it has an appropriate `as` value and it is preloaded intentionally.
[2025-11-03 23:00:08.573] [warn]  The resource https://discordapp.com/assets/e52f0cba712e2fb4.woff2 was preloaded using link preload but not used within a few seconds from the window's load event. Please make sure it has an appropriate `as` value and it is preloaded intentionally.
[2025-11-03 23:00:08.573] [warn]  The resource https://discordapp.com/assets/ce3b8055f5114434.woff2 was preloaded using link preload but not used within a few seconds from the window's load event. Please make sure it has an appropriate `as` value and it is preloaded intentionally.
[2025-11-03 23:00:08.573] [warn]  The resource https://discordapp.com/assets/cb2006dbced0e246.woff2 was preloaded using link preload but not used within a few seconds from the window's load event. Please make sure it has an appropriate `as` value and it is preloaded intentionally.
[2025-11-03 23:00:15.409] [info]  [RTCControlSocket(default)] Sending heartbeat with last received sequence number: 1
[2025-11-03 23:00:15.411] [info]  [RTCControlSocket(default)] Heartbeat ACK received
[2025-11-03 23:00:21.622] [warn]  The resource https://discordapp.com/assets/189422196a4f8b53.woff2 was preloaded using link preload but not used within a few seconds from the window's load event. Please make sure it has an appropriate `as` value and it is preloaded intentionally.
[2025-11-03 23:00:21.623] [warn]  The resource https://discordapp.com/assets/7a6a566c2e88a35d.woff2 was preloaded using link preload but not used within a few seconds from the window's load event. Please make sure it has an appropriate `as` value and it is preloaded intentionally.
[2025-11-03 23:00:21.623] [warn]  The resource https://discordapp.com/assets/dd24010f3cf7def7.woff2 was preloaded using link preload but not used within a few seconds from the window's load event. Please make sure it has an appropriate `as` value and it is preloaded intentionally.
[2025-11-03 23:00:21.623] [warn]  The resource https://discordapp.com/assets/e52f0cba712e2fb4.woff2 was preloaded using link preload but not used within a few seconds from the window's load event. Please make sure it has an appropriate `as` value and it is preloaded intentionally.
[2025-11-03 23:00:21.623] [warn]  The resource https://discordapp.com/assets/ce3b8055f5114434.woff2 was preloaded using link preload but not used within a few seconds from the window's load event. Please make sure it has an appropriate `as` value and it is preloaded intentionally.
[2025-11-03 23:00:21.623] [warn]  The resource https://discordapp.com/assets/cb2006dbced0e246.woff2 was preloaded using link preload but not used within a few seconds from the window's load event. Please make sure it has an appropriate `as` value and it is preloaded intentionally.
[2025-11-03 23:00:22.409] [info]  [RTCControlSocket(stream)] Sending heartbeat with last received sequence number: 3
[2025-11-03 23:00:22.414] [info]  [RTCControlSocket(stream)] Heartbeat ACK received
[2025-11-03 23:00:28.412] [info]  [RTCControlSocket(default)] Sending heartbeat with last received sequence number: 1
[2025-11-03 23:00:28.413] [info]  [RTCControlSocket(default)] Heartbeat ACK received
[2025-11-03 23:00:36.411] [info]  [RTCControlSocket(stream)] Sending heartbeat with last received sequence number: 3
[2025-11-03 23:00:36.413] [info]  [RTCControlSocket(stream)] Heartbeat ACK received
[2025-11-03 23:00:42.410] [info]  [RTCControlSocket(default)] Sending heartbeat with last received sequence number: 1
[2025-11-03 23:00:42.412] [info]  [RTCControlSocket(default)] Heartbeat ACK received
[2025-11-03 23:00:49.415] [info]  [RTCControlSocket(stream)] Sending heartbeat with last received sequence number: 3
[2025-11-03 23:00:49.416] [info]  [RTCControlSocket(stream)] Heartbeat ACK received
[2025-11-03 23:00:56.409] [info]  [RTCControlSocket(default)] Sending heartbeat with last received sequence number: 1
[2025-11-03 23:00:56.411] [info]  [RTCControlSocket(default)] Heartbeat ACK received
[2025-11-03 23:01:03.410] [info]  [RTCControlSocket(stream)] Sending heartbeat with last received sequence number: 3
[2025-11-03 23:01:03.411] [info]  [RTCControlSocket(stream)] Heartbeat ACK received
[2025-11-03 23:01:10.409] [info]  [RTCControlSocket(default)] Sending heartbeat with last received sequence number: 1
[2025-11-03 23:01:10.417] [info]  [RTCControlSocket(default)] Heartbeat ACK received
[2025-11-03 23:01:17.409] [info]  [RTCControlSocket(stream)] Sending heartbeat with last received sequence number: 3
[2025-11-03 23:01:17.415] [info]  [RTCControlSocket(stream)] Heartbeat ACK received
[2025-11-03 23:01:23.412] [info]  [RTCControlSocket(default)] Sending heartbeat with last received sequence number: 1
[2025-11-03 23:01:23.414] [info]  [RTCControlSocket(default)] Heartbeat ACK received
[2025-11-03 23:01:29.651] [warn]  The resource https://discordapp.com/assets/189422196a4f8b53.woff2 was preloaded using link preload but not used within a few seconds from the window's load event. Please make sure it has an appropriate `as` value and it is preloaded intentionally.
[2025-11-03 23:01:29.651] [warn]  The resource https://discordapp.com/assets/7a6a566c2e88a35d.woff2 was preloaded using link preload but not used within a few seconds from the window's load event. Please make sure it has an appropriate `as` value and it is preloaded intentionally.
[2025-11-03 23:01:29.653] [warn]  The resource https://discordapp.com/assets/dd24010f3cf7def7.woff2 was preloaded using link preload but not used within a few seconds from the window's load event. Please make sure it has an appropriate `as` value and it is preloaded intentionally.
[2025-11-03 23:01:29.653] [warn]  The resource https://discordapp.com/assets/e52f0cba712e2fb4.woff2 was preloaded using link preload but not used within a few seconds from the window's load event. Please make sure it has an appropriate `as` value and it is preloaded intentionally.
[2025-11-03 23:01:29.653] [warn]  The resource https://discordapp.com/assets/ce3b8055f5114434.woff2 was preloaded using link preload but not used within a few seconds from the window's load event. Please make sure it has an appropriate `as` value and it is preloaded intentionally.
[2025-11-03 23:01:29.653] [warn]  The resource https://discordapp.com/assets/cb2006dbced0e246.woff2 was preloaded using link preload but not used within a few seconds from the window's load event. Please make sure it has an appropriate `as` value and it is preloaded intentionally.
[2025-11-03 23:01:31.414] [info]  [RTCControlSocket(stream)] Sending heartbeat with last received sequence number: 3
[2025-11-03 23:01:31.419] [info]  [RTCControlSocket(stream)] Heartbeat ACK received
[2025-11-03 23:01:37.410] [info]  [RTCControlSocket(default)] Sending heartbeat with last received sequence number: 1
[2025-11-03 23:01:37.412] [info]  [RTCControlSocket(default)] Heartbeat ACK received
[2025-11-03 23:01:44.410] [info]  [RTCControlSocket(stream)] Sending heartbeat with last received sequence number: 3
[2025-11-03 23:01:44.412] [info]  [RTCControlSocket(stream)] Heartbeat ACK received
[2025-11-03 23:01:51.409] [info]  [RTCControlSocket(default)] Sending heartbeat with last received sequence number: 1
[2025-11-03 23:01:51.411] [info]  [RTCControlSocket(default)] Heartbeat ACK received
[2025-11-03 23:01:58.410] [info]  [RTCControlSocket(stream)] Sending heartbeat with last received sequence number: 3
[2025-11-03 23:01:58.413] [info]  [RTCControlSocket(stream)] Heartbeat ACK received
[2025-11-03 23:02:05.409] [info]  [RTCControlSocket(default)] Sending heartbeat with last received sequence number: 1
[2025-11-03 23:02:05.411] [info]  [RTCControlSocket(default)] Heartbeat ACK received
[2025-11-03 23:02:12.409] [info]  [RTCControlSocket(stream)] Sending heartbeat with last received sequence number: 3
[2025-11-03 23:02:12.411] [info]  [RTCControlSocket(stream)] Heartbeat ACK received
[2025-11-03 23:02:18.410] [info]  [RTCControlSocket(default)] Sending heartbeat with last received sequence number: 1
[2025-11-03 23:02:18.412] [info]  [RTCControlSocket(default)] Heartbeat ACK received
[2025-11-03 23:02:26.409] [info]  [RTCControlSocket(stream)] Sending heartbeat with last received sequence number: 3
[2025-11-03 23:02:26.418] [info]  [RTCControlSocket(stream)] Heartbeat ACK received
[2025-11-03 23:02:32.410] [info]  [RTCControlSocket(default)] Sending heartbeat with last received sequence number: 1
[2025-11-03 23:02:32.411] [info]  [RTCControlSocket(default)] Heartbeat ACK received
[2025-11-03 23:02:39.418] [info]  [RTCControlSocket(stream)] Sending heartbeat with last received sequence number: 3
[2025-11-03 23:02:39.420] [info]  [RTCControlSocket(stream)] Heartbeat ACK received
[2025-11-03 23:02:46.409] [info]  [RTCControlSocket(default)] Sending heartbeat with last received sequence number: 1
[2025-11-03 23:02:46.413] [info]  [RTCControlSocket(default)] Heartbeat ACK received
[2025-11-03 23:02:53.409] [info]  [RTCControlSocket(stream)] Sending heartbeat with last received sequence number: 3
[2025-11-03 23:02:53.411] [info]  [RTCControlSocket(stream)] Heartbeat ACK received
[2025-11-03 23:02:53.665] [warn]  The resource https://discordapp.com/assets/189422196a4f8b53.woff2 was preloaded using link preload but not used within a few seconds from the window's load event. Please make sure it has an appropriate `as` value and it is preloaded intentionally.
[2025-11-03 23:02:53.666] [warn]  The resource https://discordapp.com/assets/7a6a566c2e88a35d.woff2 was preloaded using link preload but not used within a few seconds from the window's load event. Please make sure it has an appropriate `as` value and it is preloaded intentionally.
[2025-11-03 23:02:53.666] [warn]  The resource https://discordapp.com/assets/dd24010f3cf7def7.woff2 was preloaded using link preload but not used within a few seconds from the window's load event. Please make sure it has an appropriate `as` value and it is preloaded intentionally.
[2025-11-03 23:02:53.666] [warn]  The resource https://discordapp.com/assets/e52f0cba712e2fb4.woff2 was preloaded using link preload but not used within a few seconds from the window's load event. Please make sure it has an appropriate `as` value and it is preloaded intentionally.
[2025-11-03 23:02:53.666] [warn]  The resource https://discordapp.com/assets/ce3b8055f5114434.woff2 was preloaded using link preload but not used within a few seconds from the window's load event. Please make sure it has an appropriate `as` value and it is preloaded intentionally.
[2025-11-03 23:02:53.667] [warn]  The resource https://discordapp.com/assets/cb2006dbced0e246.woff2 was preloaded using link preload but not used within a few seconds from the window's load event. Please make sure it has an appropriate `as` value and it is preloaded intentionally.
[2025-11-03 23:03:00.419] [info]  [RTCControlSocket(default)] Sending heartbeat with last received sequence number: 1
[2025-11-03 23:03:00.430] [info]  [RTCControlSocket(default)] Heartbeat ACK received
[2025-11-03 23:03:07.409] [info]  [RTCControlSocket(stream)] Sending heartbeat with last received sequence number: 3
[2025-11-03 23:03:07.412] [info]  [RTCControlSocket(stream)] Heartbeat ACK received
[2025-11-03 23:03:13.410] [info]  [RTCControlSocket(default)] Sending heartbeat with last received sequence number: 1
[2025-11-03 23:03:13.412] [info]  [RTCControlSocket(default)] Heartbeat ACK received
[2025-11-03 23:03:21.409] [info]  [RTCControlSocket(stream)] Sending heartbeat with last received sequence number: 3
[2025-11-03 23:03:21.422] [info]  [RTCControlSocket(stream)] Heartbeat ACK received
[2025-11-03 23:03:27.411] [info]  [RTCControlSocket(default)] Sending heartbeat with last received sequence number: 1
[2025-11-03 23:03:27.414] [info]  [RTCControlSocket(default)] Heartbeat ACK received
[2025-11-03 23:03:34.410] [info]  [RTCControlSocket(stream)] Sending heartbeat with last received sequence number: 3
[2025-11-03 23:03:34.415] [info]  [RTCControlSocket(stream)] Heartbeat ACK received
[2025-11-03 23:03:41.409] [info]  [RTCControlSocket(default)] Sending heartbeat with last received sequence number: 1
[2025-11-03 23:03:41.411] [info]  [RTCControlSocket(default)] Heartbeat ACK received
[2025-11-03 23:03:48.411] [info]  [RTCControlSocket(stream)] Sending heartbeat with last received sequence number: 3
[2025-11-03 23:03:48.418] [info]  [RTCControlSocket(stream)] Heartbeat ACK received
[2025-11-03 23:03:55.467] [info]  [RTCControlSocket(default)] Sending heartbeat with last received sequence number: 1
[2025-11-03 23:03:55.476] [info]  [RTCControlSocket(default)] Heartbeat ACK received
[2025-11-03 23:04:02.561] [info]  [RTCControlSocket(stream)] Sending heartbeat with last received sequence number: 3
[2025-11-03 23:04:02.602] [info]  [RTCControlSocket(stream)] Heartbeat ACK received
[2025-11-04 12:10:47.448] [info]  DiscordSplash.signalReady
[2025-11-04 12:10:47.761] [info]  DiscordSplash.onStateUpdate: {"status":"checking-for-updates"}
[2025-11-04 12:10:47.761] [info]  Splash.onStateUpdate: {"status":"checking-for-updates"}
[2025-11-04 12:10:48.447] [info]  Splash.updateCountdownSeconds: undefined
[2025-12-11 23:45:00.609] [info]  DiscordSplash.signalReady
[2025-12-11 23:45:00.628] [info]  DiscordSplash.onStateUpdate: {"status":"installing-updates","current":1,"total":6}
[2025-12-11 23:45:00.628] [info]  Splash.onStateUpdate: {"status":"installing-updates","current":1,"total":6}
[2025-12-11 23:45:00.628] [info]  DiscordSplash.onStateUpdate: {"status":"installing-updates","current":2,"total":6}
[2025-12-11 23:45:00.629] [info]  Splash.onStateUpdate: {"status":"installing-updates","current":2,"total":6}
[2025-12-11 23:45:00.629] [info]  DiscordSplash.onStateUpdate: {"status":"installing-updates","current":3,"total":6}
[2025-12-11 23:45:00.629] [info]  Splash.onStateUpdate: {"status":"installing-updates","current":3,"total":6}
[2025-12-11 23:45:00.629] [info]  DiscordSplash.onStateUpdate: {"status":"installing-updates","current":4,"total":6}
[2025-12-11 23:45:00.629] [info]  Splash.onStateUpdate: {"status":"installing-updates","current":4,"total":6}
[2025-12-11 23:45:00.629] [info]  DiscordSplash.onStateUpdate: {"status":"installing-updates","current":5,"total":6}
[2025-12-11 23:45:00.630] [info]  Splash.onStateUpdate: {"status":"installing-updates","current":5,"total":6}
[2025-12-11 23:45:00.630] [info]  DiscordSplash.onStateUpdate: {"status":"installing-updates","current":6,"total":6}
[2025-12-11 23:45:00.630] [info]  Splash.onStateUpdate: {"status":"installing-updates","current":6,"total":6}
[2025-12-11 23:45:00.630] [info]  DiscordSplash.onStateUpdate: {"status":"checking-for-updates","current":6,"total":6}
[2025-12-11 23:45:00.630] [info]  Splash.onStateUpdate: {"status":"checking-for-updates","current":6,"total":6}
[2025-12-11 23:45:00.665] [info]  DiscordSplash.onStateUpdate: {"status":"update-failure","current":6,"total":6,"seconds":10}
[2025-12-11 23:45:00.665] [info]  Splash.onStateUpdate: {"status":"update-failure","current":6,"total":6,"seconds":10}
[2025-12-11 23:45:01.609] [info]  Splash.updateCountdownSeconds: 10
[2025-12-11 23:45:02.610] [info]  Splash.updateCountdownSeconds: 9
[2025-12-11 23:45:03.609] [info]  Splash.updateCountdownSeconds: 8
[2025-12-11 23:45:04.609] [info]  Splash.updateCountdownSeconds: 7
[2025-12-11 23:45:05.609] [info]  Splash.updateCountdownSeconds: 6
[2025-12-11 23:45:06.610] [info]  Splash.updateCountdownSeconds: 5
[2025-12-11 23:45:07.610] [info]  Splash.updateCountdownSeconds: 4
[2025-12-11 23:45:08.609] [info]  Splash.updateCountdownSeconds: 3
[2025-12-11 23:45:09.610] [info]  Splash.updateCountdownSeconds: 2
[2025-12-11 23:45:10.610] [info]  Splash.updateCountdownSeconds: 1
[2025-12-11 23:45:10.666] [info]  DiscordSplash.onStateUpdate: {"status":"checking-for-updates","current":6,"total":6,"seconds":10}
[2025-12-11 23:45:10.666] [info]  Splash.onStateUpdate: {"status":"checking-for-updates","current":6,"total":6,"seconds":10}
[2025-12-11 23:45:10.670] [info]  DiscordSplash.onStateUpdate: {"status":"update-failure","current":6,"total":6,"seconds":20}
[2025-12-11 23:45:10.670] [info]  Splash.onStateUpdate: {"status":"update-failure","current":6,"total":6,"seconds":20}
[2025-12-11 23:45:11.610] [info]  Splash.updateCountdownSeconds: 20
[2025-12-11 23:45:12.610] [info]  Splash.updateCountdownSeconds: 19
[2025-12-11 23:45:13.610] [info]  Splash.updateCountdownSeconds: 18
[2025-12-11 23:45:14.610] [info]  Splash.updateCountdownSeconds: 17
[2025-12-11 23:45:15.609] [info]  Splash.updateCountdownSeconds: 16
[2025-12-11 23:45:16.609] [info]  Splash.updateCountdownSeconds: 15
[2025-12-11 23:45:17.609] [info]  Splash.updateCountdownSeconds: 14
[2025-12-11 23:45:18.610] [info]  Splash.updateCountdownSeconds: 13
[2025-12-11 23:45:19.609] [info]  Splash.updateCountdownSeconds: 12
[2025-12-11 23:45:20.610] [info]  Splash.updateCountdownSeconds: 11
[2025-12-11 23:45:21.609] [info]  Splash.updateCountdownSeconds: 10
[2025-12-11 23:45:22.609] [info]  Splash.updateCountdownSeconds: 9
[2025-12-11 23:45:23.610] [info]  Splash.updateCountdownSeconds: 8
[2025-12-11 23:45:24.610] [info]  Splash.updateCountdownSeconds: 7
[2025-12-11 23:45:25.610] [info]  Splash.updateCountdownSeconds: 6
[2025-12-11 23:45:26.609] [info]  Splash.updateCountdownSeconds: 5
[2025-12-11 23:45:27.610] [info]  Splash.updateCountdownSeconds: 4
[2025-12-11 23:45:28.609] [info]  Splash.updateCountdownSeconds: 3
[2025-12-11 23:45:29.609] [info]  Splash.updateCountdownSeconds: 2
[2025-12-11 23:45:30.610] [info]  Splash.updateCountdownSeconds: 1
[2025-12-11 23:45:30.671] [info]  DiscordSplash.onStateUpdate: {"status":"checking-for-updates","current":6,"total":6,"seconds":20}
[2025-12-11 23:45:30.671] [info]  Splash.onStateUpdate: {"status":"checking-for-updates","current":6,"total":6,"seconds":20}
[2025-12-11 23:45:30.891] [info]  DiscordSplash.onStateUpdate: {"status":"update-manually","current":6,"total":6,"seconds":20,"newVersion":"0.0.118"}
[2025-12-11 23:45:30.891] [info]  Splash.onStateUpdate: {"status":"update-manually","current":6,"total":6,"seconds":20,"newVersion":"0.0.118"}
[2025-12-11 23:45:31.610] [info]  Splash.updateCountdownSeconds: 20
[2025-12-11 23:45:32.609] [info]  Splash.updateCountdownSeconds: 19
[2025-12-11 23:45:33.609] [info]  Splash.updateCountdownSeconds: 18
[2025-12-11 23:45:34.609] [info]  Splash.updateCountdownSeconds: 17
[2025-12-11 23:45:35.610] [info]  Splash.updateCountdownSeconds: 16
[2025-12-11 23:45:36.610] [info]  Splash.updateCountdownSeconds: 15
[2025-12-11 23:45:37.610] [info]  Splash.updateCountdownSeconds: 14
[2025-12-11 23:45:38.610] [info]  Splash.updateCountdownSeconds: 13
[2025-12-11 23:45:39.610] [info]  Splash.updateCountdownSeconds: 12
[2025-12-11 23:45:40.609] [info]  Splash.updateCountdownSeconds: 11
[2025-12-11 23:45:41.609] [info]  Splash.updateCountdownSeconds: 10
[2025-12-11 23:45:42.609] [info]  Splash.updateCountdownSeconds: 9
[2025-12-11 23:45:43.609] [info]  Splash.updateCountdownSeconds: 8
[2025-12-11 23:45:44.610] [info]  Splash.updateCountdownSeconds: 7
[2025-12-11 23:45:45.610] [info]  Splash.updateCountdownSeconds: 6
[2025-12-11 23:45:46.610] [info]  Splash.updateCountdownSeconds: 5
[2025-12-11 23:45:47.610] [info]  Splash.updateCountdownSeconds: 4
[2025-12-11 23:45:48.609] [info]  Splash.updateCountdownSeconds: 3
[2025-12-11 23:45:49.610] [info]  Splash.updateCountdownSeconds: 2
[2025-12-11 23:45:50.610] [info]  Splash.updateCountdownSeconds: 1
[2025-12-11 23:45:51.609] [info]  Splash.updateCountdownSeconds: 0
[2025-12-11 23:45:52.609] [info]  Splash.updateCountdownSeconds: 0
[2025-12-11 23:45:53.609] [info]  Splash.updateCountdownSeconds: 0
[2025-12-11 23:45:54.609] [info]  Splash.updateCountdownSeconds: 0
[2025-12-11 23:45:55.609] [info]  Splash.updateCountdownSeconds: 0
[2025-12-11 23:45:56.609] [info]  Splash.updateCountdownSeconds: 0
[2025-12-11 23:45:57.609] [info]  Splash.updateCountdownSeconds: 0
[2025-12-11 23:45:58.609] [info]  Splash.updateCountdownSeconds: 0
[2025-12-11 23:45:59.609] [info]  Splash.updateCountdownSeconds: 0
[2025-12-11 23:46:00.610] [info]  Splash.updateCountdownSeconds: 0
[2025-12-11 23:46:01.609] [info]  Splash.updateCountdownSeconds: 0
[2025-12-11 23:46:02.609] [info]  Splash.updateCountdownSeconds: 0
[2025-12-11 23:46:03.609] [info]  Splash.updateCountdownSeconds: 0
[2025-12-11 23:46:04.610] [info]  Splash.updateCountdownSeconds: 0
[2025-12-11 23:46:05.610] [info]  Splash.updateCountdownSeconds: 0
[2025-12-11 23:46:06.610] [info]  Splash.updateCountdownSeconds: 0
[2025-12-11 23:46:07.610] [info]  Splash.updateCountdownSeconds: 0
[2025-12-11 23:46:08.610] [info]  Splash.updateCountdownSeconds: 0
[2025-12-11 23:46:09.610] [info]  Splash.updateCountdownSeconds: 0
[2025-12-11 23:46:10.609] [info]  Splash.updateCountdownSeconds: 0
[2025-12-11 23:46:11.609] [info]  Splash.updateCountdownSeconds: 0
[2025-12-11 23:46:12.609] [info]  Splash.updateCountdownSeconds: 0
[2025-12-11 23:46:13.609] [info]  Splash.updateCountdownSeconds: 0
[2025-12-11 23:46:14.609] [info]  Splash.updateCountdownSeconds: 0
[2025-12-11 23:46:15.610] [info]  Splash.updateCountdownSeconds: 0
[2025-12-11 23:46:16.610] [info]  Splash.updateCountdownSeconds: 0
[2025-12-11 23:46:17.610] [info]  Splash.updateCountdownSeconds: 0
[2025-12-11 23:46:18.610] [info]  Splash.updateCountdownSeconds: 0
[2025-12-11 23:46:19.609] [info]  Splash.updateCountdownSeconds: 0
[2025-12-11 23:46:20.609] [info]  Splash.updateCountdownSeconds: 0
[2025-12-11 23:46:21.610] [info]  Splash.updateCountdownSeconds: 0
[2025-12-11 23:46:22.610] [info]  Splash.updateCountdownSeconds: 0
[2025-12-11 23:46:23.610] [info]  Splash.updateCountdownSeconds: 0
[2025-12-11 23:46:24.609] [info]  Splash.updateCountdownSeconds: 0
[2025-12-11 23:46:25.610] [info]  Splash.updateCountdownSeconds: 0
[2025-12-11 23:46:26.609] [info]  Splash.updateCountdownSeconds: 0
[2025-12-11 23:46:27.610] [info]  Splash.updateCountdownSeconds: 0
[2025-12-11 23:46:28.610] [info]  Splash.updateCountdownSeconds: 0
[2025-12-11 23:46:29.609] [info]  Splash.updateCountdownSeconds: 0
[2025-12-11 23:46:30.610] [info]  Splash.updateCountdownSeconds: 0
[2025-12-11 23:46:31.610] [info]  Splash.updateCountdownSeconds: 0
[2025-12-11 23:46:32.610] [info]  Splash.updateCountdownSeconds: 0
[2025-12-11 23:46:33.609] [info]  Splash.updateCountdownSeconds: 0
[2025-12-11 23:46:34.609] [info]  Splash.updateCountdownSeconds: 0
[2025-12-11 23:46:35.610] [info]  Splash.updateCountdownSeconds: 0
[2025-12-11 23:46:36.609] [info]  Splash.updateCountdownSeconds: 0
[2025-12-11 23:46:37.609] [info]  Splash.updateCountdownSeconds: 0
[2025-12-11 23:46:38.610] [info]  Splash.updateCountdownSeconds: 0
[2025-12-11 23:46:39.609] [info]  Splash.updateCountdownSeconds: 0
[2025-12-11 23:46:40.610] [info]  Splash.updateCountdownSeconds: 0
[2025-12-11 23:46:41.609] [info]  Splash.updateCountdownSeconds: 0
[2025-12-11 23:46:42.609] [info]  Splash.updateCountdownSeconds: 0
[2025-12-11 23:46:43.610] [info]  Splash.updateCountdownSeconds: 0
[2025-12-11 23:46:44.609] [info]  Splash.updateCountdownSeconds: 0
[2025-12-11 23:47:09.301] [info]  DiscordSplash.signalReady
[2025-12-11 23:47:09.333] [info]  DiscordSplash.onStateUpdate: {"status":"checking-for-updates"}
[2025-12-11 23:47:09.333] [info]  Splash.onStateUpdate: {"status":"checking-for-updates"}
[2025-12-11 23:47:10.300] [info]  Splash.updateCountdownSeconds: undefined
[2025-12-11 23:47:11.300] [info]  Splash.updateCountdownSeconds: undefined
[2025-12-11 23:47:12.301] [info]  Splash.updateCountdownSeconds: undefined
[2025-12-11 23:47:13.300] [info]  Splash.updateCountdownSeconds: undefined
[2025-12-11 23:47:14.300] [info]  Splash.updateCountdownSeconds: undefined
[2025-12-11 23:47:15.300] [info]  Splash.updateCountdownSeconds: undefined
[2025-12-11 23:47:16.300] [info]  Splash.updateCountdownSeconds: undefined
[2025-12-11 23:47:17.301] [info]  Splash.updateCountdownSeconds: undefined
[2025-12-11 23:47:18.300] [info]  Splash.updateCountdownSeconds: undefined
[2025-12-11 23:47:19.300] [info]  Splash.updateCountdownSeconds: undefined
[2025-12-11 23:47:20.300] [info]  Splash.updateCountdownSeconds: undefined
[2025-12-11 23:47:21.300] [info]  Splash.updateCountdownSeconds: undefined
[2025-12-11 23:47:22.300] [info]  Splash.updateCountdownSeconds: undefined
[2025-12-11 23:47:23.300] [info]  Splash.updateCountdownSeconds: undefined
[2025-12-11 23:47:24.300] [info]  Splash.updateCountdownSeconds: undefined
[2025-12-11 23:47:25.301] [info]  Splash.updateCountdownSeconds: undefined
[2025-12-11 23:47:26.300] [info]  Splash.updateCountdownSeconds: undefined
[2025-12-11 23:47:27.300] [info]  Splash.updateCountdownSeconds: undefined
[2025-12-11 23:47:28.300] [info]  Splash.updateCountdownSeconds: undefined
[2025-12-11 23:47:29.300] [info]  Splash.updateCountdownSeconds: undefined
[2025-12-11 23:47:30.300] [info]  Splash.updateCountdownSeconds: undefined
[2025-12-11 23:47:31.301] [info]  Splash.updateCountdownSeconds: undefined
[2025-12-11 23:47:32.300] [info]  Splash.updateCountdownSeconds: undefined
[2025-12-11 23:47:33.300] [info]  Splash.updateCountdownSeconds: undefined
[2025-12-11 23:47:34.301] [info]  Splash.updateCountdownSeconds: undefined
[2025-12-11 23:47:35.301] [info]  Splash.updateCountdownSeconds: undefined
[2025-12-11 23:47:36.301] [info]  Splash.updateCountdownSeconds: undefined
[2025-12-11 23:47:37.301] [info]  Splash.updateCountdownSeconds: undefined
[2025-12-11 23:47:38.301] [info]  Splash.updateCountdownSeconds: undefined
[2025-12-11 23:47:39.301] [info]  Splash.updateCountdownSeconds: undefined
[2025-12-11 23:47:40.301] [info]  Splash.updateCountdownSeconds: undefined
[2025-12-11 23:47:41.301] [info]  Splash.updateCountdownSeconds: undefined
[2025-12-11 23:47:42.300] [info]  Splash.updateCountdownSeconds: undefined
[2025-12-11 23:47:43.300] [info]  Splash.updateCountdownSeconds: undefined
[2025-12-11 23:47:44.300] [info]  Splash.updateCountdownSeconds: undefined
[2025-12-11 23:47:45.301] [info]  Splash.updateCountdownSeconds: undefined
[2025-12-11 23:47:46.301] [info]  Splash.updateCountdownSeconds: undefined
[2025-12-11 23:47:47.300] [info]  Splash.updateCountdownSeconds: undefined
[2025-12-11 23:47:48.301] [info]  Splash.updateCountdownSeconds: undefined
[2025-12-11 23:47:49.300] [info]  Splash.updateCountdownSeconds: undefined
[2025-12-11 23:47:50.301] [info]  Splash.updateCountdownSeconds: undefined
[2025-12-11 23:47:51.300] [info]  Splash.updateCountdownSeconds: undefined
[2025-12-11 23:47:52.300] [info]  Splash.updateCountdownSeconds: undefined
[2025-12-11 23:47:53.300] [info]  Splash.updateCountdownSeconds: undefined
[2025-12-11 23:47:54.300] [info]  Splash.updateCountdownSeconds: undefined
[2025-12-11 23:47:55.300] [info]  Splash.updateCountdownSeconds: undefined
[2025-12-11 23:47:56.300] [info]  Splash.updateCountdownSeconds: undefined
[2025-12-11 23:47:57.301] [info]  Splash.updateCountdownSeconds: undefined
[2025-12-11 23:47:58.300] [info]  Splash.updateCountdownSeconds: undefined
[2025-12-11 23:47:59.300] [info]  Splash.updateCountdownSeconds: undefined
[2025-12-11 23:48:00.300] [info]  Splash.updateCountdownSeconds: undefined
[2025-12-11 23:48:01.300] [info]  Splash.updateCountdownSeconds: undefined
[2025-12-11 23:48:02.300] [info]  Splash.updateCountdownSeconds: undefined
[2025-12-11 23:48:03.300] [info]  Splash.updateCountdownSeconds: undefined
[2025-12-11 23:48:04.300] [info]  Splash.updateCountdownSeconds: undefined
[2025-12-11 23:48:05.300] [info]  Splash.updateCountdownSeconds: undefined
[2025-12-11 23:48:06.300] [info]  Splash.updateCountdownSeconds: undefined
[2025-12-11 23:48:07.300] [info]  Splash.updateCountdownSeconds: undefined
[2025-12-11 23:48:08.300] [info]  Splash.updateCountdownSeconds: undefined
[2025-12-11 23:48:09.300] [info]  Splash.updateCountdownSeconds: undefined
[2025-12-11 23:48:09.425] [info]  DiscordSplash.onStateUpdate: {"status":"update-failure","seconds":20}
[2025-12-11 23:48:09.425] [info]  Splash.onStateUpdate: {"status":"update-failure","seconds":20}
[2025-12-11 23:48:10.300] [info]  Splash.updateCountdownSeconds: 20
[2025-12-11 23:48:11.300] [info]  Splash.updateCountdownSeconds: 19
[2025-12-11 23:48:12.300] [info]  Splash.updateCountdownSeconds: 18
[2025-12-11 23:48:13.300] [info]  Splash.updateCountdownSeconds: 17
[2025-12-11 23:48:14.301] [info]  Splash.updateCountdownSeconds: 16
[2025-12-11 23:48:15.301] [info]  Splash.updateCountdownSeconds: 15
[2025-12-11 23:48:16.301] [info]  Splash.updateCountdownSeconds: 14
[2025-12-11 23:48:17.300] [info]  Splash.updateCountdownSeconds: 13
[2025-12-11 23:48:18.301] [info]  Splash.updateCountdownSeconds: 12
[2025-12-11 23:48:19.301] [info]  Splash.updateCountdownSeconds: 11
[2025-12-11 23:48:20.301] [info]  Splash.updateCountdownSeconds: 10
[2025-12-11 23:48:21.301] [info]  Splash.updateCountdownSeconds: 9
[2025-12-11 23:48:22.300] [info]  Splash.updateCountdownSeconds: 8
[2025-12-11 23:48:23.300] [info]  Splash.updateCountdownSeconds: 7
[2025-12-11 23:48:24.300] [info]  Splash.updateCountdownSeconds: 6
[2025-12-11 23:48:25.301] [info]  Splash.updateCountdownSeconds: 5
[2025-12-11 23:48:26.301] [info]  Splash.updateCountdownSeconds: 4
[2025-12-11 23:48:27.301] [info]  Splash.updateCountdownSeconds: 3
[2025-12-11 23:48:28.301] [info]  Splash.updateCountdownSeconds: 2
[2025-12-11 23:48:29.301] [info]  Splash.updateCountdownSeconds: 1
[2025-12-11 23:48:29.425] [info]  DiscordSplash.onStateUpdate: {"status":"checking-for-updates","seconds":20}
[2025-12-11 23:48:29.426] [info]  Splash.onStateUpdate: {"status":"checking-for-updates","seconds":20}
[2025-12-11 23:48:30.301] [info]  Splash.updateCountdownSeconds: 20
[2025-12-11 23:48:31.300] [info]  Splash.updateCountdownSeconds: 19
[2025-12-11 23:48:32.300] [info]  Splash.updateCountdownSeconds: 18
[2025-12-11 23:48:33.301] [info]  Splash.updateCountdownSeconds: 17
[2025-12-11 23:48:34.301] [info]  Splash.updateCountdownSeconds: 16
[2025-12-11 23:48:35.301] [info]  Splash.updateCountdownSeconds: 15
[2025-12-11 23:48:36.301] [info]  Splash.updateCountdownSeconds: 14
[2025-12-11 23:48:37.301] [info]  Splash.updateCountdownSeconds: 13
[2025-12-11 23:48:38.301] [info]  Splash.updateCountdownSeconds: 12
[2025-12-11 23:48:39.301] [info]  Splash.updateCountdownSeconds: 11
[2025-12-11 23:48:40.300] [info]  Splash.updateCountdownSeconds: 10
[2025-12-11 23:48:41.300] [info]  Splash.updateCountdownSeconds: 9
[2025-12-11 23:48:42.301] [info]  Splash.updateCountdownSeconds: 8
[2025-12-11 23:48:43.300] [info]  Splash.updateCountdownSeconds: 7
[2025-12-11 23:48:44.301] [info]  Splash.updateCountdownSeconds: 6
[2025-12-11 23:48:45.301] [info]  Splash.updateCountdownSeconds: 5
[2025-12-11 23:48:46.301] [info]  Splash.updateCountdownSeconds: 4
[2025-12-11 23:48:47.301] [info]  Splash.updateCountdownSeconds: 3
[2025-12-11 23:48:48.301] [info]  Splash.updateCountdownSeconds: 2
[2025-12-11 23:48:49.301] [info]  Splash.updateCountdownSeconds: 1
[2025-12-11 23:48:50.300] [info]  Splash.updateCountdownSeconds: 0
[2025-12-11 23:48:51.300] [info]  Splash.updateCountdownSeconds: 0
[2025-12-11 23:48:52.300] [info]  Splash.updateCountdownSeconds: 0
[2025-12-11 23:48:53.300] [info]  Splash.updateCountdownSeconds: 0
[2025-12-11 23:48:54.300] [info]  Splash.updateCountdownSeconds: 0
[2025-12-11 23:48:55.300] [info]  Splash.updateCountdownSeconds: 0
[2025-12-11 23:48:56.300] [info]  Splash.updateCountdownSeconds: 0
[2025-12-11 23:48:57.301] [info]  Splash.updateCountdownSeconds: 0
[2025-12-11 23:48:58.300] [info]  Splash.updateCountdownSeconds: 0
[2025-12-11 23:48:58.334] [info]  DiscordSplash.onStateUpdate: {"status":"update-failure","seconds":40}
[2025-12-11 23:48:58.334] [info]  Splash.onStateUpdate: {"status":"update-failure","seconds":40}
[2025-12-11 23:48:59.301] [info]  Splash.updateCountdownSeconds: 40
[2025-12-11 23:49:00.301] [info]  Splash.updateCountdownSeconds: 39
[2025-12-11 23:49:01.301] [info]  Splash.updateCountdownSeconds: 38
[2025-12-11 23:49:02.300] [info]  Splash.updateCountdownSeconds: 37
[2025-12-11 23:49:03.301] [info]  Splash.updateCountdownSeconds: 36
[2025-12-11 23:49:04.300] [info]  Splash.updateCountdownSeconds: 35
[2025-12-11 23:49:05.300] [info]  Splash.updateCountdownSeconds: 34
[2025-12-11 23:49:06.300] [info]  Splash.updateCountdownSeconds: 33
[2025-12-11 23:49:07.300] [info]  Splash.updateCountdownSeconds: 32
[2025-12-11 23:49:08.300] [info]  Splash.updateCountdownSeconds: 31
[2025-12-11 23:49:09.300] [info]  Splash.updateCountdownSeconds: 30
[2025-12-11 23:49:09.427] [info]  DiscordSplash.onStateUpdate: {"status":"checking-for-updates","seconds":40}
[2025-12-11 23:49:09.427] [info]  Splash.onStateUpdate: {"status":"checking-for-updates","seconds":40}
[2025-12-11 23:49:09.689] [info]  DiscordSplash.onStateUpdate: {"status":"update-manually","seconds":40,"newVersion":"0.0.118"}
[2025-12-11 23:49:09.690] [info]  Splash.onStateUpdate: {"status":"update-manually","seconds":40,"newVersion":"0.0.118"}
[2025-12-11 23:49:10.300] [info]  Splash.updateCountdownSeconds: 40
[2025-12-11 23:49:11.301] [info]  Splash.updateCountdownSeconds: 39
[2025-12-11 23:49:12.300] [info]  Splash.updateCountdownSeconds: 38
[2026-01-19 20:51:29.526] [info]  DiscordSplash.signalReady
[2026-01-19 20:51:29.535] [info]  Slow network is detected. See https://www.chromestatus.com/feature/5636954674692096 for more details. Fallback font will be used while loading: file:///opt/discord/resources/app.asar/app_bootstrap/splash/bf3d19297ef12291559b3edae977480c.woff2
[2026-01-19 20:51:29.536] [info]  DiscordSplash.onStateUpdate: {"status":"checking-for-updates"}
[2026-01-19 20:51:29.536] [info]  Splash.onStateUpdate: {"status":"checking-for-updates"}
[2026-01-19 20:51:29.581] [info]  DiscordSplash.onStateUpdate: {"status":"update-failure","seconds":10}
[2026-01-19 20:51:29.582] [info]  Splash.onStateUpdate: {"status":"update-failure","seconds":10}
[2026-01-19 20:51:30.526] [info]  Splash.updateCountdownSeconds: 10
[2026-01-19 20:51:31.526] [info]  Splash.updateCountdownSeconds: 9
[2026-01-19 20:51:32.526] [info]  Splash.updateCountdownSeconds: 8
[2026-01-19 20:51:33.526] [info]  Splash.updateCountdownSeconds: 7
[2026-01-19 20:51:34.526] [info]  Splash.updateCountdownSeconds: 6
[2026-01-19 20:51:35.527] [info]  Splash.updateCountdownSeconds: 5
[2026-01-19 20:51:36.527] [info]  Splash.updateCountdownSeconds: 4
[2026-01-19 20:51:37.526] [info]  Splash.updateCountdownSeconds: 3
[2026-01-19 20:51:38.527] [info]  Splash.updateCountdownSeconds: 2
[2026-01-19 20:51:39.526] [info]  Splash.updateCountdownSeconds: 1
[2026-01-19 20:51:39.582] [info]  DiscordSplash.onStateUpdate: {"status":"checking-for-updates","seconds":10}
[2026-01-19 20:51:39.582] [info]  Splash.onStateUpdate: {"status":"checking-for-updates","seconds":10}
[2026-01-19 20:51:39.588] [info]  DiscordSplash.onStateUpdate: {"status":"update-failure","seconds":20}
[2026-01-19 20:51:39.588] [info]  Splash.onStateUpdate: {"status":"update-failure","seconds":20}
[2026-01-19 20:51:40.526] [info]  Splash.updateCountdownSeconds: 20
[2026-01-19 20:52:55.968] [info]  DiscordSplash.signalReady
[2026-01-19 20:52:55.976] [info]  Slow network is detected. See https://www.chromestatus.com/feature/5636954674692096 for more details. Fallback font will be used while loading: file:///opt/discord/resources/app.asar/app_bootstrap/splash/bf3d19297ef12291559b3edae977480c.woff2
[2026-01-19 20:52:56.018] [info]  DiscordSplash.onStateUpdate: {"status":"checking-for-updates"}
[2026-01-19 20:52:56.018] [info]  Splash.onStateUpdate: {"status":"checking-for-updates"}
[2026-01-19 20:52:56.023] [info]  DiscordSplash.onStateUpdate: {"status":"update-failure","seconds":10}
[2026-01-19 20:52:56.024] [info]  Splash.onStateUpdate: {"status":"update-failure","seconds":10}
[2026-01-19 20:52:56.968] [info]  Splash.updateCountdownSeconds: 10
[2026-01-19 20:52:57.968] [info]  Splash.updateCountdownSeconds: 9
[2026-01-19 20:52:58.969] [info]  Splash.updateCountdownSeconds: 8
[2026-01-19 20:52:59.969] [info]  Splash.updateCountdownSeconds: 7
[2026-01-19 20:53:00.968] [info]  Splash.updateCountdownSeconds: 6
[2026-01-19 20:53:01.968] [info]  Splash.updateCountdownSeconds: 5
[2026-01-19 20:53:02.969] [info]  Splash.updateCountdownSeconds: 4
[2026-01-19 20:53:03.968] [info]  Splash.updateCountdownSeconds: 3
[2026-01-19 20:53:04.968] [info]  Splash.updateCountdownSeconds: 2
[2026-01-19 20:53:05.968] [info]  Splash.updateCountdownSeconds: 1
[2026-01-19 20:53:06.024] [info]  DiscordSplash.onStateUpdate: {"status":"checking-for-updates","seconds":10}
[2026-01-19 20:53:06.025] [info]  Splash.onStateUpdate: {"status":"checking-for-updates","seconds":10}
[2026-01-19 20:53:06.036] [info]  DiscordSplash.onStateUpdate: {"status":"update-failure","seconds":20}
[2026-01-19 20:53:06.036] [info]  Splash.onStateUpdate: {"status":"update-failure","seconds":20}
[2026-01-19 20:53:06.968] [info]  Splash.updateCountdownSeconds: 20
[2026-01-19 20:53:07.968] [info]  Splash.updateCountdownSeconds: 19
[2026-01-19 20:53:08.968] [info]  Splash.updateCountdownSeconds: 18
[2026-01-19 20:53:09.968] [info]  Splash.updateCountdownSeconds: 17
[2026-01-19 20:53:10.968] [info]  Splash.updateCountdownSeconds: 16
[2026-01-19 20:53:11.968] [info]  Splash.updateCountdownSeconds: 15
[2026-01-19 20:53:12.968] [info]  Splash.updateCountdownSeconds: 14
[2026-01-19 20:54:31.791] [info]  DiscordSplash.signalReady
[2026-01-19 20:54:31.828] [info]  DiscordSplash.onStateUpdate: {"status":"checking-for-updates"}
[2026-01-19 20:54:31.829] [info]  Splash.onStateUpdate: {"status":"checking-for-updates"}
[2026-01-19 20:54:32.369] [info]  DiscordSplash.onStateUpdate: {"status":"update-manually","newVersion":"0.0.120"}
[2026-01-19 20:54:32.370] [info]  Splash.onStateUpdate: {"status":"update-manually","newVersion":"0.0.120"}
[2026-01-19 20:54:32.790] [info]  Splash.updateCountdownSeconds: undefined
[2026-01-23 19:04:29.990] [info]  DiscordSplash.signalReady
[2026-01-23 19:04:29.997] [info]  DiscordSplash.onStateUpdate: {"status":"installing-updates","current":1,"total":6}
[2026-01-23 19:04:29.998] [info]  Splash.onStateUpdate: {"status":"installing-updates","current":1,"total":6}
[2026-01-23 19:04:29.998] [info]  DiscordSplash.onStateUpdate: {"status":"installing-updates","current":2,"total":6}
[2026-01-23 19:04:29.998] [info]  Splash.onStateUpdate: {"status":"installing-updates","current":2,"total":6}
[2026-01-23 19:04:29.999] [info]  DiscordSplash.onStateUpdate: {"status":"installing-updates","current":3,"total":6}
[2026-01-23 19:04:30.000] [info]  Splash.onStateUpdate: {"status":"installing-updates","current":3,"total":6}
[2026-01-23 19:04:30.007] [info]  DiscordSplash.onStateUpdate: {"status":"installing-updates","current":4,"total":6}
[2026-01-23 19:04:30.008] [info]  Splash.onStateUpdate: {"status":"installing-updates","current":4,"total":6}
[2026-01-23 19:04:30.008] [info]  DiscordSplash.onStateUpdate: {"status":"installing-updates","current":5,"total":6}
[2026-01-23 19:04:30.008] [info]  Splash.onStateUpdate: {"status":"installing-updates","current":5,"total":6}
[2026-01-23 19:04:30.008] [info]  DiscordSplash.onStateUpdate: {"status":"installing-updates","current":6,"total":6}
[2026-01-23 19:04:30.008] [info]  Splash.onStateUpdate: {"status":"installing-updates","current":6,"total":6}
[2026-01-23 19:04:30.008] [info]  DiscordSplash.onStateUpdate: {"status":"checking-for-updates","current":6,"total":6}
[2026-01-23 19:04:30.009] [info]  Splash.onStateUpdate: {"status":"checking-for-updates","current":6,"total":6}
[2026-01-23 19:04:30.233] [info]  DiscordSplash.onStateUpdate: {"status":"downloading-updates","current":1,"total":6}
[2026-01-23 19:04:30.233] [info]  Splash.onStateUpdate: {"status":"downloading-updates","current":1,"total":6}
[2026-01-23 19:04:30.550] [info]  DiscordSplash.onStateUpdate: {"status":"downloading-updates","current":1,"total":6,"progress":1}
[2026-01-23 19:04:30.550] [info]  Splash.onStateUpdate: {"status":"downloading-updates","current":1,"total":6,"progress":1}
[2026-01-23 19:04:30.561] [info]  DiscordSplash.onStateUpdate: {"status":"downloading-updates","current":1,"total":6,"progress":2}
[2026-01-23 19:04:30.561] [info]  Splash.onStateUpdate: {"status":"downloading-updates","current":1,"total":6,"progress":2}
[2026-01-23 19:04:30.578] [info]  DiscordSplash.onStateUpdate: {"status":"downloading-updates","current":1,"total":6,"progress":3}
[2026-01-23 19:04:30.578] [info]  Splash.onStateUpdate: {"status":"downloading-updates","current":1,"total":6,"progress":3}
[2026-01-23 19:04:30.585] [info]  DiscordSplash.onStateUpdate: {"status":"downloading-updates","current":1,"total":6,"progress":4}
[2026-01-23 19:04:30.585] [info]  Splash.onStateUpdate: {"status":"downloading-updates","current":1,"total":6,"progress":4}
[2026-01-23 19:04:30.598] [info]  DiscordSplash.onStateUpdate: {"status":"downloading-updates","current":1,"total":6,"progress":5}
[2026-01-23 19:04:30.599] [info]  Splash.onStateUpdate: {"status":"downloading-updates","current":1,"total":6,"progress":5}
[2026-01-23 19:04:30.602] [info]  DiscordSplash.onStateUpdate: {"status":"downloading-updates","current":1,"total":6,"progress":6}
[2026-01-23 19:04:30.603] [info]  Splash.onStateUpdate: {"status":"downloading-updates","current":1,"total":6,"progress":6}
[2026-01-23 19:04:30.606] [info]  DiscordSplash.onStateUpdate: {"status":"downloading-updates","current":1,"total":6,"progress":7}
[2026-01-23 19:04:30.606] [info]  Splash.onStateUpdate: {"status":"downloading-updates","current":1,"total":6,"progress":7}
[2026-01-23 19:04:30.612] [info]  DiscordSplash.onStateUpdate: {"status":"downloading-updates","current":1,"total":6,"progress":8}
[2026-01-23 19:04:30.613] [info]  Splash.onStateUpdate: {"status":"downloading-updates","current":1,"total":6,"progress":8}
[2026-01-23 19:04:30.616] [info]  DiscordSplash.onStateUpdate: {"status":"downloading-updates","current":1,"total":6,"progress":9}
[2026-01-23 19:04:30.616] [info]  Splash.onStateUpdate: {"status":"downloading-updates","current":1,"total":6,"progress":9}
[2026-01-23 19:04:30.623] [info]  DiscordSplash.onStateUpdate: {"status":"downloading-updates","current":1,"total":6,"progress":10}
[2026-01-23 19:04:30.623] [info]  Splash.onStateUpdate: {"status":"downloading-updates","current":1,"total":6,"progress":10}
[2026-01-23 19:04:30.625] [info]  DiscordSplash.onStateUpdate: {"status":"downloading-updates","current":1,"total":6,"progress":11}
[2026-01-23 19:04:30.625] [info]  Splash.onStateUpdate: {"status":"downloading-updates","current":1,"total":6,"progress":11}
[2026-01-23 19:04:30.630] [info]  DiscordSplash.onStateUpdate: {"status":"downloading-updates","current":1,"total":6,"progress":12}
[2026-01-23 19:04:30.630] [info]  Splash.onStateUpdate: {"status":"downloading-updates","current":1,"total":6,"progress":12}
[2026-01-23 19:04:30.632] [info]  DiscordSplash.onStateUpdate: {"status":"downloading-updates","current":1,"total":6,"progress":13}
[2026-01-23 19:04:30.632] [info]  Splash.onStateUpdate: {"status":"downloading-updates","current":1,"total":6,"progress":13}
[2026-01-23 19:04:30.635] [info]  DiscordSplash.onStateUpdate: {"status":"downloading-updates","current":1,"total":6,"progress":14}
[2026-01-23 19:04:30.635] [info]  Splash.onStateUpdate: {"status":"downloading-updates","current":1,"total":6,"progress":14}
[2026-01-23 19:04:30.640] [info]  DiscordSplash.onStateUpdate: {"status":"downloading-updates","current":1,"total":6,"progress":15}
[2026-01-23 19:04:30.640] [info]  Splash.onStateUpdate: {"status":"downloading-updates","current":1,"total":6,"progress":15}
[2026-01-23 19:04:30.641] [info]  DiscordSplash.onStateUpdate: {"status":"downloading-updates","current":1,"total":6,"progress":16}
[2026-01-23 19:04:30.641] [info]  Splash.onStateUpdate: {"status":"downloading-updates","current":1,"total":6,"progress":16}
[2026-01-23 19:04:30.646] [info]  DiscordSplash.onStateUpdate: {"status":"downloading-updates","current":1,"total":6,"progress":17}
[2026-01-23 19:04:30.646] [info]  Splash.onStateUpdate: {"status":"downloading-updates","current":1,"total":6,"progress":17}
[2026-01-23 19:04:30.647] [info]  DiscordSplash.onStateUpdate: {"status":"downloading-updates","current":1,"total":6,"progress":18}
[2026-01-23 19:04:30.647] [info]  Splash.onStateUpdate: {"status":"downloading-updates","current":1,"total":6,"progress":18}
[2026-01-23 19:04:30.650] [info]  DiscordSplash.onStateUpdate: {"status":"downloading-updates","current":1,"total":6,"progress":19}
[2026-01-23 19:04:30.650] [info]  Splash.onStateUpdate: {"status":"downloading-updates","current":1,"total":6,"progress":19}
[2026-01-23 19:04:30.651] [info]  DiscordSplash.onStateUpdate: {"status":"downloading-updates","current":1,"total":6,"progress":20}
[2026-01-23 19:04:30.651] [info]  Splash.onStateUpdate: {"status":"downloading-updates","current":1,"total":6,"progress":20}
[2026-01-23 19:04:30.652] [info]  DiscordSplash.onStateUpdate: {"status":"downloading-updates","current":1,"total":6,"progress":21}
[2026-01-23 19:04:30.653] [info]  Splash.onStateUpdate: {"status":"downloading-updates","current":1,"total":6,"progress":21}
[2026-01-23 19:04:30.656] [info]  DiscordSplash.onStateUpdate: {"status":"downloading-updates","current":1,"total":6,"progress":22}
[2026-01-23 19:04:30.656] [info]  Splash.onStateUpdate: {"status":"downloading-updates","current":1,"total":6,"progress":22}
[2026-01-23 19:04:30.657] [info]  DiscordSplash.onStateUpdate: {"status":"downloading-updates","current":1,"total":6,"progress":23}
[2026-01-23 19:04:30.657] [info]  Splash.onStateUpdate: {"status":"downloading-updates","current":1,"total":6,"progress":23}
[2026-01-23 19:04:30.660] [info]  DiscordSplash.onStateUpdate: {"status":"downloading-updates","current":1,"total":6,"progress":24}
[2026-01-23 19:04:30.660] [info]  Splash.onStateUpdate: {"status":"downloading-updates","current":1,"total":6,"progress":24}
[2026-01-23 19:04:30.661] [info]  DiscordSplash.onStateUpdate: {"status":"downloading-updates","current":1,"total":6,"progress":25}
[2026-01-23 19:04:30.661] [info]  Splash.onStateUpdate: {"status":"downloading-updates","current":1,"total":6,"progress":25}
[2026-01-23 19:04:30.662] [info]  DiscordSplash.onStateUpdate: {"status":"downloading-updates","current":1,"total":6,"progress":26}
[2026-01-23 19:04:30.662] [info]  Splash.onStateUpdate: {"status":"downloading-updates","current":1,"total":6,"progress":26}
[2026-01-23 19:04:30.665] [info]  DiscordSplash.onStateUpdate: {"status":"downloading-updates","current":1,"total":6,"progress":27}
[2026-01-23 19:04:30.665] [info]  Splash.onStateUpdate: {"status":"downloading-updates","current":1,"total":6,"progress":27}
[2026-01-23 19:04:30.666] [info]  DiscordSplash.onStateUpdate: {"status":"downloading-updates","current":1,"total":6,"progress":28}
[2026-01-23 19:04:30.667] [info]  Splash.onStateUpdate: {"status":"downloading-updates","current":1,"total":6,"progress":28}
[2026-01-23 19:04:30.669] [info]  DiscordSplash.onStateUpdate: {"status":"downloading-updates","current":1,"total":6,"progress":29}
[2026-01-23 19:04:30.670] [info]  Splash.onStateUpdate: {"status":"downloading-updates","current":1,"total":6,"progress":29}
[2026-01-23 19:04:30.671] [info]  DiscordSplash.onStateUpdate: {"status":"downloading-updates","current":1,"total":6,"progress":30}
[2026-01-23 19:04:30.671] [info]  Splash.onStateUpdate: {"status":"downloading-updates","current":1,"total":6,"progress":30}
[2026-01-23 19:04:30.674] [info]  DiscordSplash.onStateUpdate: {"status":"downloading-updates","current":1,"total":6,"progress":31}
[2026-01-23 19:04:30.674] [info]  Splash.onStateUpdate: {"status":"downloading-updates","current":1,"total":6,"progress":31}
[2026-01-23 19:04:30.675] [info]  DiscordSplash.onStateUpdate: {"status":"downloading-updates","current":1,"total":6,"progress":32}
[2026-01-23 19:04:30.675] [info]  Splash.onStateUpdate: {"status":"downloading-updates","current":1,"total":6,"progress":32}
[2026-01-23 19:04:30.676] [info]  DiscordSplash.onStateUpdate: {"status":"downloading-updates","current":1,"total":6,"progress":33}
[2026-01-23 19:04:30.676] [info]  Splash.onStateUpdate: {"status":"downloading-updates","current":1,"total":6,"progress":33}
[2026-01-23 19:04:30.679] [info]  DiscordSplash.onStateUpdate: {"status":"downloading-updates","current":1,"total":6,"progress":34}
[2026-01-23 19:04:30.680] [info]  Splash.onStateUpdate: {"status":"downloading-updates","current":1,"total":6,"progress":34}
[2026-01-23 19:04:30.680] [info]  DiscordSplash.onStateUpdate: {"status":"downloading-updates","current":1,"total":6,"progress":35}
[2026-01-23 19:04:30.680] [info]  Splash.onStateUpdate: {"status":"downloading-updates","current":1,"total":6,"progress":35}
[2026-01-23 19:04:30.683] [info]  DiscordSplash.onStateUpdate: {"status":"downloading-updates","current":1,"total":6,"progress":36}
[2026-01-23 19:04:30.684] [info]  Splash.onStateUpdate: {"status":"downloading-updates","current":1,"total":6,"progress":36}
[2026-01-23 19:04:30.685] [info]  DiscordSplash.onStateUpdate: {"status":"downloading-updates","current":1,"total":6,"progress":37}
[2026-01-23 19:04:30.685] [info]  Splash.onStateUpdate: {"status":"downloading-updates","current":1,"total":6,"progress":37}
[2026-01-23 19:04:30.688] [info]  DiscordSplash.onStateUpdate: {"status":"downloading-updates","current":1,"total":6,"progress":38}
[2026-01-23 19:04:30.688] [info]  Splash.onStateUpdate: {"status":"downloading-updates","current":1,"total":6,"progress":38}
[2026-01-23 19:04:30.689] [info]  DiscordSplash.onStateUpdate: {"status":"downloading-updates","current":1,"total":6,"progress":39}
[2026-01-23 19:04:30.689] [info]  Splash.onStateUpdate: {"status":"downloading-updates","current":1,"total":6,"progress":39}
[2026-01-23 19:04:30.691] [info]  DiscordSplash.onStateUpdate: {"status":"downloading-updates","current":1,"total":6,"progress":40}
[2026-01-23 19:04:30.691] [info]  Splash.onStateUpdate: {"status":"downloading-updates","current":1,"total":6,"progress":40}
[2026-01-23 19:04:30.693] [info]  DiscordSplash.onStateUpdate: {"status":"downloading-updates","current":1,"total":6,"progress":41}
[2026-01-23 19:04:30.693] [info]  Splash.onStateUpdate: {"status":"downloading-updates","current":1,"total":6,"progress":41}
[2026-01-23 19:04:30.694] [info]  DiscordSplash.onStateUpdate: {"status":"downloading-updates","current":1,"total":6,"progress":42}
[2026-01-23 19:04:30.695] [info]  Splash.onStateUpdate: {"status":"downloading-updates","current":1,"total":6,"progress":42}
[2026-01-23 19:04:30.738] [info]  DiscordSplash.onStateUpdate: {"status":"downloading-updates","current":1,"total":6,"progress":45}
[2026-01-23 19:04:30.738] [info]  Splash.onStateUpdate: {"status":"downloading-updates","current":1,"total":6,"progress":45}
[2026-01-23 19:04:30.740] [info]  DiscordSplash.onStateUpdate: {"status":"downloading-updates","current":1,"total":6,"progress":47}
[2026-01-23 19:04:30.740] [info]  Splash.onStateUpdate: {"status":"downloading-updates","current":1,"total":6,"progress":47}
[2026-01-23 19:04:30.740] [info]  DiscordSplash.onStateUpdate: {"status":"downloading-updates","current":1,"total":6,"progress":48}
[2026-01-23 19:04:30.740] [info]  Splash.onStateUpdate: {"status":"downloading-updates","current":1,"total":6,"progress":48}
[2026-01-23 19:04:30.741] [info]  DiscordSplash.onStateUpdate: {"status":"downloading-updates","current":1,"total":6,"progress":49}
[2026-01-23 19:04:30.741] [info]  Splash.onStateUpdate: {"status":"downloading-updates","current":1,"total":6,"progress":49}
[2026-01-23 19:04:30.745] [info]  DiscordSplash.onStateUpdate: {"status":"downloading-updates","current":1,"total":6,"progress":52}
[2026-01-23 19:04:30.745] [info]  Splash.onStateUpdate: {"status":"downloading-updates","current":1,"total":6,"progress":52}
[2026-01-23 19:04:30.749] [info]  DiscordSplash.onStateUpdate: {"status":"downloading-updates","current":1,"total":6,"progress":55}
[2026-01-23 19:04:30.749] [info]  Splash.onStateUpdate: {"status":"downloading-updates","current":1,"total":6,"progress":55}
[2026-01-23 19:04:30.749] [info]  DiscordSplash.onStateUpdate: {"status":"downloading-updates","current":1,"total":6,"progress":56}
[2026-01-23 19:04:30.749] [info]  Splash.onStateUpdate: {"status":"downloading-updates","current":1,"total":6,"progress":56}
[2026-01-23 19:04:30.751] [info]  DiscordSplash.onStateUpdate: {"status":"downloading-updates","current":1,"total":6,"progress":57}
[2026-01-23 19:04:30.751] [info]  Splash.onStateUpdate: {"status":"downloading-updates","current":1,"total":6,"progress":57}
[2026-01-23 19:04:30.753] [info]  DiscordSplash.onStateUpdate: {"status":"downloading-updates","current":1,"total":6,"progress":58}
[2026-01-23 19:04:30.753] [info]  Splash.onStateUpdate: {"status":"downloading-updates","current":1,"total":6,"progress":58}
[2026-01-23 19:04:30.755] [info]  DiscordSplash.onStateUpdate: {"status":"downloading-updates","current":1,"total":6,"progress":60}
[2026-01-23 19:04:30.755] [info]  Splash.onStateUpdate: {"status":"downloading-updates","current":1,"total":6,"progress":60}
[2026-01-23 19:04:30.757] [info]  DiscordSplash.onStateUpdate: {"status":"downloading-updates","current":1,"total":6,"progress":61}
[2026-01-23 19:04:30.757] [info]  Splash.onStateUpdate: {"status":"downloading-updates","current":1,"total":6,"progress":61}
[2026-01-23 19:04:30.762] [info]  DiscordSplash.onStateUpdate: {"status":"downloading-updates","current":1,"total":6,"progress":64}
[2026-01-23 19:04:30.762] [info]  Splash.onStateUpdate: {"status":"downloading-updates","current":1,"total":6,"progress":64}
[2026-01-23 19:04:30.762] [info]  DiscordSplash.onStateUpdate: {"status":"downloading-updates","current":1,"total":6,"progress":65}
[2026-01-23 19:04:30.762] [info]  Splash.onStateUpdate: {"status":"downloading-updates","current":1,"total":6,"progress":65}
[2026-01-23 19:04:30.765] [info]  DiscordSplash.onStateUpdate: {"status":"downloading-updates","current":1,"total":6,"progress":68}
[2026-01-23 19:04:30.765] [info]  Splash.onStateUpdate: {"status":"downloading-updates","current":1,"total":6,"progress":68}
[2026-01-23 19:04:30.765] [info]  DiscordSplash.onStateUpdate: {"status":"downloading-updates","current":1,"total":6,"progress":69}
[2026-01-23 19:04:30.765] [info]  Splash.onStateUpdate: {"status":"downloading-updates","current":1,"total":6,"progress":69}
[2026-01-23 19:04:30.766] [info]  DiscordSplash.onStateUpdate: {"status":"downloading-updates","current":1,"total":6,"progress":78}
[2026-01-23 19:04:30.766] [info]  Splash.onStateUpdate: {"status":"downloading-updates","current":1,"total":6,"progress":78}
[2026-01-23 19:04:30.769] [info]  DiscordSplash.onStateUpdate: {"status":"downloading-updates","current":1,"total":6,"progress":79}
[2026-01-23 19:04:30.769] [info]  Splash.onStateUpdate: {"status":"downloading-updates","current":1,"total":6,"progress":79}
[2026-01-23 19:04:30.770] [info]  DiscordSplash.onStateUpdate: {"status":"downloading-updates","current":1,"total":6,"progress":80}
[2026-01-23 19:04:30.770] [info]  Splash.onStateUpdate: {"status":"downloading-updates","current":1,"total":6,"progress":80}
[2026-01-23 19:04:30.773] [info]  DiscordSplash.onStateUpdate: {"status":"downloading-updates","current":1,"total":6,"progress":81}
[2026-01-23 19:04:30.773] [info]  Splash.onStateUpdate: {"status":"downloading-updates","current":1,"total":6,"progress":81}
[2026-01-23 19:04:30.774] [info]  DiscordSplash.onStateUpdate: {"status":"downloading-updates","current":1,"total":6,"progress":82}
[2026-01-23 19:04:30.774] [info]  Splash.onStateUpdate: {"status":"downloading-updates","current":1,"total":6,"progress":82}
[2026-01-23 19:04:30.776] [info]  DiscordSplash.onStateUpdate: {"status":"downloading-updates","current":1,"total":6,"progress":83}
[2026-01-23 19:04:30.776] [info]  Splash.onStateUpdate: {"status":"downloading-updates","current":1,"total":6,"progress":83}
[2026-01-23 19:04:30.807] [info]  DiscordSplash.onStateUpdate: {"status":"downloading-updates","current":1,"total":6,"progress":84}
[2026-01-23 19:04:30.807] [info]  Splash.onStateUpdate: {"status":"downloading-updates","current":1,"total":6,"progress":84}
[2026-01-23 19:04:30.809] [info]  DiscordSplash.onStateUpdate: {"status":"downloading-updates","current":1,"total":6,"progress":87}
[2026-01-23 19:04:30.809] [info]  Splash.onStateUpdate: {"status":"downloading-updates","current":1,"total":6,"progress":87}
[2026-01-23 19:04:30.810] [info]  DiscordSplash.onStateUpdate: {"status":"downloading-updates","current":1,"total":6,"progress":89}
[2026-01-23 19:04:30.811] [info]  Splash.onStateUpdate: {"status":"downloading-updates","current":1,"total":6,"progress":89}
[2026-01-23 19:04:30.811] [info]  DiscordSplash.onStateUpdate: {"status":"downloading-updates","current":1,"total":6,"progress":90}
[2026-01-23 19:04:30.811] [info]  Splash.onStateUpdate: {"status":"downloading-updates","current":1,"total":6,"progress":90}
[2026-01-23 19:04:30.815] [info]  DiscordSplash.onStateUpdate: {"status":"downloading-updates","current":1,"total":6,"progress":93}
[2026-01-23 19:04:30.816] [info]  Splash.onStateUpdate: {"status":"downloading-updates","current":1,"total":6,"progress":93}
[2026-01-23 19:04:30.816] [info]  DiscordSplash.onStateUpdate: {"status":"downloading-updates","current":1,"total":6,"progress":94}
[2026-01-23 19:04:30.816] [info]  Splash.onStateUpdate: {"status":"downloading-updates","current":1,"total":6,"progress":94}
[2026-01-23 19:04:30.816] [info]  DiscordSplash.onStateUpdate: {"status":"downloading-updates","current":1,"total":6,"progress":95}
[2026-01-23 19:04:30.817] [info]  Splash.onStateUpdate: {"status":"downloading-updates","current":1,"total":6,"progress":95}
[2026-01-23 19:04:30.820] [info]  DiscordSplash.onStateUpdate: {"status":"downloading-updates","current":1,"total":6,"progress":97}
[2026-01-23 19:04:30.820] [info]  Splash.onStateUpdate: {"status":"downloading-updates","current":1,"total":6,"progress":97}
[2026-01-23 19:04:30.822] [info]  DiscordSplash.onStateUpdate: {"status":"downloading-updates","current":1,"total":6,"progress":100}
[2026-01-23 19:04:30.822] [info]  Splash.onStateUpdate: {"status":"downloading-updates","current":1,"total":6,"progress":100}
[2026-01-23 19:04:30.823] [info]  DiscordSplash.onStateUpdate: {"status":"downloading-updates","current":2,"total":6}
[2026-01-23 19:04:30.823] [info]  Splash.onStateUpdate: {"status":"downloading-updates","current":2,"total":6}
[2026-01-23 19:04:30.989] [info]  Splash.updateCountdownSeconds: undefined
[2026-01-23 19:04:31.017] [info]  DiscordSplash.onStateUpdate: {"status":"downloading-updates","current":2,"total":6,"progress":1}
[2026-01-23 19:04:31.018] [info]  Splash.onStateUpdate: {"status":"downloading-updates","current":2,"total":6,"progress":1}
[2026-01-23 19:04:31.018] [info]  DiscordSplash.onStateUpdate: {"status":"downloading-updates","current":2,"total":6,"progress":2}
[2026-01-23 19:04:31.019] [info]  Splash.onStateUpdate: {"status":"downloading-updates","current":2,"total":6,"progress":2}
[2026-01-23 19:04:31.021] [info]  DiscordSplash.onStateUpdate: {"status":"downloading-updates","current":2,"total":6,"progress":3}
[2026-01-23 19:04:31.021] [info]  Splash.onStateUpdate: {"status":"downloading-updates","current":2,"total":6,"progress":3}
[2026-01-23 19:04:31.022] [info]  DiscordSplash.onStateUpdate: {"status":"downloading-updates","current":2,"total":6,"progress":4}
[2026-01-23 19:04:31.023] [info]  Splash.onStateUpdate: {"status":"downloading-updates","current":2,"total":6,"progress":4}
[2026-01-23 19:04:31.025] [info]  DiscordSplash.onStateUpdate: {"status":"downloading-updates","current":2,"total":6,"progress":5}
[2026-01-23 19:04:31.025] [info]  Splash.onStateUpdate: {"status":"downloading-updates","current":2,"total":6,"progress":5}
[2026-01-23 19:04:31.027] [info]  DiscordSplash.onStateUpdate: {"status":"downloading-updates","current":2,"total":6,"progress":6}
[2026-01-23 19:04:31.027] [info]  Splash.onStateUpdate: {"status":"downloading-updates","current":2,"total":6,"progress":6}
[2026-01-23 19:04:31.030] [info]  DiscordSplash.onStateUpdate: {"status":"downloading-updates","current":2,"total":6,"progress":7}
[2026-01-23 19:04:31.030] [info]  Splash.onStateUpdate: {"status":"downloading-updates","current":2,"total":6,"progress":7}
[2026-01-23 19:04:31.031] [info]  DiscordSplash.onStateUpdate: {"status":"downloading-updates","current":2,"total":6,"progress":8}
[2026-01-23 19:04:31.031] [info]  Splash.onStateUpdate: {"status":"downloading-updates","current":2,"total":6,"progress":8}
[2026-01-23 19:04:31.034] [info]  DiscordSplash.onStateUpdate: {"status":"downloading-updates","current":2,"total":6,"progress":9}
[2026-01-23 19:04:31.034] [info]  Splash.onStateUpdate: {"status":"downloading-updates","current":2,"total":6,"progress":9}
[2026-01-23 19:04:31.067] [info]  DiscordSplash.onStateUpdate: {"status":"downloading-updates","current":2,"total":6,"progress":10}
[2026-01-23 19:04:31.067] [info]  Splash.onStateUpdate: {"status":"downloading-updates","current":2,"total":6,"progress":10}
[2026-01-23 19:04:31.069] [info]  DiscordSplash.onStateUpdate: {"status":"downloading-updates","current":2,"total":6,"progress":11}
[2026-01-23 19:04:31.069] [info]  Splash.onStateUpdate: {"status":"downloading-updates","current":2,"total":6,"progress":11}
[2026-01-23 19:04:31.070] [info]  DiscordSplash.onStateUpdate: {"status":"downloading-updates","current":2,"total":6,"progress":13}
[2026-01-23 19:04:31.070] [info]  Splash.onStateUpdate: {"status":"downloading-updates","current":2,"total":6,"progress":13}
[2026-01-23 19:04:31.072] [info]  DiscordSplash.onStateUpdate: {"status":"downloading-updates","current":2,"total":6,"progress":14}
[2026-01-23 19:04:31.072] [info]  Splash.onStateUpdate: {"status":"downloading-updates","current":2,"total":6,"progress":14}
[2026-01-23 19:04:31.076] [info]  DiscordSplash.onStateUpdate: {"status":"downloading-updates","current":2,"total":6,"progress":17}
[2026-01-23 19:04:31.077] [info]  Splash.onStateUpdate: {"status":"downloading-updates","current":2,"total":6,"progress":17}
[2026-01-23 19:04:31.077] [info]  DiscordSplash.onStateUpdate: {"status":"downloading-updates","current":2,"total":6,"progress":18}
[2026-01-23 19:04:31.077] [info]  Splash.onStateUpdate: {"status":"downloading-updates","current":2,"total":6,"progress":18}
[2026-01-23 19:04:31.081] [info]  DiscordSplash.onStateUpdate: {"status":"downloading-updates","current":2,"total":6,"progress":20}
[2026-01-23 19:04:31.081] [info]  Splash.onStateUpdate: {"status":"downloading-updates","current":2,"total":6,"progress":20}
[2026-01-23 19:04:31.081] [info]  DiscordSplash.onStateUpdate: {"status":"downloading-updates","current":2,"total":6,"progress":21}
[2026-01-23 19:04:31.081] [info]  Splash.onStateUpdate: {"status":"downloading-updates","current":2,"total":6,"progress":21}
[2026-01-23 19:04:31.081] [info]  DiscordSplash.onStateUpdate: {"status":"downloading-updates","current":2,"total":6,"progress":22}
[2026-01-23 19:04:31.081] [info]  Splash.onStateUpdate: {"status":"downloading-updates","current":2,"total":6,"progress":22}
[2026-01-23 19:04:31.083] [info]  DiscordSplash.onStateUpdate: {"status":"downloading-updates","current":2,"total":6,"progress":23}
[2026-01-23 19:04:31.083] [info]  Splash.onStateUpdate: {"status":"downloading-updates","current":2,"total":6,"progress":23}
[2026-01-23 19:04:31.085] [info]  DiscordSplash.onStateUpdate: {"status":"downloading-updates","current":2,"total":6,"progress":25}
[2026-01-23 19:04:31.085] [info]  Splash.onStateUpdate: {"status":"downloading-updates","current":2,"total":6,"progress":25}
[2026-01-23 19:04:31.087] [info]  DiscordSplash.onStateUpdate: {"status":"downloading-updates","current":2,"total":6,"progress":26}
[2026-01-23 19:04:31.087] [info]  Splash.onStateUpdate: {"status":"downloading-updates","current":2,"total":6,"progress":26}
[2026-01-23 19:04:31.088] [info]  DiscordSplash.onStateUpdate: {"status":"downloading-updates","current":2,"total":6,"progress":29}
[2026-01-23 19:04:31.089] [info]  Splash.onStateUpdate: {"status":"downloading-updates","current":2,"total":6,"progress":29}
[2026-01-23 19:04:31.089] [info]  DiscordSplash.onStateUpdate: {"status":"downloading-updates","current":2,"total":6,"progress":32}
[2026-01-23 19:04:31.089] [info]  Splash.onStateUpdate: {"status":"downloading-updates","current":2,"total":6,"progress":32}
[2026-01-23 19:04:31.089] [info]  DiscordSplash.onStateUpdate: {"status":"downloading-updates","current":2,"total":6,"progress":37}
[2026-01-23 19:04:31.090] [info]  Splash.onStateUpdate: {"status":"downloading-updates","current":2,"total":6,"progress":37}
[2026-01-23 19:04:31.091] [info]  DiscordSplash.onStateUpdate: {"status":"downloading-updates","current":2,"total":6,"progress":38}
[2026-01-23 19:04:31.091] [info]  Splash.onStateUpdate: {"status":"downloading-updates","current":2,"total":6,"progress":38}
[2026-01-23 19:04:31.092] [info]  DiscordSplash.onStateUpdate: {"status":"downloading-updates","current":2,"total":6,"progress":39}
[2026-01-23 19:04:31.092] [info]  Splash.onStateUpdate: {"status":"downloading-updates","current":2,"total":6,"progress":39}
[2026-01-23 19:04:31.095] [info]  DiscordSplash.onStateUpdate: {"status":"downloading-updates","current":2,"total":6,"progress":40}
[2026-01-23 19:04:31.095] [info]  Splash.onStateUpdate: {"status":"downloading-updates","current":2,"total":6,"progress":40}
[2026-01-23 19:04:31.096] [info]  DiscordSplash.onStateUpdate: {"status":"downloading-updates","current":2,"total":6,"progress":41}
[2026-01-23 19:04:31.096] [info]  Splash.onStateUpdate: {"status":"downloading-updates","current":2,"total":6,"progress":41}
[2026-01-23 19:04:31.099] [info]  DiscordSplash.onStateUpdate: {"status":"downloading-updates","current":2,"total":6,"progress":42}
[2026-01-23 19:04:31.100] [info]  Splash.onStateUpdate: {"status":"downloading-updates","current":2,"total":6,"progress":42}
[2026-01-23 19:04:31.101] [info]  DiscordSplash.onStateUpdate: {"status":"downloading-updates","current":2,"total":6,"progress":43}
[2026-01-23 19:04:31.101] [info]  Splash.onStateUpdate: {"status":"downloading-updates","current":2,"total":6,"progress":43}
[2026-01-23 19:04:31.104] [info]  DiscordSplash.onStateUpdate: {"status":"downloading-updates","current":2,"total":6,"progress":44}
[2026-01-23 19:04:31.104] [info]  Splash.onStateUpdate: {"status":"downloading-updates","current":2,"total":6,"progress":44}
[2026-01-23 19:04:31.105] [info]  DiscordSplash.onStateUpdate: {"status":"downloading-updates","current":2,"total":6,"progress":45}
[2026-01-23 19:04:31.105] [info]  Splash.onStateUpdate: {"status":"downloading-updates","current":2,"total":6,"progress":45}
[2026-01-23 19:04:31.106] [info]  DiscordSplash.onStateUpdate: {"status":"downloading-updates","current":2,"total":6,"progress":46}
[2026-01-23 19:04:31.106] [info]  Splash.onStateUpdate: {"status":"downloading-updates","current":2,"total":6,"progress":46}
[2026-01-23 19:04:31.109] [info]  DiscordSplash.onStateUpdate: {"status":"downloading-updates","current":2,"total":6,"progress":47}
[2026-01-23 19:04:31.109] [info]  Splash.onStateUpdate: {"status":"downloading-updates","current":2,"total":6,"progress":47}
[2026-01-23 19:04:31.110] [info]  DiscordSplash.onStateUpdate: {"status":"downloading-updates","current":2,"total":6,"progress":48}
[2026-01-23 19:04:31.110] [info]  Splash.onStateUpdate: {"status":"downloading-updates","current":2,"total":6,"progress":48}
[2026-01-23 19:04:31.146] [info]  DiscordSplash.onStateUpdate: {"status":"downloading-updates","current":2,"total":6,"progress":50}
[2026-01-23 19:04:31.146] [info]  Splash.onStateUpdate: {"status":"downloading-updates","current":2,"total":6,"progress":50}
[2026-01-23 19:04:31.150] [info]  DiscordSplash.onStateUpdate: {"status":"downloading-updates","current":2,"total":6,"progress":51}
[2026-01-23 19:04:31.150] [info]  Splash.onStateUpdate: {"status":"downloading-updates","current":2,"total":6,"progress":51}
[2026-01-23 19:04:31.154] [info]  DiscordSplash.onStateUpdate: {"status":"downloading-updates","current":2,"total":6,"progress":54}
[2026-01-23 19:04:31.154] [info]  Splash.onStateUpdate: {"status":"downloading-updates","current":2,"total":6,"progress":54}
[2026-01-23 19:04:31.157] [info]  DiscordSplash.onStateUpdate: {"status":"downloading-updates","current":2,"total":6,"progress":55}
[2026-01-23 19:04:31.157] [info]  Splash.onStateUpdate: {"status":"downloading-updates","current":2,"total":6,"progress":55}
[2026-01-23 19:04:31.159] [info]  DiscordSplash.onStateUpdate: {"status":"downloading-updates","current":2,"total":6,"progress":56}
[2026-01-23 19:04:31.159] [info]  Splash.onStateUpdate: {"status":"downloading-updates","current":2,"total":6,"progress":56}
[2026-01-23 19:04:31.162] [info]  DiscordSplash.onStateUpdate: {"status":"downloading-updates","current":2,"total":6,"progress":59}
[2026-01-23 19:04:31.162] [info]  Splash.onStateUpdate: {"status":"downloading-updates","current":2,"total":6,"progress":59}
[2026-01-23 19:04:31.163] [info]  DiscordSplash.onStateUpdate: {"status":"downloading-updates","current":2,"total":6,"progress":60}
[2026-01-23 19:04:31.163] [info]  Splash.onStateUpdate: {"status":"downloading-updates","current":2,"total":6,"progress":60}
[2026-01-23 19:04:31.165] [info]  DiscordSplash.onStateUpdate: {"status":"downloading-updates","current":2,"total":6,"progress":62}
[2026-01-23 19:04:31.165] [info]  Splash.onStateUpdate: {"status":"downloading-updates","current":2,"total":6,"progress":62}
[2026-01-23 19:04:31.166] [info]  DiscordSplash.onStateUpdate: {"status":"downloading-updates","current":2,"total":6,"progress":64}
[2026-01-23 19:04:31.166] [info]  Splash.onStateUpdate: {"status":"downloading-updates","current":2,"total":6,"progress":64}
[2026-01-23 19:04:31.167] [info]  DiscordSplash.onStateUpdate: {"status":"downloading-updates","current":2,"total":6,"progress":67}
[2026-01-23 19:04:31.167] [info]  Splash.onStateUpdate: {"status":"downloading-updates","current":2,"total":6,"progress":67}
[2026-01-23 19:04:31.167] [info]  DiscordSplash.onStateUpdate: {"status":"downloading-updates","current":2,"total":6,"progress":73}
[2026-01-23 19:04:31.167] [info]  Splash.onStateUpdate: {"status":"downloading-updates","current":2,"total":6,"progress":73}
[2026-01-23 19:04:31.170] [info]  DiscordSplash.onStateUpdate: {"status":"downloading-updates","current":2,"total":6,"progress":74}
[2026-01-23 19:04:31.170] [info]  Splash.onStateUpdate: {"status":"downloading-updates","current":2,"total":6,"progress":74}
[2026-01-23 19:04:31.172] [info]  DiscordSplash.onStateUpdate: {"status":"downloading-updates","current":2,"total":6,"progress":75}
[2026-01-23 19:04:31.172] [info]  Splash.onStateUpdate: {"status":"downloading-updates","current":2,"total":6,"progress":75}
[2026-01-23 19:04:31.173] [info]  DiscordSplash.onStateUpdate: {"status":"downloading-updates","current":2,"total":6,"progress":76}
[2026-01-23 19:04:31.173] [info]  Splash.onStateUpdate: {"status":"downloading-updates","current":2,"total":6,"progress":76}
[2026-01-23 19:04:31.176] [info]  DiscordSplash.onStateUpdate: {"status":"downloading-updates","current":2,"total":6,"progress":77}
[2026-01-23 19:04:31.176] [info]  Splash.onStateUpdate: {"status":"downloading-updates","current":2,"total":6,"progress":77}
[2026-01-23 19:04:31.177] [info]  DiscordSplash.onStateUpdate: {"status":"downloading-updates","current":2,"total":6,"progress":78}
[2026-01-23 19:04:31.177] [info]  Splash.onStateUpdate: {"status":"downloading-updates","current":2,"total":6,"progress":78}
[2026-01-23 19:04:31.180] [info]  DiscordSplash.onStateUpdate: {"status":"downloading-updates","current":2,"total":6,"progress":79}
[2026-01-23 19:04:31.180] [info]  Splash.onStateUpdate: {"status":"downloading-updates","current":2,"total":6,"progress":79}
[2026-01-23 19:04:31.181] [info]  DiscordSplash.onStateUpdate: {"status":"downloading-updates","current":2,"total":6,"progress":80}
[2026-01-23 19:04:31.182] [info]  Splash.onStateUpdate: {"status":"downloading-updates","current":2,"total":6,"progress":80}
[2026-01-23 19:04:31.184] [info]  DiscordSplash.onStateUpdate: {"status":"downloading-updates","current":2,"total":6,"progress":81}
[2026-01-23 19:04:31.185] [info]  Splash.onStateUpdate: {"status":"downloading-updates","current":2,"total":6,"progress":81}
[2026-01-23 19:04:31.185] [info]  DiscordSplash.onStateUpdate: {"status":"downloading-updates","current":2,"total":6,"progress":82}
[2026-01-23 19:04:31.186] [info]  Splash.onStateUpdate: {"status":"downloading-updates","current":2,"total":6,"progress":82}
[2026-01-23 19:04:31.187] [info]  DiscordSplash.onStateUpdate: {"status":"downloading-updates","current":2,"total":6,"progress":83}
[2026-01-23 19:04:31.187] [info]  Splash.onStateUpdate: {"status":"downloading-updates","current":2,"total":6,"progress":83}
[2026-01-23 19:04:31.190] [info]  DiscordSplash.onStateUpdate: {"status":"downloading-updates","current":2,"total":6,"progress":84}
[2026-01-23 19:04:31.190] [info]  Splash.onStateUpdate: {"status":"downloading-updates","current":2,"total":6,"progress":84}
[2026-01-23 19:04:31.191] [info]  DiscordSplash.onStateUpdate: {"status":"downloading-updates","current":2,"total":6,"progress":85}
[2026-01-23 19:04:31.191] [info]  Splash.onStateUpdate: {"status":"downloading-updates","current":2,"total":6,"progress":85}
[2026-01-23 19:04:31.194] [info]  DiscordSplash.onStateUpdate: {"status":"downloading-updates","current":2,"total":6,"progress":86}
[2026-01-23 19:04:31.194] [info]  Splash.onStateUpdate: {"status":"downloading-updates","current":2,"total":6,"progress":86}
[2026-01-23 19:04:31.195] [info]  DiscordSplash.onStateUpdate: {"status":"downloading-updates","current":2,"total":6,"progress":87}
[2026-01-23 19:04:31.195] [info]  Splash.onStateUpdate: {"status":"downloading-updates","current":2,"total":6,"progress":87}
[2026-01-23 19:04:31.198] [info]  DiscordSplash.onStateUpdate: {"status":"downloading-updates","current":2,"total":6,"progress":88}
[2026-01-23 19:04:31.198] [info]  Splash.onStateUpdate: {"status":"downloading-updates","current":2,"total":6,"progress":88}
[2026-01-23 19:04:31.200] [info]  DiscordSplash.onStateUpdate: {"status":"downloading-updates","current":2,"total":6,"progress":89}
[2026-01-23 19:04:31.200] [info]  Splash.onStateUpdate: {"status":"downloading-updates","current":2,"total":6,"progress":89}
[2026-01-23 19:04:31.200] [info]  DiscordSplash.onStateUpdate: {"status":"downloading-updates","current":2,"total":6,"progress":90}
[2026-01-23 19:04:31.200] [info]  Splash.onStateUpdate: {"status":"downloading-updates","current":2,"total":6,"progress":90}
[2026-01-23 19:04:31.204] [info]  DiscordSplash.onStateUpdate: {"status":"downloading-updates","current":2,"total":6,"progress":91}
[2026-01-23 19:04:31.204] [info]  Splash.onStateUpdate: {"status":"downloading-updates","current":2,"total":6,"progress":91}
[2026-01-23 19:04:31.205] [info]  DiscordSplash.onStateUpdate: {"status":"downloading-updates","current":2,"total":6,"progress":92}
[2026-01-23 19:04:31.205] [info]  Splash.onStateUpdate: {"status":"downloading-updates","current":2,"total":6,"progress":92}
[2026-01-23 19:04:31.208] [info]  DiscordSplash.onStateUpdate: {"status":"downloading-updates","current":2,"total":6,"progress":93}
[2026-01-23 19:04:31.208] [info]  Splash.onStateUpdate: {"status":"downloading-updates","current":2,"total":6,"progress":93}
[2026-01-23 19:04:31.209] [info]  DiscordSplash.onStateUpdate: {"status":"downloading-updates","current":2,"total":6,"progress":94}
[2026-01-23 19:04:31.209] [info]  Splash.onStateUpdate: {"status":"downloading-updates","current":2,"total":6,"progress":94}
[2026-01-23 19:04:31.212] [info]  DiscordSplash.onStateUpdate: {"status":"downloading-updates","current":2,"total":6,"progress":95}
[2026-01-23 19:04:31.213] [info]  Splash.onStateUpdate: {"status":"downloading-updates","current":2,"total":6,"progress":95}
[2026-01-23 19:04:31.214] [info]  DiscordSplash.onStateUpdate: {"status":"downloading-updates","current":2,"total":6,"progress":96}
[2026-01-23 19:04:31.214] [info]  Splash.onStateUpdate: {"status":"downloading-updates","current":2,"total":6,"progress":96}
[2026-01-23 19:04:31.215] [info]  DiscordSplash.onStateUpdate: {"status":"downloading-updates","current":2,"total":6,"progress":97}
[2026-01-23 19:04:31.215] [info]  Splash.onStateUpdate: {"status":"downloading-updates","current":2,"total":6,"progress":97}
[2026-01-23 19:04:31.218] [info]  DiscordSplash.onStateUpdate: {"status":"downloading-updates","current":2,"total":6,"progress":98}
[2026-01-23 19:04:31.218] [info]  Splash.onStateUpdate: {"status":"downloading-updates","current":2,"total":6,"progress":98}
[2026-01-23 19:04:31.219] [info]  DiscordSplash.onStateUpdate: {"status":"downloading-updates","current":2,"total":6,"progress":99}
[2026-01-23 19:04:31.219] [info]  Splash.onStateUpdate: {"status":"downloading-updates","current":2,"total":6,"progress":99}
[2026-01-23 19:04:31.221] [info]  DiscordSplash.onStateUpdate: {"status":"downloading-updates","current":2,"total":6,"progress":100}
[2026-01-23 19:04:31.221] [info]  Splash.onStateUpdate: {"status":"downloading-updates","current":2,"total":6,"progress":100}
[2026-01-23 19:04:31.221] [info]  DiscordSplash.onStateUpdate: {"status":"downloading-updates","current":3,"total":6}
[2026-01-23 19:04:31.221] [info]  Splash.onStateUpdate: {"status":"downloading-updates","current":3,"total":6}
[2026-01-23 19:04:31.473] [info]  DiscordSplash.onStateUpdate: {"status":"downloading-updates","current":3,"total":6,"progress":1}
[2026-01-23 19:04:31.473] [info]  Splash.onStateUpdate: {"status":"downloading-updates","current":3,"total":6,"progress":1}
[2026-01-23 19:04:31.506] [info]  DiscordSplash.onStateUpdate: {"status":"downloading-updates","current":3,"total":6,"progress":2}
[2026-01-23 19:04:31.506] [info]  Splash.onStateUpdate: {"status":"downloading-updates","current":3,"total":6,"progress":2}
[2026-01-23 19:04:31.523] [info]  DiscordSplash.onStateUpdate: {"status":"downloading-updates","current":3,"total":6,"progress":3}
[2026-01-23 19:04:31.523] [info]  Splash.onStateUpdate: {"status":"downloading-updates","current":3,"total":6,"progress":3}
[2026-01-23 19:04:31.540] [info]  DiscordSplash.onStateUpdate: {"status":"downloading-updates","current":3,"total":6,"progress":4}
[2026-01-23 19:04:31.540] [info]  Splash.onStateUpdate: {"status":"downloading-updates","current":3,"total":6,"progress":4}
[2026-01-23 19:04:31.554] [info]  DiscordSplash.onStateUpdate: {"status":"downloading-updates","current":3,"total":6,"progress":5}
[2026-01-23 19:04:31.554] [info]  Splash.onStateUpdate: {"status":"downloading-updates","current":3,"total":6,"progress":5}
[2026-01-23 19:04:31.562] [info]  DiscordSplash.onStateUpdate: {"status":"downloading-updates","current":3,"total":6,"progress":6}
[2026-01-23 19:04:31.563] [info]  Splash.onStateUpdate: {"status":"downloading-updates","current":3,"total":6,"progress":6}
[2026-01-23 19:04:31.571] [info]  DiscordSplash.onStateUpdate: {"status":"downloading-updates","current":3,"total":6,"progress":7}
[2026-01-23 19:04:31.571] [info]  Splash.onStateUpdate: {"status":"downloading-updates","current":3,"total":6,"progress":7}
[2026-01-23 19:04:31.580] [info]  DiscordSplash.onStateUpdate: {"status":"downloading-updates","current":3,"total":6,"progress":8}
[2026-01-23 19:04:31.580] [info]  Splash.onStateUpdate: {"status":"downloading-updates","current":3,"total":6,"progress":8}
[2026-01-23 19:04:31.589] [info]  DiscordSplash.onStateUpdate: {"status":"downloading-updates","current":3,"total":6,"progress":9}
[2026-01-23 19:04:31.589] [info]  Splash.onStateUpdate: {"status":"downloading-updates","current":3,"total":6,"progress":9}
[2026-01-23 19:04:31.597] [info]  DiscordSplash.onStateUpdate: {"status":"downloading-updates","current":3,"total":6,"progress":10}
[2026-01-23 19:04:31.597] [info]  Splash.onStateUpdate: {"status":"downloading-updates","current":3,"total":6,"progress":10}
[2026-01-23 19:04:31.606] [info]  DiscordSplash.onStateUpdate: {"status":"downloading-updates","current":3,"total":6,"progress":11}
[2026-01-23 19:04:31.606] [info]  Splash.onStateUpdate: {"status":"downloading-updates","current":3,"total":6,"progress":11}
[2026-01-23 19:04:31.683] [info]  DiscordSplash.onStateUpdate: {"status":"downloading-updates","current":3,"total":6,"progress":12}
[2026-01-23 19:04:31.683] [info]  Splash.onStateUpdate: {"status":"downloading-updates","current":3,"total":6,"progress":12}
[2026-01-23 19:04:31.684] [info]  DiscordSplash.onStateUpdate: {"status":"downloading-updates","current":3,"total":6,"progress":13}
[2026-01-23 19:04:31.684] [info]  Splash.onStateUpdate: {"status":"downloading-updates","current":3,"total":6,"progress":13}
[2026-01-23 19:04:31.684] [info]  DiscordSplash.onStateUpdate: {"status":"downloading-updates","current":3,"total":6,"progress":16}
[2026-01-23 19:04:31.685] [info]  Splash.onStateUpdate: {"status":"downloading-updates","current":3,"total":6,"progress":16}
[2026-01-23 19:04:31.685] [info]  DiscordSplash.onStateUpdate: {"status":"downloading-updates","current":3,"total":6,"progress":18}
[2026-01-23 19:04:31.685] [info]  Splash.onStateUpdate: {"status":"downloading-updates","current":3,"total":6,"progress":18}
[2026-01-23 19:04:31.689] [info]  DiscordSplash.onStateUpdate: {"status":"downloading-updates","current":3,"total":6,"progress":19}
[2026-01-23 19:04:31.689] [info]  Splash.onStateUpdate: {"status":"downloading-updates","current":3,"total":6,"progress":19}
[2026-01-23 19:04:31.692] [info]  DiscordSplash.onStateUpdate: {"status":"downloading-updates","current":3,"total":6,"progress":20}
[2026-01-23 19:04:31.692] [info]  Splash.onStateUpdate: {"status":"downloading-updates","current":3,"total":6,"progress":20}
[2026-01-23 19:04:31.701] [info]  DiscordSplash.onStateUpdate: {"status":"downloading-updates","current":3,"total":6,"progress":21}
[2026-01-23 19:04:31.701] [info]  Splash.onStateUpdate: {"status":"downloading-updates","current":3,"total":6,"progress":21}
[2026-01-23 19:04:31.710] [info]  DiscordSplash.onStateUpdate: {"status":"downloading-updates","current":3,"total":6,"progress":22}
[2026-01-23 19:04:31.710] [info]  Splash.onStateUpdate: {"status":"downloading-updates","current":3,"total":6,"progress":22}
[2026-01-23 19:04:31.719] [info]  DiscordSplash.onStateUpdate: {"status":"downloading-updates","current":3,"total":6,"progress":23}
[2026-01-23 19:04:31.719] [info]  Splash.onStateUpdate: {"status":"downloading-updates","current":3,"total":6,"progress":23}
[2026-01-23 19:04:31.727] [info]  DiscordSplash.onStateUpdate: {"status":"downloading-updates","current":3,"total":6,"progress":24}
[2026-01-23 19:04:31.728] [info]  Splash.onStateUpdate: {"status":"downloading-updates","current":3,"total":6,"progress":24}
[2026-01-23 19:04:31.736] [info]  DiscordSplash.onStateUpdate: {"status":"downloading-updates","current":3,"total":6,"progress":25}
[2026-01-23 19:04:31.736] [info]  Splash.onStateUpdate: {"status":"downloading-updates","current":3,"total":6,"progress":25}
[2026-01-23 19:04:31.745] [info]  DiscordSplash.onStateUpdate: {"status":"downloading-updates","current":3,"total":6,"progress":26}
[2026-01-23 19:04:31.745] [info]  Splash.onStateUpdate: {"status":"downloading-updates","current":3,"total":6,"progress":26}
[2026-01-23 19:04:31.753] [info]  DiscordSplash.onStateUpdate: {"status":"downloading-updates","current":3,"total":6,"progress":27}
[2026-01-23 19:04:31.753] [info]  Splash.onStateUpdate: {"status":"downloading-updates","current":3,"total":6,"progress":27}
[2026-01-23 19:04:31.762] [info]  DiscordSplash.onStateUpdate: {"status":"downloading-updates","current":3,"total":6,"progress":28}
[2026-01-23 19:04:31.762] [info]  Splash.onStateUpdate: {"status":"downloading-updates","current":3,"total":6,"progress":28}
[2026-01-23 19:04:31.771] [info]  DiscordSplash.onStateUpdate: {"status":"downloading-updates","current":3,"total":6,"progress":29}
[2026-01-23 19:04:31.771] [info]  Splash.onStateUpdate: {"status":"downloading-updates","current":3,"total":6,"progress":29}
[2026-01-23 19:04:31.780] [info]  DiscordSplash.onStateUpdate: {"status":"downloading-updates","current":3,"total":6,"progress":30}
[2026-01-23 19:04:31.780] [info]  Splash.onStateUpdate: {"status":"downloading-updates","current":3,"total":6,"progress":30}
[2026-01-23 19:04:31.788] [info]  DiscordSplash.onStateUpdate: {"status":"downloading-updates","current":3,"total":6,"progress":31}
[2026-01-23 19:04:31.788] [info]  Splash.onStateUpdate: {"status":"downloading-updates","current":3,"total":6,"progress":31}
[2026-01-23 19:04:31.797] [info]  DiscordSplash.onStateUpdate: {"status":"downloading-updates","current":3,"total":6,"progress":32}
[2026-01-23 19:04:31.797] [info]  Splash.onStateUpdate: {"status":"downloading-updates","current":3,"total":6,"progress":32}
[2026-01-23 19:04:31.805] [info]  DiscordSplash.onStateUpdate: {"status":"downloading-updates","current":3,"total":6,"progress":33}
[2026-01-23 19:04:31.806] [info]  Splash.onStateUpdate: {"status":"downloading-updates","current":3,"total":6,"progress":33}
[2026-01-23 19:04:31.814] [info]  DiscordSplash.onStateUpdate: {"status":"downloading-updates","current":3,"total":6,"progress":34}
[2026-01-23 19:04:31.815] [info]  Splash.onStateUpdate: {"status":"downloading-updates","current":3,"total":6,"progress":34}
[2026-01-23 19:04:31.823] [info]  DiscordSplash.onStateUpdate: {"status":"downloading-updates","current":3,"total":6,"progress":35}
[2026-01-23 19:04:31.823] [info]  Splash.onStateUpdate: {"status":"downloading-updates","current":3,"total":6,"progress":35}
[2026-01-23 19:04:31.832] [info]  DiscordSplash.onStateUpdate: {"status":"downloading-updates","current":3,"total":6,"progress":36}
[2026-01-23 19:04:31.832] [info]  Splash.onStateUpdate: {"status":"downloading-updates","current":3,"total":6,"progress":36}
[2026-01-23 19:04:31.871] [info]  DiscordSplash.onStateUpdate: {"status":"downloading-updates","current":3,"total":6,"progress":37}
[2026-01-23 19:04:31.871] [info]  Splash.onStateUpdate: {"status":"downloading-updates","current":3,"total":6,"progress":37}
[2026-01-23 19:04:31.871] [info]  DiscordSplash.onStateUpdate: {"status":"downloading-updates","current":3,"total":6,"progress":39}
[2026-01-23 19:04:31.871] [info]  Splash.onStateUpdate: {"status":"downloading-updates","current":3,"total":6,"progress":39}
[2026-01-23 19:04:31.872] [info]  DiscordSplash.onStateUpdate: {"status":"downloading-updates","current":3,"total":6,"progress":40}
[2026-01-23 19:04:31.872] [info]  Splash.onStateUpdate: {"status":"downloading-updates","current":3,"total":6,"progress":40}
[2026-01-23 19:04:31.875] [info]  DiscordSplash.onStateUpdate: {"status":"downloading-updates","current":3,"total":6,"progress":41}
[2026-01-23 19:04:31.875] [info]  Splash.onStateUpdate: {"status":"downloading-updates","current":3,"total":6,"progress":41}
[2026-01-23 19:04:31.884] [info]  DiscordSplash.onStateUpdate: {"status":"downloading-updates","current":3,"total":6,"progress":42}
[2026-01-23 19:04:31.884] [info]  Splash.onStateUpdate: {"status":"downloading-updates","current":3,"total":6,"progress":42}
[2026-01-23 19:04:31.893] [info]  DiscordSplash.onStateUpdate: {"status":"downloading-updates","current":3,"total":6,"progress":43}
[2026-01-23 19:04:31.893] [info]  Splash.onStateUpdate: {"status":"downloading-updates","current":3,"total":6,"progress":43}
[2026-01-23 19:04:31.901] [info]  DiscordSplash.onStateUpdate: {"status":"downloading-updates","current":3,"total":6,"progress":44}
[2026-01-23 19:04:31.902] [info]  Splash.onStateUpdate: {"status":"downloading-updates","current":3,"total":6,"progress":44}
[2026-01-23 19:04:31.910] [info]  DiscordSplash.onStateUpdate: {"status":"downloading-updates","current":3,"total":6,"progress":45}
[2026-01-23 19:04:31.910] [info]  Splash.onStateUpdate: {"status":"downloading-updates","current":3,"total":6,"progress":45}
[2026-01-23 19:04:31.919] [info]  DiscordSplash.onStateUpdate: {"status":"downloading-updates","current":3,"total":6,"progress":46}
[2026-01-23 19:04:31.919] [info]  Splash.onStateUpdate: {"status":"downloading-updates","current":3,"total":6,"progress":46}
[2026-01-23 19:04:31.928] [info]  DiscordSplash.onStateUpdate: {"status":"downloading-updates","current":3,"total":6,"progress":47}
[2026-01-23 19:04:31.928] [info]  Splash.onStateUpdate: {"status":"downloading-updates","current":3,"total":6,"progress":47}
[2026-01-23 19:04:31.936] [info]  DiscordSplash.onStateUpdate: {"status":"downloading-updates","current":3,"total":6,"progress":48}
[2026-01-23 19:04:31.936] [info]  Splash.onStateUpdate: {"status":"downloading-updates","current":3,"total":6,"progress":48}
[2026-01-23 19:04:31.945] [info]  DiscordSplash.onStateUpdate: {"status":"downloading-updates","current":3,"total":6,"progress":49}
[2026-01-23 19:04:31.945] [info]  Splash.onStateUpdate: {"status":"downloading-updates","current":3,"total":6,"progress":49}
[2026-01-23 19:04:31.954] [info]  DiscordSplash.onStateUpdate: {"status":"downloading-updates","current":3,"total":6,"progress":50}
[2026-01-23 19:04:31.954] [info]  Splash.onStateUpdate: {"status":"downloading-updates","current":3,"total":6,"progress":50}
[2026-01-23 19:04:31.962] [info]  DiscordSplash.onStateUpdate: {"status":"downloading-updates","current":3,"total":6,"progress":51}
[2026-01-23 19:04:31.963] [info]  Splash.onStateUpdate: {"status":"downloading-updates","current":3,"total":6,"progress":51}
[2026-01-23 19:04:31.971] [info]  DiscordSplash.onStateUpdate: {"status":"downloading-updates","current":3,"total":6,"progress":52}
[2026-01-23 19:04:31.971] [info]  Splash.onStateUpdate: {"status":"downloading-updates","current":3,"total":6,"progress":52}
[2026-01-23 19:04:31.980] [info]  DiscordSplash.onStateUpdate: {"status":"downloading-updates","current":3,"total":6,"progress":53}
[2026-01-23 19:04:31.980] [info]  Splash.onStateUpdate: {"status":"downloading-updates","current":3,"total":6,"progress":53}
[2026-01-23 19:04:31.989] [info]  DiscordSplash.onStateUpdate: {"status":"downloading-updates","current":3,"total":6,"progress":54}
[2026-01-23 19:04:31.989] [info]  Splash.onStateUpdate: {"status":"downloading-updates","current":3,"total":6,"progress":54}
[2026-01-23 19:04:31.989] [info]  Splash.updateCountdownSeconds: undefined
[2026-01-23 19:04:31.997] [info]  DiscordSplash.onStateUpdate: {"status":"downloading-updates","current":3,"total":6,"progress":55}
[2026-01-23 19:04:31.997] [info]  Splash.onStateUpdate: {"status":"downloading-updates","current":3,"total":6,"progress":55}
[2026-01-23 19:04:32.006] [info]  DiscordSplash.onStateUpdate: {"status":"downloading-updates","current":3,"total":6,"progress":56}
[2026-01-23 19:04:32.006] [info]  Splash.onStateUpdate: {"status":"downloading-updates","current":3,"total":6,"progress":56}
[2026-01-23 19:04:32.015] [info]  DiscordSplash.onStateUpdate: {"status":"downloading-updates","current":3,"total":6,"progress":57}
[2026-01-23 19:04:32.015] [info]  Splash.onStateUpdate: {"status":"downloading-updates","current":3,"total":6,"progress":57}
[2026-01-23 19:04:32.023] [info]  DiscordSplash.onStateUpdate: {"status":"downloading-updates","current":3,"total":6,"progress":58}
[2026-01-23 19:04:32.024] [info]  Splash.onStateUpdate: {"status":"downloading-updates","current":3,"total":6,"progress":58}
[2026-01-23 19:04:32.032] [info]  DiscordSplash.onStateUpdate: {"status":"downloading-updates","current":3,"total":6,"progress":59}
[2026-01-23 19:04:32.032] [info]  Splash.onStateUpdate: {"status":"downloading-updates","current":3,"total":6,"progress":59}
[2026-01-23 19:04:32.041] [info]  DiscordSplash.onStateUpdate: {"status":"downloading-updates","current":3,"total":6,"progress":60}
[2026-01-23 19:04:32.041] [info]  Splash.onStateUpdate: {"status":"downloading-updates","current":3,"total":6,"progress":60}
[2026-01-23 19:04:32.049] [info]  DiscordSplash.onStateUpdate: {"status":"downloading-updates","current":3,"total":6,"progress":61}
[2026-01-23 19:04:32.049] [info]  Splash.onStateUpdate: {"status":"downloading-updates","current":3,"total":6,"progress":61}
[2026-01-23 19:04:32.091] [info]  DiscordSplash.onStateUpdate: {"status":"downloading-updates","current":3,"total":6,"progress":62}
[2026-01-23 19:04:32.092] [info]  Splash.onStateUpdate: {"status":"downloading-updates","current":3,"total":6,"progress":62}
[2026-01-23 19:04:32.097] [info]  DiscordSplash.onStateUpdate: {"status":"downloading-updates","current":3,"total":6,"progress":63}
[2026-01-23 19:04:32.097] [info]  Splash.onStateUpdate: {"status":"downloading-updates","current":3,"total":6,"progress":63}
[2026-01-23 19:04:32.105] [info]  DiscordSplash.onStateUpdate: {"status":"downloading-updates","current":3,"total":6,"progress":64}
[2026-01-23 19:04:32.105] [info]  Splash.onStateUpdate: {"status":"downloading-updates","current":3,"total":6,"progress":64}
[2026-01-23 19:04:32.105] [info]  DiscordSplash.onStateUpdate: {"status":"downloading-updates","current":3,"total":6,"progress":67}
[2026-01-23 19:04:32.105] [info]  Splash.onStateUpdate: {"status":"downloading-updates","current":3,"total":6,"progress":67}
[2026-01-23 19:04:32.110] [info]  DiscordSplash.onStateUpdate: {"status":"downloading-updates","current":3,"total":6,"progress":68}
[2026-01-23 19:04:32.111] [info]  Splash.onStateUpdate: {"status":"downloading-updates","current":3,"total":6,"progress":68}
[2026-01-23 19:04:32.119] [info]  DiscordSplash.onStateUpdate: {"status":"downloading-updates","current":3,"total":6,"progress":69}
[2026-01-23 19:04:32.119] [info]  Splash.onStateUpdate: {"status":"downloading-updates","current":3,"total":6,"progress":69}
[2026-01-23 19:04:32.128] [info]  DiscordSplash.onStateUpdate: {"status":"downloading-updates","current":3,"total":6,"progress":70}
[2026-01-23 19:04:32.128] [info]  Splash.onStateUpdate: {"status":"downloading-updates","current":3,"total":6,"progress":70}
[2026-01-23 19:04:32.137] [info]  DiscordSplash.onStateUpdate: {"status":"downloading-updates","current":3,"total":6,"progress":71}
[2026-01-23 19:04:32.137] [info]  Splash.onStateUpdate: {"status":"downloading-updates","current":3,"total":6,"progress":71}
[2026-01-23 19:04:32.145] [info]  DiscordSplash.onStateUpdate: {"status":"downloading-updates","current":3,"total":6,"progress":72}
[2026-01-23 19:04:32.146] [info]  Splash.onStateUpdate: {"status":"downloading-updates","current":3,"total":6,"progress":72}
[2026-01-23 19:04:32.154] [info]  DiscordSplash.onStateUpdate: {"status":"downloading-updates","current":3,"total":6,"progress":73}
[2026-01-23 19:04:32.154] [info]  Splash.onStateUpdate: {"status":"downloading-updates","current":3,"total":6,"progress":73}
[2026-01-23 19:04:32.163] [info]  DiscordSplash.onStateUpdate: {"status":"downloading-updates","current":3,"total":6,"progress":74}
[2026-01-23 19:04:32.163] [info]  Splash.onStateUpdate: {"status":"downloading-updates","current":3,"total":6,"progress":74}
[2026-01-23 19:04:32.171] [info]  DiscordSplash.onStateUpdate: {"status":"downloading-updates","current":3,"total":6,"progress":75}
[2026-01-23 19:04:32.172] [info]  Splash.onStateUpdate: {"status":"downloading-updates","current":3,"total":6,"progress":75}
[2026-01-23 19:04:32.180] [info]  DiscordSplash.onStateUpdate: {"status":"downloading-updates","current":3,"total":6,"progress":76}
[2026-01-23 19:04:32.180] [info]  Splash.onStateUpdate: {"status":"downloading-updates","current":3,"total":6,"progress":76}
[2026-01-23 19:04:32.189] [info]  DiscordSplash.onStateUpdate: {"status":"downloading-updates","current":3,"total":6,"progress":77}
[2026-01-23 19:04:32.189] [info]  Splash.onStateUpdate: {"status":"downloading-updates","current":3,"total":6,"progress":77}
[2026-01-23 19:04:32.198] [info]  DiscordSplash.onStateUpdate: {"status":"downloading-updates","current":3,"total":6,"progress":78}
[2026-01-23 19:04:32.198] [info]  Splash.onStateUpdate: {"status":"downloading-updates","current":3,"total":6,"progress":78}
[2026-01-23 19:04:32.206] [info]  DiscordSplash.onStateUpdate: {"status":"downloading-updates","current":3,"total":6,"progress":79}
[2026-01-23 19:04:32.206] [info]  Splash.onStateUpdate: {"status":"downloading-updates","current":3,"total":6,"progress":79}
[2026-01-23 19:04:32.215] [info]  DiscordSplash.onStateUpdate: {"status":"downloading-updates","current":3,"total":6,"progress":80}
[2026-01-23 19:04:32.215] [info]  Splash.onStateUpdate: {"status":"downloading-updates","current":3,"total":6,"progress":80}
[2026-01-23 19:04:32.224] [info]  DiscordSplash.onStateUpdate: {"status":"downloading-updates","current":3,"total":6,"progress":81}
[2026-01-23 19:04:32.224] [info]  Splash.onStateUpdate: {"status":"downloading-updates","current":3,"total":6,"progress":81}
[2026-01-23 19:04:32.232] [info]  DiscordSplash.onStateUpdate: {"status":"downloading-updates","current":3,"total":6,"progress":82}
[2026-01-23 19:04:32.232] [info]  Splash.onStateUpdate: {"status":"downloading-updates","current":3,"total":6,"progress":82}
[2026-01-23 19:04:32.241] [info]  DiscordSplash.onStateUpdate: {"status":"downloading-updates","current":3,"total":6,"progress":83}
[2026-01-23 19:04:32.241] [info]  Splash.onStateUpdate: {"status":"downloading-updates","current":3,"total":6,"progress":83}
[2026-01-23 19:04:32.250] [info]  DiscordSplash.onStateUpdate: {"status":"downloading-updates","current":3,"total":6,"progress":84}
[2026-01-23 19:04:32.250] [info]  Splash.onStateUpdate: {"status":"downloading-updates","current":3,"total":6,"progress":84}
[2026-01-23 19:04:32.258] [info]  DiscordSplash.onStateUpdate: {"status":"downloading-updates","current":3,"total":6,"progress":85}
[2026-01-23 19:04:32.259] [info]  Splash.onStateUpdate: {"status":"downloading-updates","current":3,"total":6,"progress":85}
[2026-01-23 19:04:32.267] [info]  DiscordSplash.onStateUpdate: {"status":"downloading-updates","current":3,"total":6,"progress":86}
[2026-01-23 19:04:32.267] [info]  Splash.onStateUpdate: {"status":"downloading-updates","current":3,"total":6,"progress":86}
[2026-01-23 19:04:32.276] [info]  DiscordSplash.onStateUpdate: {"status":"downloading-updates","current":3,"total":6,"progress":87}
[2026-01-23 19:04:32.276] [info]  Splash.onStateUpdate: {"status":"downloading-updates","current":3,"total":6,"progress":87}
[2026-01-23 19:04:32.284] [info]  DiscordSplash.onStateUpdate: {"status":"downloading-updates","current":3,"total":6,"progress":88}
[2026-01-23 19:04:32.285] [info]  Splash.onStateUpdate: {"status":"downloading-updates","current":3,"total":6,"progress":88}
[2026-01-23 19:04:32.293] [info]  DiscordSplash.onStateUpdate: {"status":"downloading-updates","current":3,"total":6,"progress":89}
[2026-01-23 19:04:32.293] [info]  Splash.onStateUpdate: {"status":"downloading-updates","current":3,"total":6,"progress":89}
[2026-01-23 19:04:32.334] [info]  DiscordSplash.onStateUpdate: {"status":"downloading-updates","current":3,"total":6,"progress":90}
[2026-01-23 19:04:32.335] [info]  Splash.onStateUpdate: {"status":"downloading-updates","current":3,"total":6,"progress":90}
[2026-01-23 19:04:32.338] [info]  DiscordSplash.onStateUpdate: {"status":"downloading-updates","current":3,"total":6,"progress":91}
[2026-01-23 19:04:32.338] [info]  Splash.onStateUpdate: {"status":"downloading-updates","current":3,"total":6,"progress":91}
[2026-01-23 19:04:32.338] [info]  DiscordSplash.onStateUpdate: {"status":"downloading-updates","current":3,"total":6,"progress":92}
[2026-01-23 19:04:32.338] [info]  Splash.onStateUpdate: {"status":"downloading-updates","current":3,"total":6,"progress":92}
[2026-01-23 19:04:32.338] [info]  DiscordSplash.onStateUpdate: {"status":"downloading-updates","current":3,"total":6,"progress":94}
[2026-01-23 19:04:32.338] [info]  Splash.onStateUpdate: {"status":"downloading-updates","current":3,"total":6,"progress":94}
[2026-01-23 19:04:32.345] [info]  DiscordSplash.onStateUpdate: {"status":"downloading-updates","current":3,"total":6,"progress":95}
[2026-01-23 19:04:32.346] [info]  Splash.onStateUpdate: {"status":"downloading-updates","current":3,"total":6,"progress":95}
[2026-01-23 19:04:32.354] [info]  DiscordSplash.onStateUpdate: {"status":"downloading-updates","current":3,"total":6,"progress":96}
[2026-01-23 19:04:32.354] [info]  Splash.onStateUpdate: {"status":"downloading-updates","current":3,"total":6,"progress":96}
[2026-01-23 19:04:32.363] [info]  DiscordSplash.onStateUpdate: {"status":"downloading-updates","current":3,"total":6,"progress":97}
[2026-01-23 19:04:32.363] [info]  Splash.onStateUpdate: {"status":"downloading-updates","current":3,"total":6,"progress":97}
[2026-01-23 19:04:32.371] [info]  DiscordSplash.onStateUpdate: {"status":"downloading-updates","current":3,"total":6,"progress":98}
[2026-01-23 19:04:32.372] [info]  Splash.onStateUpdate: {"status":"downloading-updates","current":3,"total":6,"progress":98}
[2026-01-23 19:04:32.381] [info]  DiscordSplash.onStateUpdate: {"status":"downloading-updates","current":3,"total":6,"progress":99}
[2026-01-23 19:04:32.381] [info]  Splash.onStateUpdate: {"status":"downloading-updates","current":3,"total":6,"progress":99}
[2026-01-23 19:04:32.391] [info]  DiscordSplash.onStateUpdate: {"status":"downloading-updates","current":3,"total":6,"progress":100}
[2026-01-23 19:04:32.391] [info]  Splash.onStateUpdate: {"status":"downloading-updates","current":3,"total":6,"progress":100}
[2026-01-23 19:04:32.391] [info]  DiscordSplash.onStateUpdate: {"status":"downloading-updates","current":4,"total":6}
[2026-01-23 19:04:32.391] [info]  Splash.onStateUpdate: {"status":"downloading-updates","current":4,"total":6}
[2026-01-23 19:04:32.616] [info]  DiscordSplash.onStateUpdate: {"status":"downloading-updates","current":4,"total":6,"progress":1}
[2026-01-23 19:04:32.616] [info]  Splash.onStateUpdate: {"status":"downloading-updates","current":4,"total":6,"progress":1}
[2026-01-23 19:04:32.620] [info]  DiscordSplash.onStateUpdate: {"status":"downloading-updates","current":4,"total":6,"progress":2}
[2026-01-23 19:04:32.620] [info]  Splash.onStateUpdate: {"status":"downloading-updates","current":4,"total":6,"progress":2}
[2026-01-23 19:04:32.625] [info]  DiscordSplash.onStateUpdate: {"status":"downloading-updates","current":4,"total":6,"progress":3}
[2026-01-23 19:04:32.625] [info]  Splash.onStateUpdate: {"status":"downloading-updates","current":4,"total":6,"progress":3}
[2026-01-23 19:04:32.629] [info]  DiscordSplash.onStateUpdate: {"status":"downloading-updates","current":4,"total":6,"progress":4}
[2026-01-23 19:04:32.629] [info]  Splash.onStateUpdate: {"status":"downloading-updates","current":4,"total":6,"progress":4}
[2026-01-23 19:04:32.633] [info]  DiscordSplash.onStateUpdate: {"status":"downloading-updates","current":4,"total":6,"progress":5}
[2026-01-23 19:04:32.633] [info]  Splash.onStateUpdate: {"status":"downloading-updates","current":4,"total":6,"progress":5}
[2026-01-23 19:04:32.638] [info]  DiscordSplash.onStateUpdate: {"status":"downloading-updates","current":4,"total":6,"progress":6}
[2026-01-23 19:04:32.638] [info]  Splash.onStateUpdate: {"status":"downloading-updates","current":4,"total":6,"progress":6}
[2026-01-23 19:04:32.642] [info]  DiscordSplash.onStateUpdate: {"status":"downloading-updates","current":4,"total":6,"progress":7}
[2026-01-23 19:04:32.643] [info]  Splash.onStateUpdate: {"status":"downloading-updates","current":4,"total":6,"progress":7}
[2026-01-23 19:04:32.647] [info]  DiscordSplash.onStateUpdate: {"status":"downloading-updates","current":4,"total":6,"progress":8}
[2026-01-23 19:04:32.647] [info]  Splash.onStateUpdate: {"status":"downloading-updates","current":4,"total":6,"progress":8}
[2026-01-23 19:04:32.651] [info]  DiscordSplash.onStateUpdate: {"status":"downloading-updates","current":4,"total":6,"progress":9}
[2026-01-23 19:04:32.651] [info]  Splash.onStateUpdate: {"status":"downloading-updates","current":4,"total":6,"progress":9}
[2026-01-23 19:04:32.655] [info]  DiscordSplash.onStateUpdate: {"status":"downloading-updates","current":4,"total":6,"progress":10}
[2026-01-23 19:04:32.655] [info]  Splash.onStateUpdate: {"status":"downloading-updates","current":4,"total":6,"progress":10}
[2026-01-23 19:04:32.660] [info]  DiscordSplash.onStateUpdate: {"status":"downloading-updates","current":4,"total":6,"progress":11}
[2026-01-23 19:04:32.660] [info]  Splash.onStateUpdate: {"status":"downloading-updates","current":4,"total":6,"progress":11}
[2026-01-23 19:04:32.664] [info]  DiscordSplash.onStateUpdate: {"status":"downloading-updates","current":4,"total":6,"progress":12}
[2026-01-23 19:04:32.664] [info]  Splash.onStateUpdate: {"status":"downloading-updates","current":4,"total":6,"progress":12}
[2026-01-23 19:04:32.668] [info]  DiscordSplash.onStateUpdate: {"status":"downloading-updates","current":4,"total":6,"progress":13}
[2026-01-23 19:04:32.669] [info]  Splash.onStateUpdate: {"status":"downloading-updates","current":4,"total":6,"progress":13}
[2026-01-23 19:04:32.673] [info]  DiscordSplash.onStateUpdate: {"status":"downloading-updates","current":4,"total":6,"progress":14}
[2026-01-23 19:04:32.673] [info]  Splash.onStateUpdate: {"status":"downloading-updates","current":4,"total":6,"progress":14}
[2026-01-23 19:04:32.677] [info]  DiscordSplash.onStateUpdate: {"status":"downloading-updates","current":4,"total":6,"progress":15}
[2026-01-23 19:04:32.678] [info]  Splash.onStateUpdate: {"status":"downloading-updates","current":4,"total":6,"progress":15}
[2026-01-23 19:04:32.682] [info]  DiscordSplash.onStateUpdate: {"status":"downloading-updates","current":4,"total":6,"progress":16}
[2026-01-23 19:04:32.682] [info]  Splash.onStateUpdate: {"status":"downloading-updates","current":4,"total":6,"progress":16}
[2026-01-23 19:04:32.686] [info]  DiscordSplash.onStateUpdate: {"status":"downloading-updates","current":4,"total":6,"progress":17}
[2026-01-23 19:04:32.686] [info]  Splash.onStateUpdate: {"status":"downloading-updates","current":4,"total":6,"progress":17}
[2026-01-23 19:04:32.691] [info]  DiscordSplash.onStateUpdate: {"status":"downloading-updates","current":4,"total":6,"progress":18}
[2026-01-23 19:04:32.691] [info]  Splash.onStateUpdate: {"status":"downloading-updates","current":4,"total":6,"progress":18}
[2026-01-23 19:04:32.695] [info]  DiscordSplash.onStateUpdate: {"status":"downloading-updates","current":4,"total":6,"progress":19}
[2026-01-23 19:04:32.695] [info]  Splash.onStateUpdate: {"status":"downloading-updates","current":4,"total":6,"progress":19}
[2026-01-23 19:04:32.699] [info]  DiscordSplash.onStateUpdate: {"status":"downloading-updates","current":4,"total":6,"progress":20}
[2026-01-23 19:04:32.699] [info]  Splash.onStateUpdate: {"status":"downloading-updates","current":4,"total":6,"progress":20}
[2026-01-23 19:04:32.703] [info]  DiscordSplash.onStateUpdate: {"status":"downloading-updates","current":4,"total":6,"progress":21}
[2026-01-23 19:04:32.704] [info]  Splash.onStateUpdate: {"status":"downloading-updates","current":4,"total":6,"progress":21}
[2026-01-23 19:04:32.708] [info]  DiscordSplash.onStateUpdate: {"status":"downloading-updates","current":4,"total":6,"progress":22}
[2026-01-23 19:04:32.708] [info]  Splash.onStateUpdate: {"status":"downloading-updates","current":4,"total":6,"progress":22}
[2026-01-23 19:04:32.712] [info]  DiscordSplash.onStateUpdate: {"status":"downloading-updates","current":4,"total":6,"progress":23}
[2026-01-23 19:04:32.712] [info]  Splash.onStateUpdate: {"status":"downloading-updates","current":4,"total":6,"progress":23}
[2026-01-23 19:04:32.717] [info]  DiscordSplash.onStateUpdate: {"status":"downloading-updates","current":4,"total":6,"progress":24}
[2026-01-23 19:04:32.717] [info]  Splash.onStateUpdate: {"status":"downloading-updates","current":4,"total":6,"progress":24}
[2026-01-23 19:04:32.721] [info]  DiscordSplash.onStateUpdate: {"status":"downloading-updates","current":4,"total":6,"progress":25}
[2026-01-23 19:04:32.721] [info]  Splash.onStateUpdate: {"status":"downloading-updates","current":4,"total":6,"progress":25}
[2026-01-23 19:04:32.725] [info]  DiscordSplash.onStateUpdate: {"status":"downloading-updates","current":4,"total":6,"progress":26}
[2026-01-23 19:04:32.726] [info]  Splash.onStateUpdate: {"status":"downloading-updates","current":4,"total":6,"progress":26}
[2026-01-23 19:04:32.730] [info]  DiscordSplash.onStateUpdate: {"status":"downloading-updates","current":4,"total":6,"progress":27}
[2026-01-23 19:04:32.730] [info]  Splash.onStateUpdate: {"status":"downloading-updates","current":4,"total":6,"progress":27}
[2026-01-23 19:04:32.734] [info]  DiscordSplash.onStateUpdate: {"status":"downloading-updates","current":4,"total":6,"progress":28}
[2026-01-23 19:04:32.734] [info]  Splash.onStateUpdate: {"status":"downloading-updates","current":4,"total":6,"progress":28}
[2026-01-23 19:04:32.739] [info]  DiscordSplash.onStateUpdate: {"status":"downloading-updates","current":4,"total":6,"progress":29}
[2026-01-23 19:04:32.739] [info]  Splash.onStateUpdate: {"status":"downloading-updates","current":4,"total":6,"progress":29}
[2026-01-23 19:04:32.743] [info]  DiscordSplash.onStateUpdate: {"status":"downloading-updates","current":4,"total":6,"progress":30}
[2026-01-23 19:04:32.743] [info]  Splash.onStateUpdate: {"status":"downloading-updates","current":4,"total":6,"progress":30}
[2026-01-23 19:04:32.747] [info]  DiscordSplash.onStateUpdate: {"status":"downloading-updates","current":4,"total":6,"progress":31}
[2026-01-23 19:04:32.747] [info]  Splash.onStateUpdate: {"status":"downloading-updates","current":4,"total":6,"progress":31}
[2026-01-23 19:04:32.752] [info]  DiscordSplash.onStateUpdate: {"status":"downloading-updates","current":4,"total":6,"progress":32}
[2026-01-23 19:04:32.752] [info]  Splash.onStateUpdate: {"status":"downloading-updates","current":4,"total":6,"progress":32}
[2026-01-23 19:04:32.756] [info]  DiscordSplash.onStateUpdate: {"status":"downloading-updates","current":4,"total":6,"progress":33}
[2026-01-23 19:04:32.756] [info]  Splash.onStateUpdate: {"status":"downloading-updates","current":4,"total":6,"progress":33}
[2026-01-23 19:04:32.761] [info]  DiscordSplash.onStateUpdate: {"status":"downloading-updates","current":4,"total":6,"progress":34}
[2026-01-23 19:04:32.761] [info]  Splash.onStateUpdate: {"status":"downloading-updates","current":4,"total":6,"progress":34}
[2026-01-23 19:04:32.765] [info]  DiscordSplash.onStateUpdate: {"status":"downloading-updates","current":4,"total":6,"progress":35}
[2026-01-23 19:04:32.765] [info]  Splash.onStateUpdate: {"status":"downloading-updates","current":4,"total":6,"progress":35}
[2026-01-23 19:04:32.769] [info]  DiscordSplash.onStateUpdate: {"status":"downloading-updates","current":4,"total":6,"progress":36}
[2026-01-23 19:04:32.769] [info]  Splash.onStateUpdate: {"status":"downloading-updates","current":4,"total":6,"progress":36}
[2026-01-23 19:04:32.774] [info]  DiscordSplash.onStateUpdate: {"status":"downloading-updates","current":4,"total":6,"progress":37}
[2026-01-23 19:04:32.774] [info]  Splash.onStateUpdate: {"status":"downloading-updates","current":4,"total":6,"progress":37}
[2026-01-23 19:04:32.778] [info]  DiscordSplash.onStateUpdate: {"status":"downloading-updates","current":4,"total":6,"progress":38}
[2026-01-23 19:04:32.778] [info]  Splash.onStateUpdate: {"status":"downloading-updates","current":4,"total":6,"progress":38}
[2026-01-23 19:04:32.782] [info]  DiscordSplash.onStateUpdate: {"status":"downloading-updates","current":4,"total":6,"progress":39}
[2026-01-23 19:04:32.782] [info]  Splash.onStateUpdate: {"status":"downloading-updates","current":4,"total":6,"progress":39}
[2026-01-23 19:04:32.787] [info]  DiscordSplash.onStateUpdate: {"status":"downloading-updates","current":4,"total":6,"progress":40}
[2026-01-23 19:04:32.787] [info]  Splash.onStateUpdate: {"status":"downloading-updates","current":4,"total":6,"progress":40}
[2026-01-23 19:04:32.791] [info]  DiscordSplash.onStateUpdate: {"status":"downloading-updates","current":4,"total":6,"progress":41}
[2026-01-23 19:04:32.791] [info]  Splash.onStateUpdate: {"status":"downloading-updates","current":4,"total":6,"progress":41}
[2026-01-23 19:04:32.795] [info]  DiscordSplash.onStateUpdate: {"status":"downloading-updates","current":4,"total":6,"progress":42}
[2026-01-23 19:04:32.796] [info]  Splash.onStateUpdate: {"status":"downloading-updates","current":4,"total":6,"progress":42}
[2026-01-23 19:04:32.800] [info]  DiscordSplash.onStateUpdate: {"status":"downloading-updates","current":4,"total":6,"progress":43}
[2026-01-23 19:04:32.800] [info]  Splash.onStateUpdate: {"status":"downloading-updates","current":4,"total":6,"progress":43}
[2026-01-23 19:04:32.804] [info]  DiscordSplash.onStateUpdate: {"status":"downloading-updates","current":4,"total":6,"progress":44}
[2026-01-23 19:04:32.804] [info]  Splash.onStateUpdate: {"status":"downloading-updates","current":4,"total":6,"progress":44}
[2026-01-23 19:04:32.811] [info]  DiscordSplash.onStateUpdate: {"status":"downloading-updates","current":4,"total":6,"progress":45}
[2026-01-23 19:04:32.811] [info]  Splash.onStateUpdate: {"status":"downloading-updates","current":4,"total":6,"progress":45}
[2026-01-23 19:04:32.813] [info]  DiscordSplash.onStateUpdate: {"status":"downloading-updates","current":4,"total":6,"progress":46}
[2026-01-23 19:04:32.813] [info]  Splash.onStateUpdate: {"status":"downloading-updates","current":4,"total":6,"progress":46}
[2026-01-23 19:04:32.817] [info]  DiscordSplash.onStateUpdate: {"status":"downloading-updates","current":4,"total":6,"progress":47}
[2026-01-23 19:04:32.817] [info]  Splash.onStateUpdate: {"status":"downloading-updates","current":4,"total":6,"progress":47}
[2026-01-23 19:04:32.822] [info]  DiscordSplash.onStateUpdate: {"status":"downloading-updates","current":4,"total":6,"progress":48}
[2026-01-23 19:04:32.822] [info]  Splash.onStateUpdate: {"status":"downloading-updates","current":4,"total":6,"progress":48}
[2026-01-23 19:04:32.828] [info]  DiscordSplash.onStateUpdate: {"status":"downloading-updates","current":4,"total":6,"progress":49}
[2026-01-23 19:04:32.828] [info]  Splash.onStateUpdate: {"status":"downloading-updates","current":4,"total":6,"progress":49}
[2026-01-23 19:04:32.832] [info]  DiscordSplash.onStateUpdate: {"status":"downloading-updates","current":4,"total":6,"progress":50}
[2026-01-23 19:04:32.832] [info]  Splash.onStateUpdate: {"status":"downloading-updates","current":4,"total":6,"progress":50}
[2026-01-23 19:04:32.836] [info]  DiscordSplash.onStateUpdate: {"status":"downloading-updates","current":4,"total":6,"progress":51}
[2026-01-23 19:04:32.837] [info]  Splash.onStateUpdate: {"status":"downloading-updates","current":4,"total":6,"progress":51}
[2026-01-23 19:04:32.841] [info]  DiscordSplash.onStateUpdate: {"status":"downloading-updates","current":4,"total":6,"progress":52}
[2026-01-23 19:04:32.841] [info]  Splash.onStateUpdate: {"status":"downloading-updates","current":4,"total":6,"progress":52}
[2026-01-23 19:04:32.845] [info]  DiscordSplash.onStateUpdate: {"status":"downloading-updates","current":4,"total":6,"progress":53}
[2026-01-23 19:04:32.845] [info]  Splash.onStateUpdate: {"status":"downloading-updates","current":4,"total":6,"progress":53}
[2026-01-23 19:04:32.849] [info]  DiscordSplash.onStateUpdate: {"status":"downloading-updates","current":4,"total":6,"progress":54}
[2026-01-23 19:04:32.850] [info]  Splash.onStateUpdate: {"status":"downloading-updates","current":4,"total":6,"progress":54}
[2026-01-23 19:04:32.854] [info]  DiscordSplash.onStateUpdate: {"status":"downloading-updates","current":4,"total":6,"progress":55}
[2026-01-23 19:04:32.854] [info]  Splash.onStateUpdate: {"status":"downloading-updates","current":4,"total":6,"progress":55}
[2026-01-23 19:04:32.858] [info]  DiscordSplash.onStateUpdate: {"status":"downloading-updates","current":4,"total":6,"progress":56}
[2026-01-23 19:04:32.859] [info]  Splash.onStateUpdate: {"status":"downloading-updates","current":4,"total":6,"progress":56}
[2026-01-23 19:04:32.863] [info]  DiscordSplash.onStateUpdate: {"status":"downloading-updates","current":4,"total":6,"progress":57}
[2026-01-23 19:04:32.863] [info]  Splash.onStateUpdate: {"status":"downloading-updates","current":4,"total":6,"progress":57}
[2026-01-23 19:04:32.867] [info]  DiscordSplash.onStateUpdate: {"status":"downloading-updates","current":4,"total":6,"progress":58}
[2026-01-23 19:04:32.867] [info]  Splash.onStateUpdate: {"status":"downloading-updates","current":4,"total":6,"progress":58}
[2026-01-23 19:04:32.871] [info]  DiscordSplash.onStateUpdate: {"status":"downloading-updates","current":4,"total":6,"progress":59}
[2026-01-23 19:04:32.872] [info]  Splash.onStateUpdate: {"status":"downloading-updates","current":4,"total":6,"progress":59}
[2026-01-23 19:04:32.876] [info]  DiscordSplash.onStateUpdate: {"status":"downloading-updates","current":4,"total":6,"progress":60}
[2026-01-23 19:04:32.876] [info]  Splash.onStateUpdate: {"status":"downloading-updates","current":4,"total":6,"progress":60}
[2026-01-23 19:04:32.880] [info]  DiscordSplash.onStateUpdate: {"status":"downloading-updates","current":4,"total":6,"progress":61}
[2026-01-23 19:04:32.880] [info]  Splash.onStateUpdate: {"status":"downloading-updates","current":4,"total":6,"progress":61}
[2026-01-23 19:04:32.884] [info]  DiscordSplash.onStateUpdate: {"status":"downloading-updates","current":4,"total":6,"progress":62}
[2026-01-23 19:04:32.885] [info]  Splash.onStateUpdate: {"status":"downloading-updates","current":4,"total":6,"progress":62}
[2026-01-23 19:04:32.889] [info]  DiscordSplash.onStateUpdate: {"status":"downloading-updates","current":4,"total":6,"progress":63}
[2026-01-23 19:04:32.889] [info]  Splash.onStateUpdate: {"status":"downloading-updates","current":4,"total":6,"progress":63}
[2026-01-23 19:04:32.893] [info]  DiscordSplash.onStateUpdate: {"status":"downloading-updates","current":4,"total":6,"progress":64}
[2026-01-23 19:04:32.894] [info]  Splash.onStateUpdate: {"status":"downloading-updates","current":4,"total":6,"progress":64}
[2026-01-23 19:04:32.898] [info]  DiscordSplash.onStateUpdate: {"status":"downloading-updates","current":4,"total":6,"progress":65}
[2026-01-23 19:04:32.898] [info]  Splash.onStateUpdate: {"status":"downloading-updates","current":4,"total":6,"progress":65}
[2026-01-23 19:04:32.902] [info]  DiscordSplash.onStateUpdate: {"status":"downloading-updates","current":4,"total":6,"progress":66}
[2026-01-23 19:04:32.902] [info]  Splash.onStateUpdate: {"status":"downloading-updates","current":4,"total":6,"progress":66}
[2026-01-23 19:04:32.907] [info]  DiscordSplash.onStateUpdate: {"status":"downloading-updates","current":4,"total":6,"progress":67}
[2026-01-23 19:04:32.907] [info]  Splash.onStateUpdate: {"status":"downloading-updates","current":4,"total":6,"progress":67}
[2026-01-23 19:04:32.911] [info]  DiscordSplash.onStateUpdate: {"status":"downloading-updates","current":4,"total":6,"progress":68}
[2026-01-23 19:04:32.911] [info]  Splash.onStateUpdate: {"status":"downloading-updates","current":4,"total":6,"progress":68}
[2026-01-23 19:04:32.915] [info]  DiscordSplash.onStateUpdate: {"status":"downloading-updates","current":4,"total":6,"progress":69}
[2026-01-23 19:04:32.915] [info]  Splash.onStateUpdate: {"status":"downloading-updates","current":4,"total":6,"progress":69}
[2026-01-23 19:04:32.920] [info]  DiscordSplash.onStateUpdate: {"status":"downloading-updates","current":4,"total":6,"progress":70}
[2026-01-23 19:04:32.920] [info]  Splash.onStateUpdate: {"status":"downloading-updates","current":4,"total":6,"progress":70}
[2026-01-23 19:04:32.924] [info]  DiscordSplash.onStateUpdate: {"status":"downloading-updates","current":4,"total":6,"progress":71}
[2026-01-23 19:04:32.925] [info]  Splash.onStateUpdate: {"status":"downloading-updates","current":4,"total":6,"progress":71}
[2026-01-23 19:04:32.929] [info]  DiscordSplash.onStateUpdate: {"status":"downloading-updates","current":4,"total":6,"progress":72}
[2026-01-23 19:04:32.929] [info]  Splash.onStateUpdate: {"status":"downloading-updates","current":4,"total":6,"progress":72}
[2026-01-23 19:04:32.933] [info]  DiscordSplash.onStateUpdate: {"status":"downloading-updates","current":4,"total":6,"progress":73}
[2026-01-23 19:04:32.933] [info]  Splash.onStateUpdate: {"status":"downloading-updates","current":4,"total":6,"progress":73}
[2026-01-23 19:04:32.937] [info]  DiscordSplash.onStateUpdate: {"status":"downloading-updates","current":4,"total":6,"progress":74}
[2026-01-23 19:04:32.937] [info]  Splash.onStateUpdate: {"status":"downloading-updates","current":4,"total":6,"progress":74}
[2026-01-23 19:04:32.942] [info]  DiscordSplash.onStateUpdate: {"status":"downloading-updates","current":4,"total":6,"progress":75}
[2026-01-23 19:04:32.942] [info]  Splash.onStateUpdate: {"status":"downloading-updates","current":4,"total":6,"progress":75}
[2026-01-23 19:04:32.946] [info]  DiscordSplash.onStateUpdate: {"status":"downloading-updates","current":4,"total":6,"progress":76}
[2026-01-23 19:04:32.946] [info]  Splash.onStateUpdate: {"status":"downloading-updates","current":4,"total":6,"progress":76}
[2026-01-23 19:04:32.950] [info]  DiscordSplash.onStateUpdate: {"status":"downloading-updates","current":4,"total":6,"progress":77}
[2026-01-23 19:04:32.951] [info]  Splash.onStateUpdate: {"status":"downloading-updates","current":4,"total":6,"progress":77}
[2026-01-23 19:04:32.955] [info]  DiscordSplash.onStateUpdate: {"status":"downloading-updates","current":4,"total":6,"progress":78}
[2026-01-23 19:04:32.955] [info]  Splash.onStateUpdate: {"status":"downloading-updates","current":4,"total":6,"progress":78}
[2026-01-23 19:04:32.959] [info]  DiscordSplash.onStateUpdate: {"status":"downloading-updates","current":4,"total":6,"progress":79}
[2026-01-23 19:04:32.960] [info]  Splash.onStateUpdate: {"status":"downloading-updates","current":4,"total":6,"progress":79}
[2026-01-23 19:04:32.964] [info]  DiscordSplash.onStateUpdate: {"status":"downloading-updates","current":4,"total":6,"progress":80}
[2026-01-23 19:04:32.964] [info]  Splash.onStateUpdate: {"status":"downloading-updates","current":4,"total":6,"progress":80}
[2026-01-23 19:04:32.968] [info]  DiscordSplash.onStateUpdate: {"status":"downloading-updates","current":4,"total":6,"progress":81}
[2026-01-23 19:04:32.968] [info]  Splash.onStateUpdate: {"status":"downloading-updates","current":4,"total":6,"progress":81}
[2026-01-23 19:04:32.989] [info]  Splash.updateCountdownSeconds: undefined
[2026-01-23 19:04:33.004] [info]  DiscordSplash.onStateUpdate: {"status":"downloading-updates","current":4,"total":6,"progress":82}
[2026-01-23 19:04:33.005] [info]  Splash.onStateUpdate: {"status":"downloading-updates","current":4,"total":6,"progress":82}
[2026-01-23 19:04:33.007] [info]  DiscordSplash.onStateUpdate: {"status":"downloading-updates","current":4,"total":6,"progress":84}
[2026-01-23 19:04:33.007] [info]  Splash.onStateUpdate: {"status":"downloading-updates","current":4,"total":6,"progress":84}
[2026-01-23 19:04:33.008] [info]  DiscordSplash.onStateUpdate: {"status":"downloading-updates","current":4,"total":6,"progress":87}
[2026-01-23 19:04:33.008] [info]  Splash.onStateUpdate: {"status":"downloading-updates","current":4,"total":6,"progress":87}
[2026-01-23 19:04:33.008] [info]  DiscordSplash.onStateUpdate: {"status":"downloading-updates","current":4,"total":6,"progress":90}
[2026-01-23 19:04:33.008] [info]  Splash.onStateUpdate: {"status":"downloading-updates","current":4,"total":6,"progress":90}
[2026-01-23 19:04:33.012] [info]  DiscordSplash.onStateUpdate: {"status":"downloading-updates","current":4,"total":6,"progress":91}
[2026-01-23 19:04:33.012] [info]  Splash.onStateUpdate: {"status":"downloading-updates","current":4,"total":6,"progress":91}
[2026-01-23 19:04:33.016] [info]  DiscordSplash.onStateUpdate: {"status":"downloading-updates","current":4,"total":6,"progress":92}
[2026-01-23 19:04:33.016] [info]  Splash.onStateUpdate: {"status":"downloading-updates","current":4,"total":6,"progress":92}
[2026-01-23 19:04:33.021] [info]  DiscordSplash.onStateUpdate: {"status":"downloading-updates","current":4,"total":6,"progress":93}
[2026-01-23 19:04:33.021] [info]  Splash.onStateUpdate: {"status":"downloading-updates","current":4,"total":6,"progress":93}
[2026-01-23 19:04:33.025] [info]  DiscordSplash.onStateUpdate: {"status":"downloading-updates","current":4,"total":6,"progress":94}
[2026-01-23 19:04:33.025] [info]  Splash.onStateUpdate: {"status":"downloading-updates","current":4,"total":6,"progress":94}
[2026-01-23 19:04:33.029] [info]  DiscordSplash.onStateUpdate: {"status":"downloading-updates","current":4,"total":6,"progress":95}
[2026-01-23 19:04:33.030] [info]  Splash.onStateUpdate: {"status":"downloading-updates","current":4,"total":6,"progress":95}
[2026-01-23 19:04:33.034] [info]  DiscordSplash.onStateUpdate: {"status":"downloading-updates","current":4,"total":6,"progress":96}
[2026-01-23 19:04:33.034] [info]  Splash.onStateUpdate: {"status":"downloading-updates","current":4,"total":6,"progress":96}
[2026-01-23 19:04:33.038] [info]  DiscordSplash.onStateUpdate: {"status":"downloading-updates","current":4,"total":6,"progress":97}
[2026-01-23 19:04:33.038] [info]  Splash.onStateUpdate: {"status":"downloading-updates","current":4,"total":6,"progress":97}
[2026-01-23 19:04:33.043] [info]  DiscordSplash.onStateUpdate: {"status":"downloading-updates","current":4,"total":6,"progress":98}
[2026-01-23 19:04:33.043] [info]  Splash.onStateUpdate: {"status":"downloading-updates","current":4,"total":6,"progress":98}
[2026-01-23 19:04:33.047] [info]  DiscordSplash.onStateUpdate: {"status":"downloading-updates","current":4,"total":6,"progress":99}
[2026-01-23 19:04:33.047] [info]  Splash.onStateUpdate: {"status":"downloading-updates","current":4,"total":6,"progress":99}
[2026-01-23 19:04:33.052] [info]  DiscordSplash.onStateUpdate: {"status":"downloading-updates","current":4,"total":6,"progress":100}
[2026-01-23 19:04:33.052] [info]  Splash.onStateUpdate: {"status":"downloading-updates","current":4,"total":6,"progress":100}
[2026-01-23 19:04:33.053] [info]  DiscordSplash.onStateUpdate: {"status":"downloading-updates","current":5,"total":6}
[2026-01-23 19:04:33.053] [info]  Splash.onStateUpdate: {"status":"downloading-updates","current":5,"total":6}
[2026-01-23 19:04:33.312] [info]  DiscordSplash.onStateUpdate: {"status":"downloading-updates","current":5,"total":6,"progress":1}
[2026-01-23 19:04:33.312] [info]  Splash.onStateUpdate: {"status":"downloading-updates","current":5,"total":6,"progress":1}
[2026-01-23 19:04:33.334] [info]  DiscordSplash.onStateUpdate: {"status":"downloading-updates","current":5,"total":6,"progress":2}
[2026-01-23 19:04:33.335] [info]  Splash.onStateUpdate: {"status":"downloading-updates","current":5,"total":6,"progress":2}
[2026-01-23 19:04:33.357] [info]  DiscordSplash.onStateUpdate: {"status":"downloading-updates","current":5,"total":6,"progress":3}
[2026-01-23 19:04:33.357] [info]  Splash.onStateUpdate: {"status":"downloading-updates","current":5,"total":6,"progress":3}
[2026-01-23 19:04:33.380] [info]  DiscordSplash.onStateUpdate: {"status":"downloading-updates","current":5,"total":6,"progress":4}
[2026-01-23 19:04:33.380] [info]  Splash.onStateUpdate: {"status":"downloading-updates","current":5,"total":6,"progress":4}
[2026-01-23 19:04:33.402] [info]  DiscordSplash.onStateUpdate: {"status":"downloading-updates","current":5,"total":6,"progress":5}
[2026-01-23 19:04:33.403] [info]  Splash.onStateUpdate: {"status":"downloading-updates","current":5,"total":6,"progress":5}
[2026-01-23 19:04:33.425] [info]  DiscordSplash.onStateUpdate: {"status":"downloading-updates","current":5,"total":6,"progress":6}
[2026-01-23 19:04:33.425] [info]  Splash.onStateUpdate: {"status":"downloading-updates","current":5,"total":6,"progress":6}
[2026-01-23 19:04:33.448] [info]  DiscordSplash.onStateUpdate: {"status":"downloading-updates","current":5,"total":6,"progress":7}
[2026-01-23 19:04:33.448] [info]  Splash.onStateUpdate: {"status":"downloading-updates","current":5,"total":6,"progress":7}
[2026-01-23 19:04:33.471] [info]  DiscordSplash.onStateUpdate: {"status":"downloading-updates","current":5,"total":6,"progress":8}
[2026-01-23 19:04:33.471] [info]  Splash.onStateUpdate: {"status":"downloading-updates","current":5,"total":6,"progress":8}
[2026-01-23 19:04:33.494] [info]  DiscordSplash.onStateUpdate: {"status":"downloading-updates","current":5,"total":6,"progress":9}
[2026-01-23 19:04:33.494] [info]  Splash.onStateUpdate: {"status":"downloading-updates","current":5,"total":6,"progress":9}
[2026-01-23 19:04:33.516] [info]  DiscordSplash.onStateUpdate: {"status":"downloading-updates","current":5,"total":6,"progress":10}
[2026-01-23 19:04:33.516] [info]  Splash.onStateUpdate: {"status":"downloading-updates","current":5,"total":6,"progress":10}
[2026-01-23 19:04:33.539] [info]  DiscordSplash.onStateUpdate: {"status":"downloading-updates","current":5,"total":6,"progress":11}
[2026-01-23 19:04:33.539] [info]  Splash.onStateUpdate: {"status":"downloading-updates","current":5,"total":6,"progress":11}
[2026-01-23 19:04:33.562] [info]  DiscordSplash.onStateUpdate: {"status":"downloading-updates","current":5,"total":6,"progress":12}
[2026-01-23 19:04:33.562] [info]  Splash.onStateUpdate: {"status":"downloading-updates","current":5,"total":6,"progress":12}
[2026-01-23 19:04:33.584] [info]  DiscordSplash.onStateUpdate: {"status":"downloading-updates","current":5,"total":6,"progress":13}
[2026-01-23 19:04:33.584] [info]  Splash.onStateUpdate: {"status":"downloading-updates","current":5,"total":6,"progress":13}
[2026-01-23 19:04:33.607] [info]  DiscordSplash.onStateUpdate: {"status":"downloading-updates","current":5,"total":6,"progress":14}
[2026-01-23 19:04:33.607] [info]  Splash.onStateUpdate: {"status":"downloading-updates","current":5,"total":6,"progress":14}
[2026-01-23 19:04:33.630] [info]  DiscordSplash.onStateUpdate: {"status":"downloading-updates","current":5,"total":6,"progress":15}
[2026-01-23 19:04:33.630] [info]  Splash.onStateUpdate: {"status":"downloading-updates","current":5,"total":6,"progress":15}
[2026-01-23 19:04:33.652] [info]  DiscordSplash.onStateUpdate: {"status":"downloading-updates","current":5,"total":6,"progress":16}
[2026-01-23 19:04:33.652] [info]  Splash.onStateUpdate: {"status":"downloading-updates","current":5,"total":6,"progress":16}
[2026-01-23 19:04:33.675] [info]  DiscordSplash.onStateUpdate: {"status":"downloading-updates","current":5,"total":6,"progress":17}
[2026-01-23 19:04:33.675] [info]  Splash.onStateUpdate: {"status":"downloading-updates","current":5,"total":6,"progress":17}
[2026-01-23 19:04:33.698] [info]  DiscordSplash.onStateUpdate: {"status":"downloading-updates","current":5,"total":6,"progress":18}
[2026-01-23 19:04:33.698] [info]  Splash.onStateUpdate: {"status":"downloading-updates","current":5,"total":6,"progress":18}
[2026-01-23 19:04:33.724] [info]  DiscordSplash.onStateUpdate: {"status":"downloading-updates","current":5,"total":6,"progress":19}
[2026-01-23 19:04:33.724] [info]  Splash.onStateUpdate: {"status":"downloading-updates","current":5,"total":6,"progress":19}
[2026-01-23 19:04:33.744] [info]  DiscordSplash.onStateUpdate: {"status":"downloading-updates","current":5,"total":6,"progress":20}
[2026-01-23 19:04:33.744] [info]  Splash.onStateUpdate: {"status":"downloading-updates","current":5,"total":6,"progress":20}
[2026-01-23 19:04:33.766] [info]  DiscordSplash.onStateUpdate: {"status":"downloading-updates","current":5,"total":6,"progress":21}
[2026-01-23 19:04:33.767] [info]  Splash.onStateUpdate: {"status":"downloading-updates","current":5,"total":6,"progress":21}
[2026-01-23 19:04:33.789] [info]  DiscordSplash.onStateUpdate: {"status":"downloading-updates","current":5,"total":6,"progress":22}
[2026-01-23 19:04:33.789] [info]  Splash.onStateUpdate: {"status":"downloading-updates","current":5,"total":6,"progress":22}
[2026-01-23 19:04:33.812] [info]  DiscordSplash.onStateUpdate: {"status":"downloading-updates","current":5,"total":6,"progress":23}
[2026-01-23 19:04:33.812] [info]  Splash.onStateUpdate: {"status":"downloading-updates","current":5,"total":6,"progress":23}
[2026-01-23 19:04:33.835] [info]  DiscordSplash.onStateUpdate: {"status":"downloading-updates","current":5,"total":6,"progress":24}
[2026-01-23 19:04:33.835] [info]  Splash.onStateUpdate: {"status":"downloading-updates","current":5,"total":6,"progress":24}
[2026-01-23 19:04:33.857] [info]  DiscordSplash.onStateUpdate: {"status":"downloading-updates","current":5,"total":6,"progress":25}
[2026-01-23 19:04:33.857] [info]  Splash.onStateUpdate: {"status":"downloading-updates","current":5,"total":6,"progress":25}
[2026-01-23 19:04:33.914] [info]  DiscordSplash.onStateUpdate: {"status":"downloading-updates","current":5,"total":6,"progress":26}
[2026-01-23 19:04:33.914] [info]  Splash.onStateUpdate: {"status":"downloading-updates","current":5,"total":6,"progress":26}
[2026-01-23 19:04:33.920] [info]  DiscordSplash.onStateUpdate: {"status":"downloading-updates","current":5,"total":6,"progress":27}
[2026-01-23 19:04:33.920] [info]  Splash.onStateUpdate: {"status":"downloading-updates","current":5,"total":6,"progress":27}
[2026-01-23 19:04:33.926] [info]  DiscordSplash.onStateUpdate: {"status":"downloading-updates","current":5,"total":6,"progress":28}
[2026-01-23 19:04:33.926] [info]  Splash.onStateUpdate: {"status":"downloading-updates","current":5,"total":6,"progress":28}
[2026-01-23 19:04:33.949] [info]  DiscordSplash.onStateUpdate: {"status":"downloading-updates","current":5,"total":6,"progress":29}
[2026-01-23 19:04:33.949] [info]  Splash.onStateUpdate: {"status":"downloading-updates","current":5,"total":6,"progress":29}
[2026-01-23 19:04:33.971] [info]  DiscordSplash.onStateUpdate: {"status":"downloading-updates","current":5,"total":6,"progress":30}
[2026-01-23 19:04:33.972] [info]  Splash.onStateUpdate: {"status":"downloading-updates","current":5,"total":6,"progress":30}
[2026-01-23 19:04:33.989] [info]  Splash.updateCountdownSeconds: undefined
[2026-01-23 19:04:33.995] [info]  DiscordSplash.onStateUpdate: {"status":"downloading-updates","current":5,"total":6,"progress":31}
[2026-01-23 19:04:33.996] [info]  Splash.onStateUpdate: {"status":"downloading-updates","current":5,"total":6,"progress":31}
[2026-01-23 19:04:34.020] [info]  DiscordSplash.onStateUpdate: {"status":"downloading-updates","current":5,"total":6,"progress":32}
[2026-01-23 19:04:34.021] [info]  Splash.onStateUpdate: {"status":"downloading-updates","current":5,"total":6,"progress":32}
[2026-01-23 19:04:34.086] [info]  DiscordSplash.onStateUpdate: {"status":"downloading-updates","current":5,"total":6,"progress":33}
[2026-01-23 19:04:34.086] [info]  Splash.onStateUpdate: {"status":"downloading-updates","current":5,"total":6,"progress":33}
[2026-01-23 19:04:34.106] [info]  DiscordSplash.onStateUpdate: {"status":"downloading-updates","current":5,"total":6,"progress":34}
[2026-01-23 19:04:34.106] [info]  Splash.onStateUpdate: {"status":"downloading-updates","current":5,"total":6,"progress":34}
[2026-01-23 19:04:34.119] [info]  DiscordSplash.onStateUpdate: {"status":"downloading-updates","current":5,"total":6,"progress":35}
[2026-01-23 19:04:34.119] [info]  Splash.onStateUpdate: {"status":"downloading-updates","current":5,"total":6,"progress":35}
[2026-01-23 19:04:34.121] [info]  DiscordSplash.onStateUpdate: {"status":"downloading-updates","current":5,"total":6,"progress":36}
[2026-01-23 19:04:34.121] [info]  Splash.onStateUpdate: {"status":"downloading-updates","current":5,"total":6,"progress":36}
[2026-01-23 19:04:34.143] [info]  DiscordSplash.onStateUpdate: {"status":"downloading-updates","current":5,"total":6,"progress":37}
[2026-01-23 19:04:34.143] [info]  Splash.onStateUpdate: {"status":"downloading-updates","current":5,"total":6,"progress":37}
[2026-01-23 19:04:34.166] [info]  DiscordSplash.onStateUpdate: {"status":"downloading-updates","current":5,"total":6,"progress":38}
[2026-01-23 19:04:34.166] [info]  Splash.onStateUpdate: {"status":"downloading-updates","current":5,"total":6,"progress":38}
[2026-01-23 19:04:34.189] [info]  DiscordSplash.onStateUpdate: {"status":"downloading-updates","current":5,"total":6,"progress":39}
[2026-01-23 19:04:34.189] [info]  Splash.onStateUpdate: {"status":"downloading-updates","current":5,"total":6,"progress":39}
[2026-01-23 19:04:34.212] [info]  DiscordSplash.onStateUpdate: {"status":"downloading-updates","current":5,"total":6,"progress":40}
[2026-01-23 19:04:34.212] [info]  Splash.onStateUpdate: {"status":"downloading-updates","current":5,"total":6,"progress":40}
[2026-01-23 19:04:34.234] [info]  DiscordSplash.onStateUpdate: {"status":"downloading-updates","current":5,"total":6,"progress":41}
[2026-01-23 19:04:34.234] [info]  Splash.onStateUpdate: {"status":"downloading-updates","current":5,"total":6,"progress":41}
[2026-01-23 19:04:34.257] [info]  DiscordSplash.onStateUpdate: {"status":"downloading-updates","current":5,"total":6,"progress":42}
[2026-01-23 19:04:34.257] [info]  Splash.onStateUpdate: {"status":"downloading-updates","current":5,"total":6,"progress":42}
[2026-01-23 19:04:34.280] [info]  DiscordSplash.onStateUpdate: {"status":"downloading-updates","current":5,"total":6,"progress":43}
[2026-01-23 19:04:34.280] [info]  Splash.onStateUpdate: {"status":"downloading-updates","current":5,"total":6,"progress":43}
[2026-01-23 19:04:34.302] [info]  DiscordSplash.onStateUpdate: {"status":"downloading-updates","current":5,"total":6,"progress":44}
[2026-01-23 19:04:34.302] [info]  Splash.onStateUpdate: {"status":"downloading-updates","current":5,"total":6,"progress":44}
[2026-01-23 19:04:34.325] [info]  DiscordSplash.onStateUpdate: {"status":"downloading-updates","current":5,"total":6,"progress":45}
[2026-01-23 19:04:34.325] [info]  Splash.onStateUpdate: {"status":"downloading-updates","current":5,"total":6,"progress":45}
[2026-01-23 19:04:34.348] [info]  DiscordSplash.onStateUpdate: {"status":"downloading-updates","current":5,"total":6,"progress":46}
[2026-01-23 19:04:34.348] [info]  Splash.onStateUpdate: {"status":"downloading-updates","current":5,"total":6,"progress":46}
[2026-01-23 19:04:34.370] [info]  DiscordSplash.onStateUpdate: {"status":"downloading-updates","current":5,"total":6,"progress":47}
[2026-01-23 19:04:34.371] [info]  Splash.onStateUpdate: {"status":"downloading-updates","current":5,"total":6,"progress":47}
[2026-01-23 19:04:34.393] [info]  DiscordSplash.onStateUpdate: {"status":"downloading-updates","current":5,"total":6,"progress":48}
[2026-01-23 19:04:34.393] [info]  Splash.onStateUpdate: {"status":"downloading-updates","current":5,"total":6,"progress":48}
[2026-01-23 19:04:34.416] [info]  DiscordSplash.onStateUpdate: {"status":"downloading-updates","current":5,"total":6,"progress":49}
[2026-01-23 19:04:34.416] [info]  Splash.onStateUpdate: {"status":"downloading-updates","current":5,"total":6,"progress":49}
[2026-01-23 19:04:34.438] [info]  DiscordSplash.onStateUpdate: {"status":"downloading-updates","current":5,"total":6,"progress":50}
[2026-01-23 19:04:34.439] [info]  Splash.onStateUpdate: {"status":"downloading-updates","current":5,"total":6,"progress":50}
[2026-01-23 19:04:34.461] [info]  DiscordSplash.onStateUpdate: {"status":"downloading-updates","current":5,"total":6,"progress":51}
[2026-01-23 19:04:34.461] [info]  Splash.onStateUpdate: {"status":"downloading-updates","current":5,"total":6,"progress":51}
[2026-01-23 19:04:34.484] [info]  DiscordSplash.onStateUpdate: {"status":"downloading-updates","current":5,"total":6,"progress":52}
[2026-01-23 19:04:34.484] [info]  Splash.onStateUpdate: {"status":"downloading-updates","current":5,"total":6,"progress":52}
[2026-01-23 19:04:34.508] [info]  DiscordSplash.onStateUpdate: {"status":"downloading-updates","current":5,"total":6,"progress":53}
[2026-01-23 19:04:34.509] [info]  Splash.onStateUpdate: {"status":"downloading-updates","current":5,"total":6,"progress":53}
[2026-01-23 19:04:34.531] [info]  DiscordSplash.onStateUpdate: {"status":"downloading-updates","current":5,"total":6,"progress":54}
[2026-01-23 19:04:34.531] [info]  Splash.onStateUpdate: {"status":"downloading-updates","current":5,"total":6,"progress":54}
[2026-01-23 19:04:34.554] [info]  DiscordSplash.onStateUpdate: {"status":"downloading-updates","current":5,"total":6,"progress":55}
[2026-01-23 19:04:34.554] [info]  Splash.onStateUpdate: {"status":"downloading-updates","current":5,"total":6,"progress":55}
[2026-01-23 19:04:34.576] [info]  DiscordSplash.onStateUpdate: {"status":"downloading-updates","current":5,"total":6,"progress":56}
[2026-01-23 19:04:34.577] [info]  Splash.onStateUpdate: {"status":"downloading-updates","current":5,"total":6,"progress":56}
[2026-01-23 19:04:34.625] [info]  DiscordSplash.onStateUpdate: {"status":"downloading-updates","current":5,"total":6,"progress":57}
[2026-01-23 19:04:34.626] [info]  Splash.onStateUpdate: {"status":"downloading-updates","current":5,"total":6,"progress":57}
[2026-01-23 19:04:34.626] [info]  DiscordSplash.onStateUpdate: {"status":"downloading-updates","current":5,"total":6,"progress":58}
[2026-01-23 19:04:34.626] [info]  Splash.onStateUpdate: {"status":"downloading-updates","current":5,"total":6,"progress":58}
[2026-01-23 19:04:34.644] [info]  DiscordSplash.onStateUpdate: {"status":"downloading-updates","current":5,"total":6,"progress":59}
[2026-01-23 19:04:34.645] [info]  Splash.onStateUpdate: {"status":"downloading-updates","current":5,"total":6,"progress":59}
[2026-01-23 19:04:34.667] [info]  DiscordSplash.onStateUpdate: {"status":"downloading-updates","current":5,"total":6,"progress":60}
[2026-01-23 19:04:34.667] [info]  Splash.onStateUpdate: {"status":"downloading-updates","current":5,"total":6,"progress":60}
[2026-01-23 19:04:34.690] [info]  DiscordSplash.onStateUpdate: {"status":"downloading-updates","current":5,"total":6,"progress":61}
[2026-01-23 19:04:34.690] [info]  Splash.onStateUpdate: {"status":"downloading-updates","current":5,"total":6,"progress":61}
[2026-01-23 19:04:34.712] [info]  DiscordSplash.onStateUpdate: {"status":"downloading-updates","current":5,"total":6,"progress":62}
[2026-01-23 19:04:34.713] [info]  Splash.onStateUpdate: {"status":"downloading-updates","current":5,"total":6,"progress":62}
[2026-01-23 19:04:34.735] [info]  DiscordSplash.onStateUpdate: {"status":"downloading-updates","current":5,"total":6,"progress":63}
[2026-01-23 19:04:34.735] [info]  Splash.onStateUpdate: {"status":"downloading-updates","current":5,"total":6,"progress":63}
[2026-01-23 19:04:34.760] [info]  DiscordSplash.onStateUpdate: {"status":"downloading-updates","current":5,"total":6,"progress":64}
[2026-01-23 19:04:34.760] [info]  Splash.onStateUpdate: {"status":"downloading-updates","current":5,"total":6,"progress":64}
[2026-01-23 19:04:34.780] [info]  DiscordSplash.onStateUpdate: {"status":"downloading-updates","current":5,"total":6,"progress":65}
[2026-01-23 19:04:34.781] [info]  Splash.onStateUpdate: {"status":"downloading-updates","current":5,"total":6,"progress":65}
[2026-01-23 19:04:34.803] [info]  DiscordSplash.onStateUpdate: {"status":"downloading-updates","current":5,"total":6,"progress":66}
[2026-01-23 19:04:34.803] [info]  Splash.onStateUpdate: {"status":"downloading-updates","current":5,"total":6,"progress":66}
[2026-01-23 19:04:34.857] [info]  DiscordSplash.onStateUpdate: {"status":"downloading-updates","current":5,"total":6,"progress":67}
[2026-01-23 19:04:34.858] [info]  Splash.onStateUpdate: {"status":"downloading-updates","current":5,"total":6,"progress":67}
[2026-01-23 19:04:34.858] [info]  DiscordSplash.onStateUpdate: {"status":"downloading-updates","current":5,"total":6,"progress":68}
[2026-01-23 19:04:34.858] [info]  Splash.onStateUpdate: {"status":"downloading-updates","current":5,"total":6,"progress":68}
[2026-01-23 19:04:34.871] [info]  DiscordSplash.onStateUpdate: {"status":"downloading-updates","current":5,"total":6,"progress":69}
[2026-01-23 19:04:34.871] [info]  Splash.onStateUpdate: {"status":"downloading-updates","current":5,"total":6,"progress":69}
[2026-01-23 19:04:34.894] [info]  DiscordSplash.onStateUpdate: {"status":"downloading-updates","current":5,"total":6,"progress":70}
[2026-01-23 19:04:34.894] [info]  Splash.onStateUpdate: {"status":"downloading-updates","current":5,"total":6,"progress":70}
[2026-01-23 19:04:34.917] [info]  DiscordSplash.onStateUpdate: {"status":"downloading-updates","current":5,"total":6,"progress":71}
[2026-01-23 19:04:34.917] [info]  Splash.onStateUpdate: {"status":"downloading-updates","current":5,"total":6,"progress":71}
[2026-01-23 19:04:34.939] [info]  DiscordSplash.onStateUpdate: {"status":"downloading-updates","current":5,"total":6,"progress":72}
[2026-01-23 19:04:34.940] [info]  Splash.onStateUpdate: {"status":"downloading-updates","current":5,"total":6,"progress":72}
[2026-01-23 19:04:34.962] [info]  DiscordSplash.onStateUpdate: {"status":"downloading-updates","current":5,"total":6,"progress":73}
[2026-01-23 19:04:34.962] [info]  Splash.onStateUpdate: {"status":"downloading-updates","current":5,"total":6,"progress":73}
[2026-01-23 19:04:34.985] [info]  DiscordSplash.onStateUpdate: {"status":"downloading-updates","current":5,"total":6,"progress":74}
[2026-01-23 19:04:34.985] [info]  Splash.onStateUpdate: {"status":"downloading-updates","current":5,"total":6,"progress":74}
[2026-01-23 19:04:34.989] [info]  Splash.updateCountdownSeconds: undefined
[2026-01-23 19:04:35.007] [info]  DiscordSplash.onStateUpdate: {"status":"downloading-updates","current":5,"total":6,"progress":75}
[2026-01-23 19:04:35.008] [info]  Splash.onStateUpdate: {"status":"downloading-updates","current":5,"total":6,"progress":75}
[2026-01-23 19:04:35.030] [info]  DiscordSplash.onStateUpdate: {"status":"downloading-updates","current":5,"total":6,"progress":76}
[2026-01-23 19:04:35.030] [info]  Splash.onStateUpdate: {"status":"downloading-updates","current":5,"total":6,"progress":76}
[2026-01-23 19:04:35.085] [info]  DiscordSplash.onStateUpdate: {"status":"downloading-updates","current":5,"total":6,"progress":77}
[2026-01-23 19:04:35.085] [info]  Splash.onStateUpdate: {"status":"downloading-updates","current":5,"total":6,"progress":77}
[2026-01-23 19:04:35.088] [info]  DiscordSplash.onStateUpdate: {"status":"downloading-updates","current":5,"total":6,"progress":78}
[2026-01-23 19:04:35.088] [info]  Splash.onStateUpdate: {"status":"downloading-updates","current":5,"total":6,"progress":78}
[2026-01-23 19:04:35.098] [info]  DiscordSplash.onStateUpdate: {"status":"downloading-updates","current":5,"total":6,"progress":79}
[2026-01-23 19:04:35.098] [info]  Splash.onStateUpdate: {"status":"downloading-updates","current":5,"total":6,"progress":79}
[2026-01-23 19:04:35.121] [info]  DiscordSplash.onStateUpdate: {"status":"downloading-updates","current":5,"total":6,"progress":80}
[2026-01-23 19:04:35.121] [info]  Splash.onStateUpdate: {"status":"downloading-updates","current":5,"total":6,"progress":80}
[2026-01-23 19:04:35.144] [info]  DiscordSplash.onStateUpdate: {"status":"downloading-updates","current":5,"total":6,"progress":81}
[2026-01-23 19:04:35.144] [info]  Splash.onStateUpdate: {"status":"downloading-updates","current":5,"total":6,"progress":81}
[2026-01-23 19:04:35.166] [info]  DiscordSplash.onStateUpdate: {"status":"downloading-updates","current":5,"total":6,"progress":82}
[2026-01-23 19:04:35.166] [info]  Splash.onStateUpdate: {"status":"downloading-updates","current":5,"total":6,"progress":82}
[2026-01-23 19:04:35.189] [info]  DiscordSplash.onStateUpdate: {"status":"downloading-updates","current":5,"total":6,"progress":83}
[2026-01-23 19:04:35.189] [info]  Splash.onStateUpdate: {"status":"downloading-updates","current":5,"total":6,"progress":83}
[2026-01-23 19:04:35.212] [info]  DiscordSplash.onStateUpdate: {"status":"downloading-updates","current":5,"total":6,"progress":84}
[2026-01-23 19:04:35.212] [info]  Splash.onStateUpdate: {"status":"downloading-updates","current":5,"total":6,"progress":84}
[2026-01-23 19:04:35.234] [info]  DiscordSplash.onStateUpdate: {"status":"downloading-updates","current":5,"total":6,"progress":85}
[2026-01-23 19:04:35.235] [info]  Splash.onStateUpdate: {"status":"downloading-updates","current":5,"total":6,"progress":85}
[2026-01-23 19:04:35.257] [info]  DiscordSplash.onStateUpdate: {"status":"downloading-updates","current":5,"total":6,"progress":86}
[2026-01-23 19:04:35.257] [info]  Splash.onStateUpdate: {"status":"downloading-updates","current":5,"total":6,"progress":86}
[2026-01-23 19:04:35.280] [info]  DiscordSplash.onStateUpdate: {"status":"downloading-updates","current":5,"total":6,"progress":87}
[2026-01-23 19:04:35.280] [info]  Splash.onStateUpdate: {"status":"downloading-updates","current":5,"total":6,"progress":87}
[2026-01-23 19:04:35.324] [info]  DiscordSplash.onStateUpdate: {"status":"downloading-updates","current":5,"total":6,"progress":88}
[2026-01-23 19:04:35.325] [info]  Splash.onStateUpdate: {"status":"downloading-updates","current":5,"total":6,"progress":88}
[2026-01-23 19:04:35.325] [info]  DiscordSplash.onStateUpdate: {"status":"downloading-updates","current":5,"total":6,"progress":89}
[2026-01-23 19:04:35.325] [info]  Splash.onStateUpdate: {"status":"downloading-updates","current":5,"total":6,"progress":89}
[2026-01-23 19:04:35.348] [info]  DiscordSplash.onStateUpdate: {"status":"downloading-updates","current":5,"total":6,"progress":90}
[2026-01-23 19:04:35.348] [info]  Splash.onStateUpdate: {"status":"downloading-updates","current":5,"total":6,"progress":90}
[2026-01-23 19:04:35.370] [info]  DiscordSplash.onStateUpdate: {"status":"downloading-updates","current":5,"total":6,"progress":91}
[2026-01-23 19:04:35.371] [info]  Splash.onStateUpdate: {"status":"downloading-updates","current":5,"total":6,"progress":91}
[2026-01-23 19:04:35.394] [info]  DiscordSplash.onStateUpdate: {"status":"downloading-updates","current":5,"total":6,"progress":92}
[2026-01-23 19:04:35.394] [info]  Splash.onStateUpdate: {"status":"downloading-updates","current":5,"total":6,"progress":92}
[2026-01-23 19:04:35.416] [info]  DiscordSplash.onStateUpdate: {"status":"downloading-updates","current":5,"total":6,"progress":93}
[2026-01-23 19:04:35.417] [info]  Splash.onStateUpdate: {"status":"downloading-updates","current":5,"total":6,"progress":93}
[2026-01-23 19:04:35.439] [info]  DiscordSplash.onStateUpdate: {"status":"downloading-updates","current":5,"total":6,"progress":94}
[2026-01-23 19:04:35.439] [info]  Splash.onStateUpdate: {"status":"downloading-updates","current":5,"total":6,"progress":94}
[2026-01-23 19:04:35.462] [info]  DiscordSplash.onStateUpdate: {"status":"downloading-updates","current":5,"total":6,"progress":95}
[2026-01-23 19:04:35.462] [info]  Splash.onStateUpdate: {"status":"downloading-updates","current":5,"total":6,"progress":95}
[2026-01-23 19:04:35.484] [info]  DiscordSplash.onStateUpdate: {"status":"downloading-updates","current":5,"total":6,"progress":96}
[2026-01-23 19:04:35.485] [info]  Splash.onStateUpdate: {"status":"downloading-updates","current":5,"total":6,"progress":96}
[2026-01-23 19:04:35.507] [info]  DiscordSplash.onStateUpdate: {"status":"downloading-updates","current":5,"total":6,"progress":97}
[2026-01-23 19:04:35.507] [info]  Splash.onStateUpdate: {"status":"downloading-updates","current":5,"total":6,"progress":97}
[2026-01-23 19:04:35.559] [info]  DiscordSplash.onStateUpdate: {"status":"downloading-updates","current":5,"total":6,"progress":98}
[2026-01-23 19:04:35.559] [info]  Splash.onStateUpdate: {"status":"downloading-updates","current":5,"total":6,"progress":98}
[2026-01-23 19:04:35.559] [info]  DiscordSplash.onStateUpdate: {"status":"downloading-updates","current":5,"total":6,"progress":99}
[2026-01-23 19:04:35.560] [info]  Splash.onStateUpdate: {"status":"downloading-updates","current":5,"total":6,"progress":99}
[2026-01-23 19:04:35.576] [info]  DiscordSplash.onStateUpdate: {"status":"downloading-updates","current":5,"total":6,"progress":100}
[2026-01-23 19:04:35.577] [info]  Splash.onStateUpdate: {"status":"downloading-updates","current":5,"total":6,"progress":100}
[2026-01-23 19:04:35.577] [info]  DiscordSplash.onStateUpdate: {"status":"downloading-updates","current":6,"total":6}
[2026-01-23 19:04:35.577] [info]  Splash.onStateUpdate: {"status":"downloading-updates","current":6,"total":6}
[2026-01-23 19:04:35.775] [info]  DiscordSplash.onStateUpdate: {"status":"downloading-updates","current":6,"total":6,"progress":10}
[2026-01-23 19:04:35.776] [info]  Splash.onStateUpdate: {"status":"downloading-updates","current":6,"total":6,"progress":10}
[2026-01-23 19:04:35.776] [info]  DiscordSplash.onStateUpdate: {"status":"downloading-updates","current":6,"total":6,"progress":12}
[2026-01-23 19:04:35.776] [info]  Splash.onStateUpdate: {"status":"downloading-updates","current":6,"total":6,"progress":12}
[2026-01-23 19:04:35.776] [info]  DiscordSplash.onStateUpdate: {"status":"downloading-updates","current":6,"total":6,"progress":14}
[2026-01-23 19:04:35.777] [info]  Splash.onStateUpdate: {"status":"downloading-updates","current":6,"total":6,"progress":14}
[2026-01-23 19:04:35.777] [info]  DiscordSplash.onStateUpdate: {"status":"downloading-updates","current":6,"total":6,"progress":15}
[2026-01-23 19:04:35.777] [info]  Splash.onStateUpdate: {"status":"downloading-updates","current":6,"total":6,"progress":15}
[2026-01-23 19:04:35.777] [info]  DiscordSplash.onStateUpdate: {"status":"downloading-updates","current":6,"total":6,"progress":17}
[2026-01-23 19:04:35.777] [info]  Splash.onStateUpdate: {"status":"downloading-updates","current":6,"total":6,"progress":17}
[2026-01-23 19:04:35.778] [info]  DiscordSplash.onStateUpdate: {"status":"downloading-updates","current":6,"total":6,"progress":18}
[2026-01-23 19:04:35.778] [info]  Splash.onStateUpdate: {"status":"downloading-updates","current":6,"total":6,"progress":18}
[2026-01-23 19:04:35.778] [info]  DiscordSplash.onStateUpdate: {"status":"downloading-updates","current":6,"total":6,"progress":19}
[2026-01-23 19:04:35.779] [info]  Splash.onStateUpdate: {"status":"downloading-updates","current":6,"total":6,"progress":19}
[2026-01-23 19:04:35.779] [info]  DiscordSplash.onStateUpdate: {"status":"downloading-updates","current":6,"total":6,"progress":20}
[2026-01-23 19:04:35.779] [info]  Splash.onStateUpdate: {"status":"downloading-updates","current":6,"total":6,"progress":20}
[2026-01-23 19:04:35.779] [info]  DiscordSplash.onStateUpdate: {"status":"downloading-updates","current":6,"total":6,"progress":21}
[2026-01-23 19:04:35.779] [info]  Splash.onStateUpdate: {"status":"downloading-updates","current":6,"total":6,"progress":21}
[2026-01-23 19:04:35.780] [info]  DiscordSplash.onStateUpdate: {"status":"downloading-updates","current":6,"total":6,"progress":23}
[2026-01-23 19:04:35.780] [info]  Splash.onStateUpdate: {"status":"downloading-updates","current":6,"total":6,"progress":23}
[2026-01-23 19:04:35.780] [info]  DiscordSplash.onStateUpdate: {"status":"downloading-updates","current":6,"total":6,"progress":24}
[2026-01-23 19:04:35.780] [info]  Splash.onStateUpdate: {"status":"downloading-updates","current":6,"total":6,"progress":24}
[2026-01-23 19:04:35.781] [info]  DiscordSplash.onStateUpdate: {"status":"downloading-updates","current":6,"total":6,"progress":26}
[2026-01-23 19:04:35.781] [info]  Splash.onStateUpdate: {"status":"downloading-updates","current":6,"total":6,"progress":26}
[2026-01-23 19:04:35.781] [info]  DiscordSplash.onStateUpdate: {"status":"downloading-updates","current":6,"total":6,"progress":27}
[2026-01-23 19:04:35.781] [info]  Splash.onStateUpdate: {"status":"downloading-updates","current":6,"total":6,"progress":27}
[2026-01-23 19:04:35.782] [info]  DiscordSplash.onStateUpdate: {"status":"downloading-updates","current":6,"total":6,"progress":29}
[2026-01-23 19:04:35.782] [info]  Splash.onStateUpdate: {"status":"downloading-updates","current":6,"total":6,"progress":29}
[2026-01-23 19:04:35.782] [info]  DiscordSplash.onStateUpdate: {"status":"downloading-updates","current":6,"total":6,"progress":30}
[2026-01-23 19:04:35.782] [info]  Splash.onStateUpdate: {"status":"downloading-updates","current":6,"total":6,"progress":30}
[2026-01-23 19:04:35.782] [info]  DiscordSplash.onStateUpdate: {"status":"downloading-updates","current":6,"total":6,"progress":31}
[2026-01-23 19:04:35.783] [info]  Splash.onStateUpdate: {"status":"downloading-updates","current":6,"total":6,"progress":31}
[2026-01-23 19:04:35.783] [info]  DiscordSplash.onStateUpdate: {"status":"downloading-updates","current":6,"total":6,"progress":33}
[2026-01-23 19:04:35.783] [info]  Splash.onStateUpdate: {"status":"downloading-updates","current":6,"total":6,"progress":33}
[2026-01-23 19:04:35.783] [info]  DiscordSplash.onStateUpdate: {"status":"downloading-updates","current":6,"total":6,"progress":34}
[2026-01-23 19:04:35.783] [info]  Splash.onStateUpdate: {"status":"downloading-updates","current":6,"total":6,"progress":34}
[2026-01-23 19:04:35.784] [info]  DiscordSplash.onStateUpdate: {"status":"downloading-updates","current":6,"total":6,"progress":36}
[2026-01-23 19:04:35.784] [info]  Splash.onStateUpdate: {"status":"downloading-updates","current":6,"total":6,"progress":36}
[2026-01-23 19:04:35.784] [info]  DiscordSplash.onStateUpdate: {"status":"downloading-updates","current":6,"total":6,"progress":37}
[2026-01-23 19:04:35.784] [info]  Splash.onStateUpdate: {"status":"downloading-updates","current":6,"total":6,"progress":37}
[2026-01-23 19:04:35.785] [info]  DiscordSplash.onStateUpdate: {"status":"downloading-updates","current":6,"total":6,"progress":39}
[2026-01-23 19:04:35.785] [info]  Splash.onStateUpdate: {"status":"downloading-updates","current":6,"total":6,"progress":39}
[2026-01-23 19:04:35.785] [info]  DiscordSplash.onStateUpdate: {"status":"downloading-updates","current":6,"total":6,"progress":40}
[2026-01-23 19:04:35.785] [info]  Splash.onStateUpdate: {"status":"downloading-updates","current":6,"total":6,"progress":40}
[2026-01-23 19:04:35.786] [info]  DiscordSplash.onStateUpdate: {"status":"downloading-updates","current":6,"total":6,"progress":41}
[2026-01-23 19:04:35.786] [info]  Splash.onStateUpdate: {"status":"downloading-updates","current":6,"total":6,"progress":41}
[2026-01-23 19:04:35.786] [info]  DiscordSplash.onStateUpdate: {"status":"downloading-updates","current":6,"total":6,"progress":43}
[2026-01-23 19:04:35.786] [info]  Splash.onStateUpdate: {"status":"downloading-updates","current":6,"total":6,"progress":43}
[2026-01-23 19:04:35.787] [info]  DiscordSplash.onStateUpdate: {"status":"downloading-updates","current":6,"total":6,"progress":44}
[2026-01-23 19:04:35.787] [info]  Splash.onStateUpdate: {"status":"downloading-updates","current":6,"total":6,"progress":44}
[2026-01-23 19:04:35.787] [info]  DiscordSplash.onStateUpdate: {"status":"downloading-updates","current":6,"total":6,"progress":46}
[2026-01-23 19:04:35.787] [info]  Splash.onStateUpdate: {"status":"downloading-updates","current":6,"total":6,"progress":46}
[2026-01-23 19:04:35.788] [info]  DiscordSplash.onStateUpdate: {"status":"downloading-updates","current":6,"total":6,"progress":47}
[2026-01-23 19:04:35.788] [info]  Splash.onStateUpdate: {"status":"downloading-updates","current":6,"total":6,"progress":47}
[2026-01-23 19:04:35.788] [info]  DiscordSplash.onStateUpdate: {"status":"downloading-updates","current":6,"total":6,"progress":49}
[2026-01-23 19:04:35.788] [info]  Splash.onStateUpdate: {"status":"downloading-updates","current":6,"total":6,"progress":49}
[2026-01-23 19:04:35.789] [info]  DiscordSplash.onStateUpdate: {"status":"downloading-updates","current":6,"total":6,"progress":50}
[2026-01-23 19:04:35.789] [info]  Splash.onStateUpdate: {"status":"downloading-updates","current":6,"total":6,"progress":50}
[2026-01-23 19:04:35.789] [info]  DiscordSplash.onStateUpdate: {"status":"downloading-updates","current":6,"total":6,"progress":51}
[2026-01-23 19:04:35.789] [info]  Splash.onStateUpdate: {"status":"downloading-updates","current":6,"total":6,"progress":51}
[2026-01-23 19:04:35.789] [info]  DiscordSplash.onStateUpdate: {"status":"downloading-updates","current":6,"total":6,"progress":53}
[2026-01-23 19:04:35.790] [info]  Splash.onStateUpdate: {"status":"downloading-updates","current":6,"total":6,"progress":53}
[2026-01-23 19:04:35.790] [info]  DiscordSplash.onStateUpdate: {"status":"downloading-updates","current":6,"total":6,"progress":54}
[2026-01-23 19:04:35.790] [info]  Splash.onStateUpdate: {"status":"downloading-updates","current":6,"total":6,"progress":54}
[2026-01-23 19:04:35.790] [info]  DiscordSplash.onStateUpdate: {"status":"downloading-updates","current":6,"total":6,"progress":55}
[2026-01-23 19:04:35.790] [info]  Splash.onStateUpdate: {"status":"downloading-updates","current":6,"total":6,"progress":55}
[2026-01-23 19:04:35.791] [info]  DiscordSplash.onStateUpdate: {"status":"downloading-updates","current":6,"total":6,"progress":57}
[2026-01-23 19:04:35.791] [info]  Splash.onStateUpdate: {"status":"downloading-updates","current":6,"total":6,"progress":57}
[2026-01-23 19:04:35.791] [info]  DiscordSplash.onStateUpdate: {"status":"downloading-updates","current":6,"total":6,"progress":58}
[2026-01-23 19:04:35.791] [info]  Splash.onStateUpdate: {"status":"downloading-updates","current":6,"total":6,"progress":58}
[2026-01-23 19:04:35.792] [info]  DiscordSplash.onStateUpdate: {"status":"downloading-updates","current":6,"total":6,"progress":60}
[2026-01-23 19:04:35.792] [info]  Splash.onStateUpdate: {"status":"downloading-updates","current":6,"total":6,"progress":60}
[2026-01-23 19:04:35.792] [info]  DiscordSplash.onStateUpdate: {"status":"downloading-updates","current":6,"total":6,"progress":61}
[2026-01-23 19:04:35.793] [info]  Splash.onStateUpdate: {"status":"downloading-updates","current":6,"total":6,"progress":61}
[2026-01-23 19:04:35.793] [info]  DiscordSplash.onStateUpdate: {"status":"downloading-updates","current":6,"total":6,"progress":62}
[2026-01-23 19:04:35.793] [info]  Splash.onStateUpdate: {"status":"downloading-updates","current":6,"total":6,"progress":62}
[2026-01-23 19:04:35.793] [info]  DiscordSplash.onStateUpdate: {"status":"downloading-updates","current":6,"total":6,"progress":64}
[2026-01-23 19:04:35.793] [info]  Splash.onStateUpdate: {"status":"downloading-updates","current":6,"total":6,"progress":64}
[2026-01-23 19:04:35.794] [info]  DiscordSplash.onStateUpdate: {"status":"downloading-updates","current":6,"total":6,"progress":66}
[2026-01-23 19:04:35.794] [info]  Splash.onStateUpdate: {"status":"downloading-updates","current":6,"total":6,"progress":66}
[2026-01-23 19:04:35.794] [info]  DiscordSplash.onStateUpdate: {"status":"downloading-updates","current":6,"total":6,"progress":67}
[2026-01-23 19:04:35.794] [info]  Splash.onStateUpdate: {"status":"downloading-updates","current":6,"total":6,"progress":67}
[2026-01-23 19:04:35.794] [info]  DiscordSplash.onStateUpdate: {"status":"downloading-updates","current":6,"total":6,"progress":68}
[2026-01-23 19:04:35.794] [info]  Splash.onStateUpdate: {"status":"downloading-updates","current":6,"total":6,"progress":68}
[2026-01-23 19:04:35.795] [info]  DiscordSplash.onStateUpdate: {"status":"downloading-updates","current":6,"total":6,"progress":70}
[2026-01-23 19:04:35.795] [info]  Splash.onStateUpdate: {"status":"downloading-updates","current":6,"total":6,"progress":70}
[2026-01-23 19:04:35.795] [info]  DiscordSplash.onStateUpdate: {"status":"downloading-updates","current":6,"total":6,"progress":71}
[2026-01-23 19:04:35.795] [info]  Splash.onStateUpdate: {"status":"downloading-updates","current":6,"total":6,"progress":71}
[2026-01-23 19:04:35.796] [info]  DiscordSplash.onStateUpdate: {"status":"downloading-updates","current":6,"total":6,"progress":72}
[2026-01-23 19:04:35.796] [info]  Splash.onStateUpdate: {"status":"downloading-updates","current":6,"total":6,"progress":72}
[2026-01-23 19:04:35.796] [info]  DiscordSplash.onStateUpdate: {"status":"downloading-updates","current":6,"total":6,"progress":73}
[2026-01-23 19:04:35.796] [info]  Splash.onStateUpdate: {"status":"downloading-updates","current":6,"total":6,"progress":73}
[2026-01-23 19:04:35.796] [info]  DiscordSplash.onStateUpdate: {"status":"downloading-updates","current":6,"total":6,"progress":74}
[2026-01-23 19:04:35.796] [info]  Splash.onStateUpdate: {"status":"downloading-updates","current":6,"total":6,"progress":74}
[2026-01-23 19:04:35.797] [info]  DiscordSplash.onStateUpdate: {"status":"downloading-updates","current":6,"total":6,"progress":75}
[2026-01-23 19:04:35.797] [info]  Splash.onStateUpdate: {"status":"downloading-updates","current":6,"total":6,"progress":75}
[2026-01-23 19:04:35.797] [info]  DiscordSplash.onStateUpdate: {"status":"downloading-updates","current":6,"total":6,"progress":77}
[2026-01-23 19:04:35.797] [info]  Splash.onStateUpdate: {"status":"downloading-updates","current":6,"total":6,"progress":77}
[2026-01-23 19:04:35.797] [info]  DiscordSplash.onStateUpdate: {"status":"downloading-updates","current":6,"total":6,"progress":78}
[2026-01-23 19:04:35.798] [info]  Splash.onStateUpdate: {"status":"downloading-updates","current":6,"total":6,"progress":78}
[2026-01-23 19:04:35.798] [info]  DiscordSplash.onStateUpdate: {"status":"downloading-updates","current":6,"total":6,"progress":79}
[2026-01-23 19:04:35.798] [info]  Splash.onStateUpdate: {"status":"downloading-updates","current":6,"total":6,"progress":79}
[2026-01-23 19:04:35.798] [info]  DiscordSplash.onStateUpdate: {"status":"downloading-updates","current":6,"total":6,"progress":80}
[2026-01-23 19:04:35.798] [info]  Splash.onStateUpdate: {"status":"downloading-updates","current":6,"total":6,"progress":80}
[2026-01-23 19:04:35.799] [info]  DiscordSplash.onStateUpdate: {"status":"downloading-updates","current":6,"total":6,"progress":81}
[2026-01-23 19:04:35.799] [info]  Splash.onStateUpdate: {"status":"downloading-updates","current":6,"total":6,"progress":81}
[2026-01-23 19:04:35.799] [info]  DiscordSplash.onStateUpdate: {"status":"downloading-updates","current":6,"total":6,"progress":82}
[2026-01-23 19:04:35.799] [info]  Splash.onStateUpdate: {"status":"downloading-updates","current":6,"total":6,"progress":82}
[2026-01-23 19:04:35.799] [info]  DiscordSplash.onStateUpdate: {"status":"downloading-updates","current":6,"total":6,"progress":84}
[2026-01-23 19:04:35.800] [info]  Splash.onStateUpdate: {"status":"downloading-updates","current":6,"total":6,"progress":84}
[2026-01-23 19:04:35.800] [info]  DiscordSplash.onStateUpdate: {"status":"downloading-updates","current":6,"total":6,"progress":85}
[2026-01-23 19:04:35.800] [info]  Splash.onStateUpdate: {"status":"downloading-updates","current":6,"total":6,"progress":85}
[2026-01-23 19:04:35.800] [info]  DiscordSplash.onStateUpdate: {"status":"downloading-updates","current":6,"total":6,"progress":86}
[2026-01-23 19:04:35.800] [info]  Splash.onStateUpdate: {"status":"downloading-updates","current":6,"total":6,"progress":86}
[2026-01-23 19:04:35.801] [info]  DiscordSplash.onStateUpdate: {"status":"downloading-updates","current":6,"total":6,"progress":87}
[2026-01-23 19:04:35.801] [info]  Splash.onStateUpdate: {"status":"downloading-updates","current":6,"total":6,"progress":87}
[2026-01-23 19:04:35.801] [info]  DiscordSplash.onStateUpdate: {"status":"downloading-updates","current":6,"total":6,"progress":89}
[2026-01-23 19:04:35.801] [info]  Splash.onStateUpdate: {"status":"downloading-updates","current":6,"total":6,"progress":89}
[2026-01-23 19:04:35.801] [info]  DiscordSplash.onStateUpdate: {"status":"downloading-updates","current":6,"total":6,"progress":90}
[2026-01-23 19:04:35.801] [info]  Splash.onStateUpdate: {"status":"downloading-updates","current":6,"total":6,"progress":90}
[2026-01-23 19:04:35.803] [info]  DiscordSplash.onStateUpdate: {"status":"downloading-updates","current":6,"total":6,"progress":91}
[2026-01-23 19:04:35.803] [info]  Splash.onStateUpdate: {"status":"downloading-updates","current":6,"total":6,"progress":91}
[2026-01-23 19:04:35.805] [info]  DiscordSplash.onStateUpdate: {"status":"downloading-updates","current":6,"total":6,"progress":96}
[2026-01-23 19:04:35.805] [info]  Splash.onStateUpdate: {"status":"downloading-updates","current":6,"total":6,"progress":96}
[2026-01-23 19:04:35.805] [info]  DiscordSplash.onStateUpdate: {"status":"downloading-updates","current":6,"total":6,"progress":100}
[2026-01-23 19:04:35.805] [info]  Splash.onStateUpdate: {"status":"downloading-updates","current":6,"total":6,"progress":100}
[2026-01-23 19:04:35.806] [info]  DiscordSplash.onStateUpdate: {"status":"installing-updates","current":1,"total":6}
[2026-01-23 19:04:35.806] [info]  Splash.onStateUpdate: {"status":"installing-updates","current":1,"total":6}
[2026-01-23 19:04:35.809] [info]  DiscordSplash.onStateUpdate: {"status":"installing-updates","current":1,"total":6,"progress":33}
[2026-01-23 19:04:35.810] [info]  Splash.onStateUpdate: {"status":"installing-updates","current":1,"total":6,"progress":33}
[2026-01-23 19:04:35.814] [info]  DiscordSplash.onStateUpdate: {"status":"installing-updates","current":1,"total":6,"progress":66}
[2026-01-23 19:04:35.814] [info]  Splash.onStateUpdate: {"status":"installing-updates","current":1,"total":6,"progress":66}
[2026-01-23 19:04:35.856] [info]  DiscordSplash.onStateUpdate: {"status":"installing-updates","current":1,"total":6,"progress":100}
[2026-01-23 19:04:35.856] [info]  Splash.onStateUpdate: {"status":"installing-updates","current":1,"total":6,"progress":100}
[2026-01-23 19:04:35.857] [info]  DiscordSplash.onStateUpdate: {"status":"installing-updates","current":2,"total":6}
[2026-01-23 19:04:35.857] [info]  Splash.onStateUpdate: {"status":"installing-updates","current":2,"total":6}
[2026-01-23 19:04:35.858] [info]  DiscordSplash.onStateUpdate: {"status":"installing-updates","current":2,"total":6,"progress":25}
[2026-01-23 19:04:35.858] [info]  Splash.onStateUpdate: {"status":"installing-updates","current":2,"total":6,"progress":25}
[2026-01-23 19:04:35.859] [info]  DiscordSplash.onStateUpdate: {"status":"installing-updates","current":2,"total":6,"progress":50}
[2026-01-23 19:04:35.859] [info]  Splash.onStateUpdate: {"status":"installing-updates","current":2,"total":6,"progress":50}
[2026-01-23 19:04:35.893] [info]  DiscordSplash.onStateUpdate: {"status":"installing-updates","current":2,"total":6,"progress":75}
[2026-01-23 19:04:35.893] [info]  Splash.onStateUpdate: {"status":"installing-updates","current":2,"total":6,"progress":75}
[2026-01-23 19:04:35.894] [info]  DiscordSplash.onStateUpdate: {"status":"installing-updates","current":2,"total":6,"progress":100}
[2026-01-23 19:04:35.894] [info]  Splash.onStateUpdate: {"status":"installing-updates","current":2,"total":6,"progress":100}
[2026-01-23 19:04:35.895] [info]  DiscordSplash.onStateUpdate: {"status":"installing-updates","current":3,"total":6}
[2026-01-23 19:04:35.895] [info]  Splash.onStateUpdate: {"status":"installing-updates","current":3,"total":6}
[2026-01-23 19:04:35.896] [info]  DiscordSplash.onStateUpdate: {"status":"installing-updates","current":3,"total":6,"progress":0}
[2026-01-23 19:04:35.896] [info]  Splash.onStateUpdate: {"status":"installing-updates","current":3,"total":6,"progress":0}
[2026-01-23 19:04:35.897] [info]  DiscordSplash.onStateUpdate: {"status":"installing-updates","current":3,"total":6,"progress":0}
[2026-01-23 19:04:35.897] [info]  Splash.onStateUpdate: {"status":"installing-updates","current":3,"total":6,"progress":0}
[2026-01-23 19:04:35.897] [info]  DiscordSplash.onStateUpdate: {"status":"installing-updates","current":3,"total":6,"progress":0}
[2026-01-23 19:04:35.898] [info]  Splash.onStateUpdate: {"status":"installing-updates","current":3,"total":6,"progress":0}
[2026-01-23 19:04:35.898] [info]  DiscordSplash.onStateUpdate: {"status":"installing-updates","current":3,"total":6,"progress":0}
[2026-01-23 19:04:35.898] [info]  Splash.onStateUpdate: {"status":"installing-updates","current":3,"total":6,"progress":0}
[2026-01-23 19:04:35.899] [info]  DiscordSplash.onStateUpdate: {"status":"installing-updates","current":3,"total":6,"progress":0}
[2026-01-23 19:04:35.899] [info]  Splash.onStateUpdate: {"status":"installing-updates","current":3,"total":6,"progress":0}
[2026-01-23 19:04:35.900] [info]  DiscordSplash.onStateUpdate: {"status":"installing-updates","current":3,"total":6,"progress":0}
[2026-01-23 19:04:35.900] [info]  Splash.onStateUpdate: {"status":"installing-updates","current":3,"total":6,"progress":0}
[2026-01-23 19:04:35.901] [info]  DiscordSplash.onStateUpdate: {"status":"installing-updates","current":3,"total":6,"progress":1}
[2026-01-23 19:04:35.901] [info]  Splash.onStateUpdate: {"status":"installing-updates","current":3,"total":6,"progress":1}
[2026-01-23 19:04:35.901] [info]  DiscordSplash.onStateUpdate: {"status":"installing-updates","current":3,"total":6,"progress":1}
[2026-01-23 19:04:35.902] [info]  Splash.onStateUpdate: {"status":"installing-updates","current":3,"total":6,"progress":1}
[2026-01-23 19:04:35.902] [info]  DiscordSplash.onStateUpdate: {"status":"installing-updates","current":3,"total":6,"progress":1}
[2026-01-23 19:04:35.902] [info]  Splash.onStateUpdate: {"status":"installing-updates","current":3,"total":6,"progress":1}
[2026-01-23 19:04:35.903] [info]  DiscordSplash.onStateUpdate: {"status":"installing-updates","current":3,"total":6,"progress":1}
[2026-01-23 19:04:35.903] [info]  Splash.onStateUpdate: {"status":"installing-updates","current":3,"total":6,"progress":1}
[2026-01-23 19:04:35.904] [info]  DiscordSplash.onStateUpdate: {"status":"installing-updates","current":3,"total":6,"progress":1}
[2026-01-23 19:04:35.904] [info]  Splash.onStateUpdate: {"status":"installing-updates","current":3,"total":6,"progress":1}
[2026-01-23 19:04:35.904] [info]  DiscordSplash.onStateUpdate: {"status":"installing-updates","current":3,"total":6,"progress":1}
[2026-01-23 19:04:35.904] [info]  Splash.onStateUpdate: {"status":"installing-updates","current":3,"total":6,"progress":1}
[2026-01-23 19:04:35.905] [info]  DiscordSplash.onStateUpdate: {"status":"installing-updates","current":3,"total":6,"progress":2}
[2026-01-23 19:04:35.905] [info]  Splash.onStateUpdate: {"status":"installing-updates","current":3,"total":6,"progress":2}
[2026-01-23 19:04:35.906] [info]  DiscordSplash.onStateUpdate: {"status":"installing-updates","current":3,"total":6,"progress":2}
[2026-01-23 19:04:35.906] [info]  Splash.onStateUpdate: {"status":"installing-updates","current":3,"total":6,"progress":2}
[2026-01-23 19:04:35.906] [info]  DiscordSplash.onStateUpdate: {"status":"installing-updates","current":3,"total":6,"progress":2}
[2026-01-23 19:04:35.907] [info]  Splash.onStateUpdate: {"status":"installing-updates","current":3,"total":6,"progress":2}
[2026-01-23 19:04:35.907] [info]  DiscordSplash.onStateUpdate: {"status":"installing-updates","current":3,"total":6,"progress":2}
[2026-01-23 19:04:35.907] [info]  Splash.onStateUpdate: {"status":"installing-updates","current":3,"total":6,"progress":2}
[2026-01-23 19:04:35.908] [info]  DiscordSplash.onStateUpdate: {"status":"installing-updates","current":3,"total":6,"progress":2}
[2026-01-23 19:04:35.908] [info]  Splash.onStateUpdate: {"status":"installing-updates","current":3,"total":6,"progress":2}
[2026-01-23 19:04:35.909] [info]  DiscordSplash.onStateUpdate: {"status":"installing-updates","current":3,"total":6,"progress":2}
[2026-01-23 19:04:35.909] [info]  Splash.onStateUpdate: {"status":"installing-updates","current":3,"total":6,"progress":2}
[2026-01-23 19:04:35.910] [info]  DiscordSplash.onStateUpdate: {"status":"installing-updates","current":3,"total":6,"progress":3}
[2026-01-23 19:04:35.910] [info]  Splash.onStateUpdate: {"status":"installing-updates","current":3,"total":6,"progress":3}
[2026-01-23 19:04:35.910] [info]  DiscordSplash.onStateUpdate: {"status":"installing-updates","current":3,"total":6,"progress":3}
[2026-01-23 19:04:35.910] [info]  Splash.onStateUpdate: {"status":"installing-updates","current":3,"total":6,"progress":3}
[2026-01-23 19:04:35.911] [info]  DiscordSplash.onStateUpdate: {"status":"installing-updates","current":3,"total":6,"progress":3}
[2026-01-23 19:04:35.911] [info]  Splash.onStateUpdate: {"status":"installing-updates","current":3,"total":6,"progress":3}
[2026-01-23 19:04:35.912] [info]  DiscordSplash.onStateUpdate: {"status":"installing-updates","current":3,"total":6,"progress":3}
[2026-01-23 19:04:35.912] [info]  Splash.onStateUpdate: {"status":"installing-updates","current":3,"total":6,"progress":3}
[2026-01-23 19:04:35.913] [info]  DiscordSplash.onStateUpdate: {"status":"installing-updates","current":3,"total":6,"progress":3}
[2026-01-23 19:04:35.913] [info]  Splash.onStateUpdate: {"status":"installing-updates","current":3,"total":6,"progress":3}
[2026-01-23 19:04:35.913] [info]  DiscordSplash.onStateUpdate: {"status":"installing-updates","current":3,"total":6,"progress":3}
[2026-01-23 19:04:35.913] [info]  Splash.onStateUpdate: {"status":"installing-updates","current":3,"total":6,"progress":3}
[2026-01-23 19:04:35.914] [info]  DiscordSplash.onStateUpdate: {"status":"installing-updates","current":3,"total":6,"progress":4}
[2026-01-23 19:04:35.914] [info]  Splash.onStateUpdate: {"status":"installing-updates","current":3,"total":6,"progress":4}
[2026-01-23 19:04:35.915] [info]  DiscordSplash.onStateUpdate: {"status":"installing-updates","current":3,"total":6,"progress":4}
[2026-01-23 19:04:35.915] [info]  Splash.onStateUpdate: {"status":"installing-updates","current":3,"total":6,"progress":4}
[2026-01-23 19:04:35.915] [info]  DiscordSplash.onStateUpdate: {"status":"installing-updates","current":3,"total":6,"progress":4}
[2026-01-23 19:04:35.915] [info]  Splash.onStateUpdate: {"status":"installing-updates","current":3,"total":6,"progress":4}
[2026-01-23 19:04:35.916] [info]  DiscordSplash.onStateUpdate: {"status":"installing-updates","current":3,"total":6,"progress":4}
[2026-01-23 19:04:35.916] [info]  Splash.onStateUpdate: {"status":"installing-updates","current":3,"total":6,"progress":4}
[2026-01-23 19:04:35.917] [info]  DiscordSplash.onStateUpdate: {"status":"installing-updates","current":3,"total":6,"progress":4}
[2026-01-23 19:04:35.917] [info]  Splash.onStateUpdate: {"status":"installing-updates","current":3,"total":6,"progress":4}
[2026-01-23 19:04:35.917] [info]  DiscordSplash.onStateUpdate: {"status":"installing-updates","current":3,"total":6,"progress":4}
[2026-01-23 19:04:35.917] [info]  Splash.onStateUpdate: {"status":"installing-updates","current":3,"total":6,"progress":4}
[2026-01-23 19:04:35.918] [info]  DiscordSplash.onStateUpdate: {"status":"installing-updates","current":3,"total":6,"progress":5}
[2026-01-23 19:04:35.918] [info]  Splash.onStateUpdate: {"status":"installing-updates","current":3,"total":6,"progress":5}
[2026-01-23 19:04:35.919] [info]  DiscordSplash.onStateUpdate: {"status":"installing-updates","current":3,"total":6,"progress":5}
[2026-01-23 19:04:35.919] [info]  Splash.onStateUpdate: {"status":"installing-updates","current":3,"total":6,"progress":5}
[2026-01-23 19:04:35.919] [info]  DiscordSplash.onStateUpdate: {"status":"installing-updates","current":3,"total":6,"progress":5}
[2026-01-23 19:04:35.919] [info]  Splash.onStateUpdate: {"status":"installing-updates","current":3,"total":6,"progress":5}
[2026-01-23 19:04:35.920] [info]  DiscordSplash.onStateUpdate: {"status":"installing-updates","current":3,"total":6,"progress":5}
[2026-01-23 19:04:35.920] [info]  Splash.onStateUpdate: {"status":"installing-updates","current":3,"total":6,"progress":5}
[2026-01-23 19:04:35.921] [info]  DiscordSplash.onStateUpdate: {"status":"installing-updates","current":3,"total":6,"progress":5}
[2026-01-23 19:04:35.921] [info]  Splash.onStateUpdate: {"status":"installing-updates","current":3,"total":6,"progress":5}
[2026-01-23 19:04:35.921] [info]  DiscordSplash.onStateUpdate: {"status":"installing-updates","current":3,"total":6,"progress":5}
[2026-01-23 19:04:35.921] [info]  Splash.onStateUpdate: {"status":"installing-updates","current":3,"total":6,"progress":5}
[2026-01-23 19:04:35.922] [info]  DiscordSplash.onStateUpdate: {"status":"installing-updates","current":3,"total":6,"progress":5}
[2026-01-23 19:04:35.922] [info]  Splash.onStateUpdate: {"status":"installing-updates","current":3,"total":6,"progress":5}
[2026-01-23 19:04:35.923] [info]  DiscordSplash.onStateUpdate: {"status":"installing-updates","current":3,"total":6,"progress":6}
[2026-01-23 19:04:35.923] [info]  Splash.onStateUpdate: {"status":"installing-updates","current":3,"total":6,"progress":6}
[2026-01-23 19:04:35.923] [info]  DiscordSplash.onStateUpdate: {"status":"installing-updates","current":3,"total":6,"progress":6}
[2026-01-23 19:04:35.923] [info]  Splash.onStateUpdate: {"status":"installing-updates","current":3,"total":6,"progress":6}
[2026-01-23 19:04:35.924] [info]  DiscordSplash.onStateUpdate: {"status":"installing-updates","current":3,"total":6,"progress":6}
[2026-01-23 19:04:35.924] [info]  Splash.onStateUpdate: {"status":"installing-updates","current":3,"total":6,"progress":6}
[2026-01-23 19:04:35.924] [info]  DiscordSplash.onStateUpdate: {"status":"installing-updates","current":3,"total":6,"progress":6}
[2026-01-23 19:04:35.924] [info]  Splash.onStateUpdate: {"status":"installing-updates","current":3,"total":6,"progress":6}
[2026-01-23 19:04:35.925] [info]  DiscordSplash.onStateUpdate: {"status":"installing-updates","current":3,"total":6,"progress":6}
[2026-01-23 19:04:35.925] [info]  Splash.onStateUpdate: {"status":"installing-updates","current":3,"total":6,"progress":6}
[2026-01-23 19:04:35.926] [info]  DiscordSplash.onStateUpdate: {"status":"installing-updates","current":3,"total":6,"progress":6}
[2026-01-23 19:04:35.926] [info]  Splash.onStateUpdate: {"status":"installing-updates","current":3,"total":6,"progress":6}
[2026-01-23 19:04:35.926] [info]  DiscordSplash.onStateUpdate: {"status":"installing-updates","current":3,"total":6,"progress":7}
[2026-01-23 19:04:35.926] [info]  Splash.onStateUpdate: {"status":"installing-updates","current":3,"total":6,"progress":7}
[2026-01-23 19:04:35.927] [info]  DiscordSplash.onStateUpdate: {"status":"installing-updates","current":3,"total":6,"progress":7}
[2026-01-23 19:04:35.927] [info]  Splash.onStateUpdate: {"status":"installing-updates","current":3,"total":6,"progress":7}
[2026-01-23 19:04:35.928] [info]  DiscordSplash.onStateUpdate: {"status":"installing-updates","current":3,"total":6,"progress":7}
[2026-01-23 19:04:35.928] [info]  Splash.onStateUpdate: {"status":"installing-updates","current":3,"total":6,"progress":7}
[2026-01-23 19:04:35.928] [info]  DiscordSplash.onStateUpdate: {"status":"installing-updates","current":3,"total":6,"progress":7}
[2026-01-23 19:04:35.928] [info]  Splash.onStateUpdate: {"status":"installing-updates","current":3,"total":6,"progress":7}
[2026-01-23 19:04:35.929] [info]  DiscordSplash.onStateUpdate: {"status":"installing-updates","current":3,"total":6,"progress":7}
[2026-01-23 19:04:35.929] [info]  Splash.onStateUpdate: {"status":"installing-updates","current":3,"total":6,"progress":7}
[2026-01-23 19:04:35.930] [info]  DiscordSplash.onStateUpdate: {"status":"installing-updates","current":3,"total":6,"progress":7}
[2026-01-23 19:04:35.930] [info]  Splash.onStateUpdate: {"status":"installing-updates","current":3,"total":6,"progress":7}
[2026-01-23 19:04:35.930] [info]  DiscordSplash.onStateUpdate: {"status":"installing-updates","current":3,"total":6,"progress":8}
[2026-01-23 19:04:35.930] [info]  Splash.onStateUpdate: {"status":"installing-updates","current":3,"total":6,"progress":8}
[2026-01-23 19:04:35.931] [info]  DiscordSplash.onStateUpdate: {"status":"installing-updates","current":3,"total":6,"progress":8}
[2026-01-23 19:04:35.931] [info]  Splash.onStateUpdate: {"status":"installing-updates","current":3,"total":6,"progress":8}
[2026-01-23 19:04:35.932] [info]  DiscordSplash.onStateUpdate: {"status":"installing-updates","current":3,"total":6,"progress":8}
[2026-01-23 19:04:35.932] [info]  Splash.onStateUpdate: {"status":"installing-updates","current":3,"total":6,"progress":8}
[2026-01-23 19:04:35.932] [info]  DiscordSplash.onStateUpdate: {"status":"installing-updates","current":3,"total":6,"progress":8}
[2026-01-23 19:04:35.932] [info]  Splash.onStateUpdate: {"status":"installing-updates","current":3,"total":6,"progress":8}
[2026-01-23 19:04:35.933] [info]  DiscordSplash.onStateUpdate: {"status":"installing-updates","current":3,"total":6,"progress":8}
[2026-01-23 19:04:35.933] [info]  Splash.onStateUpdate: {"status":"installing-updates","current":3,"total":6,"progress":8}
[2026-01-23 19:04:35.934] [info]  DiscordSplash.onStateUpdate: {"status":"installing-updates","current":3,"total":6,"progress":8}
[2026-01-23 19:04:35.934] [info]  Splash.onStateUpdate: {"status":"installing-updates","current":3,"total":6,"progress":8}
[2026-01-23 19:04:35.934] [info]  DiscordSplash.onStateUpdate: {"status":"installing-updates","current":3,"total":6,"progress":9}
[2026-01-23 19:04:35.934] [info]  Splash.onStateUpdate: {"status":"installing-updates","current":3,"total":6,"progress":9}
[2026-01-23 19:04:35.935] [info]  DiscordSplash.onStateUpdate: {"status":"installing-updates","current":3,"total":6,"progress":9}
[2026-01-23 19:04:35.935] [info]  Splash.onStateUpdate: {"status":"installing-updates","current":3,"total":6,"progress":9}
[2026-01-23 19:04:35.935] [info]  DiscordSplash.onStateUpdate: {"status":"installing-updates","current":3,"total":6,"progress":9}
[2026-01-23 19:04:35.935] [info]  Splash.onStateUpdate: {"status":"installing-updates","current":3,"total":6,"progress":9}
[2026-01-23 19:04:35.936] [info]  DiscordSplash.onStateUpdate: {"status":"installing-updates","current":3,"total":6,"progress":9}
[2026-01-23 19:04:35.936] [info]  Splash.onStateUpdate: {"status":"installing-updates","current":3,"total":6,"progress":9}
[2026-01-23 19:04:35.937] [info]  DiscordSplash.onStateUpdate: {"status":"installing-updates","current":3,"total":6,"progress":9}
[2026-01-23 19:04:35.937] [info]  Splash.onStateUpdate: {"status":"installing-updates","current":3,"total":6,"progress":9}
[2026-01-23 19:04:35.937] [info]  DiscordSplash.onStateUpdate: {"status":"installing-updates","current":3,"total":6,"progress":9}
[2026-01-23 19:04:35.937] [info]  Splash.onStateUpdate: {"status":"installing-updates","current":3,"total":6,"progress":9}
[2026-01-23 19:04:35.938] [info]  DiscordSplash.onStateUpdate: {"status":"installing-updates","current":3,"total":6,"progress":10}
[2026-01-23 19:04:35.938] [info]  Splash.onStateUpdate: {"status":"installing-updates","current":3,"total":6,"progress":10}
[2026-01-23 19:04:35.938] [info]  DiscordSplash.onStateUpdate: {"status":"installing-updates","current":3,"total":6,"progress":10}
[2026-01-23 19:04:35.939] [info]  Splash.onStateUpdate: {"status":"installing-updates","current":3,"total":6,"progress":10}
[2026-01-23 19:04:35.939] [info]  DiscordSplash.onStateUpdate: {"status":"installing-updates","current":3,"total":6,"progress":10}
[2026-01-23 19:04:35.939] [info]  Splash.onStateUpdate: {"status":"installing-updates","current":3,"total":6,"progress":10}
[2026-01-23 19:04:35.940] [info]  DiscordSplash.onStateUpdate: {"status":"installing-updates","current":3,"total":6,"progress":10}
[2026-01-23 19:04:35.940] [info]  Splash.onStateUpdate: {"status":"installing-updates","current":3,"total":6,"progress":10}
[2026-01-23 19:04:35.940] [info]  DiscordSplash.onStateUpdate: {"status":"installing-updates","current":3,"total":6,"progress":10}
[2026-01-23 19:04:35.940] [info]  Splash.onStateUpdate: {"status":"installing-updates","current":3,"total":6,"progress":10}
[2026-01-23 19:04:35.941] [info]  DiscordSplash.onStateUpdate: {"status":"installing-updates","current":3,"total":6,"progress":10}
[2026-01-23 19:04:35.941] [info]  Splash.onStateUpdate: {"status":"installing-updates","current":3,"total":6,"progress":10}
[2026-01-23 19:04:35.942] [info]  DiscordSplash.onStateUpdate: {"status":"installing-updates","current":3,"total":6,"progress":11}
[2026-01-23 19:04:35.942] [info]  Splash.onStateUpdate: {"status":"installing-updates","current":3,"total":6,"progress":11}
[2026-01-23 19:04:35.942] [info]  DiscordSplash.onStateUpdate: {"status":"installing-updates","current":3,"total":6,"progress":11}
[2026-01-23 19:04:35.943] [info]  Splash.onStateUpdate: {"status":"installing-updates","current":3,"total":6,"progress":11}
[2026-01-23 19:04:35.943] [info]  DiscordSplash.onStateUpdate: {"status":"installing-updates","current":3,"total":6,"progress":11}
[2026-01-23 19:04:35.943] [info]  Splash.onStateUpdate: {"status":"installing-updates","current":3,"total":6,"progress":11}
[2026-01-23 19:04:35.944] [info]  DiscordSplash.onStateUpdate: {"status":"installing-updates","current":3,"total":6,"progress":11}
[2026-01-23 19:04:35.944] [info]  Splash.onStateUpdate: {"status":"installing-updates","current":3,"total":6,"progress":11}
[2026-01-23 19:04:35.944] [info]  DiscordSplash.onStateUpdate: {"status":"installing-updates","current":3,"total":6,"progress":11}
[2026-01-23 19:04:35.944] [info]  Splash.onStateUpdate: {"status":"installing-updates","current":3,"total":6,"progress":11}
[2026-01-23 19:04:35.945] [info]  DiscordSplash.onStateUpdate: {"status":"installing-updates","current":3,"total":6,"progress":11}
[2026-01-23 19:04:35.945] [info]  Splash.onStateUpdate: {"status":"installing-updates","current":3,"total":6,"progress":11}
[2026-01-23 19:04:35.946] [info]  DiscordSplash.onStateUpdate: {"status":"installing-updates","current":3,"total":6,"progress":11}
[2026-01-23 19:04:35.946] [info]  Splash.onStateUpdate: {"status":"installing-updates","current":3,"total":6,"progress":11}
[2026-01-23 19:04:35.946] [info]  DiscordSplash.onStateUpdate: {"status":"installing-updates","current":3,"total":6,"progress":12}
[2026-01-23 19:04:35.946] [info]  Splash.onStateUpdate: {"status":"installing-updates","current":3,"total":6,"progress":12}
[2026-01-23 19:04:35.947] [info]  DiscordSplash.onStateUpdate: {"status":"installing-updates","current":3,"total":6,"progress":12}
[2026-01-23 19:04:35.947] [info]  Splash.onStateUpdate: {"status":"installing-updates","current":3,"total":6,"progress":12}
[2026-01-23 19:04:35.948] [info]  DiscordSplash.onStateUpdate: {"status":"installing-updates","current":3,"total":6,"progress":12}
[2026-01-23 19:04:35.948] [info]  Splash.onStateUpdate: {"status":"installing-updates","current":3,"total":6,"progress":12}
[2026-01-23 19:04:35.948] [info]  DiscordSplash.onStateUpdate: {"status":"installing-updates","current":3,"total":6,"progress":12}
[2026-01-23 19:04:35.948] [info]  Splash.onStateUpdate: {"status":"installing-updates","current":3,"total":6,"progress":12}
[2026-01-23 19:04:35.949] [info]  DiscordSplash.onStateUpdate: {"status":"installing-updates","current":3,"total":6,"progress":12}
[2026-01-23 19:04:35.949] [info]  Splash.onStateUpdate: {"status":"installing-updates","current":3,"total":6,"progress":12}
[2026-01-23 19:04:35.950] [info]  DiscordSplash.onStateUpdate: {"status":"installing-updates","current":3,"total":6,"progress":12}
[2026-01-23 19:04:35.950] [info]  Splash.onStateUpdate: {"status":"installing-updates","current":3,"total":6,"progress":12}
[2026-01-23 19:04:35.950] [info]  DiscordSplash.onStateUpdate: {"status":"installing-updates","current":3,"total":6,"progress":13}
[2026-01-23 19:04:35.950] [info]  Splash.onStateUpdate: {"status":"installing-updates","current":3,"total":6,"progress":13}
[2026-01-23 19:04:35.951] [info]  DiscordSplash.onStateUpdate: {"status":"installing-updates","current":3,"total":6,"progress":13}
[2026-01-23 19:04:35.951] [info]  Splash.onStateUpdate: {"status":"installing-updates","current":3,"total":6,"progress":13}
[2026-01-23 19:04:35.953] [info]  DiscordSplash.onStateUpdate: {"status":"installing-updates","current":3,"total":6,"progress":13}
[2026-01-23 19:04:35.953] [info]  Splash.onStateUpdate: {"status":"installing-updates","current":3,"total":6,"progress":13}
[2026-01-23 19:04:35.953] [info]  DiscordSplash.onStateUpdate: {"status":"installing-updates","current":3,"total":6,"progress":13}
[2026-01-23 19:04:35.953] [info]  Splash.onStateUpdate: {"status":"installing-updates","current":3,"total":6,"progress":13}
[2026-01-23 19:04:35.954] [info]  DiscordSplash.onStateUpdate: {"status":"installing-updates","current":3,"total":6,"progress":13}
[2026-01-23 19:04:35.954] [info]  Splash.onStateUpdate: {"status":"installing-updates","current":3,"total":6,"progress":13}
[2026-01-23 19:04:35.955] [info]  DiscordSplash.onStateUpdate: {"status":"installing-updates","current":3,"total":6,"progress":13}
[2026-01-23 19:04:35.955] [info]  Splash.onStateUpdate: {"status":"installing-updates","current":3,"total":6,"progress":13}
[2026-01-23 19:04:35.955] [info]  DiscordSplash.onStateUpdate: {"status":"installing-updates","current":3,"total":6,"progress":14}
[2026-01-23 19:04:35.955] [info]  Splash.onStateUpdate: {"status":"installing-updates","current":3,"total":6,"progress":14}
[2026-01-23 19:04:35.956] [info]  DiscordSplash.onStateUpdate: {"status":"installing-updates","current":3,"total":6,"progress":14}
[2026-01-23 19:04:35.956] [info]  Splash.onStateUpdate: {"status":"installing-updates","current":3,"total":6,"progress":14}
[2026-01-23 19:04:35.957] [info]  DiscordSplash.onStateUpdate: {"status":"installing-updates","current":3,"total":6,"progress":14}
[2026-01-23 19:04:35.957] [info]  Splash.onStateUpdate: {"status":"installing-updates","current":3,"total":6,"progress":14}
[2026-01-23 19:04:35.957] [info]  DiscordSplash.onStateUpdate: {"status":"installing-updates","current":3,"total":6,"progress":14}
[2026-01-23 19:04:35.957] [info]  Splash.onStateUpdate: {"status":"installing-updates","current":3,"total":6,"progress":14}
[2026-01-23 19:04:35.958] [info]  DiscordSplash.onStateUpdate: {"status":"installing-updates","current":3,"total":6,"progress":14}
[2026-01-23 19:04:35.958] [info]  Splash.onStateUpdate: {"status":"installing-updates","current":3,"total":6,"progress":14}
[2026-01-23 19:04:35.959] [info]  DiscordSplash.onStateUpdate: {"status":"installing-updates","current":3,"total":6,"progress":14}
[2026-01-23 19:04:35.959] [info]  Splash.onStateUpdate: {"status":"installing-updates","current":3,"total":6,"progress":14}
[2026-01-23 19:04:35.959] [info]  DiscordSplash.onStateUpdate: {"status":"installing-updates","current":3,"total":6,"progress":15}
[2026-01-23 19:04:35.959] [info]  Splash.onStateUpdate: {"status":"installing-updates","current":3,"total":6,"progress":15}
[2026-01-23 19:04:35.960] [info]  DiscordSplash.onStateUpdate: {"status":"installing-updates","current":3,"total":6,"progress":15}
[2026-01-23 19:04:35.960] [info]  Splash.onStateUpdate: {"status":"installing-updates","current":3,"total":6,"progress":15}
[2026-01-23 19:04:35.961] [info]  DiscordSplash.onStateUpdate: {"status":"installing-updates","current":3,"total":6,"progress":15}
[2026-01-23 19:04:35.961] [info]  Splash.onStateUpdate: {"status":"installing-updates","current":3,"total":6,"progress":15}
[2026-01-23 19:04:35.961] [info]  DiscordSplash.onStateUpdate: {"status":"installing-updates","current":3,"total":6,"progress":15}
[2026-01-23 19:04:35.961] [info]  Splash.onStateUpdate: {"status":"installing-updates","current":3,"total":6,"progress":15}
[2026-01-23 19:04:35.962] [info]  DiscordSplash.onStateUpdate: {"status":"installing-updates","current":3,"total":6,"progress":15}
[2026-01-23 19:04:35.962] [info]  Splash.onStateUpdate: {"status":"installing-updates","current":3,"total":6,"progress":15}
[2026-01-23 19:04:35.963] [info]  DiscordSplash.onStateUpdate: {"status":"installing-updates","current":3,"total":6,"progress":15}
[2026-01-23 19:04:35.963] [info]  Splash.onStateUpdate: {"status":"installing-updates","current":3,"total":6,"progress":15}
[2026-01-23 19:04:35.963] [info]  DiscordSplash.onStateUpdate: {"status":"installing-updates","current":3,"total":6,"progress":16}
[2026-01-23 19:04:35.963] [info]  Splash.onStateUpdate: {"status":"installing-updates","current":3,"total":6,"progress":16}
[2026-01-23 19:04:35.964] [info]  DiscordSplash.onStateUpdate: {"status":"installing-updates","current":3,"total":6,"progress":16}
[2026-01-23 19:04:35.964] [info]  Splash.onStateUpdate: {"status":"installing-updates","current":3,"total":6,"progress":16}
[2026-01-23 19:04:35.965] [info]  DiscordSplash.onStateUpdate: {"status":"installing-updates","current":3,"total":6,"progress":16}
[2026-01-23 19:04:35.965] [info]  Splash.onStateUpdate: {"status":"installing-updates","current":3,"total":6,"progress":16}
[2026-01-23 19:04:35.965] [info]  DiscordSplash.onStateUpdate: {"status":"installing-updates","current":3,"total":6,"progress":16}
[2026-01-23 19:04:35.965] [info]  Splash.onStateUpdate: {"status":"installing-updates","current":3,"total":6,"progress":16}
[2026-01-23 19:04:35.966] [info]  DiscordSplash.onStateUpdate: {"status":"installing-updates","current":3,"total":6,"progress":16}
[2026-01-23 19:04:35.966] [info]  Splash.onStateUpdate: {"status":"installing-updates","current":3,"total":6,"progress":16}
[2026-01-23 19:04:35.967] [info]  DiscordSplash.onStateUpdate: {"status":"installing-updates","current":3,"total":6,"progress":16}
[2026-01-23 19:04:35.967] [info]  Splash.onStateUpdate: {"status":"installing-updates","current":3,"total":6,"progress":16}
[2026-01-23 19:04:35.967] [info]  DiscordSplash.onStateUpdate: {"status":"installing-updates","current":3,"total":6,"progress":17}
[2026-01-23 19:04:35.967] [info]  Splash.onStateUpdate: {"status":"installing-updates","current":3,"total":6,"progress":17}
[2026-01-23 19:04:35.968] [info]  DiscordSplash.onStateUpdate: {"status":"installing-updates","current":3,"total":6,"progress":17}
[2026-01-23 19:04:35.968] [info]  Splash.onStateUpdate: {"status":"installing-updates","current":3,"total":6,"progress":17}
[2026-01-23 19:04:35.968] [info]  DiscordSplash.onStateUpdate: {"status":"installing-updates","current":3,"total":6,"progress":17}
[2026-01-23 19:04:35.969] [info]  Splash.onStateUpdate: {"status":"installing-updates","current":3,"total":6,"progress":17}
[2026-01-23 19:04:35.969] [info]  DiscordSplash.onStateUpdate: {"status":"installing-updates","current":3,"total":6,"progress":17}
[2026-01-23 19:04:35.969] [info]  Splash.onStateUpdate: {"status":"installing-updates","current":3,"total":6,"progress":17}
[2026-01-23 19:04:35.970] [info]  DiscordSplash.onStateUpdate: {"status":"installing-updates","current":3,"total":6,"progress":17}
[2026-01-23 19:04:35.970] [info]  Splash.onStateUpdate: {"status":"installing-updates","current":3,"total":6,"progress":17}
[2026-01-23 19:04:35.970] [info]  DiscordSplash.onStateUpdate: {"status":"installing-updates","current":3,"total":6,"progress":17}
[2026-01-23 19:04:35.970] [info]  Splash.onStateUpdate: {"status":"installing-updates","current":3,"total":6,"progress":17}
[2026-01-23 19:04:35.971] [info]  DiscordSplash.onStateUpdate: {"status":"installing-updates","current":3,"total":6,"progress":17}
[2026-01-23 19:04:35.971] [info]  Splash.onStateUpdate: {"status":"installing-updates","current":3,"total":6,"progress":17}
[2026-01-23 19:04:35.972] [info]  DiscordSplash.onStateUpdate: {"status":"installing-updates","current":3,"total":6,"progress":18}
[2026-01-23 19:04:35.972] [info]  Splash.onStateUpdate: {"status":"installing-updates","current":3,"total":6,"progress":18}
[2026-01-23 19:04:35.972] [info]  DiscordSplash.onStateUpdate: {"status":"installing-updates","current":3,"total":6,"progress":18}
[2026-01-23 19:04:35.972] [info]  Splash.onStateUpdate: {"status":"installing-updates","current":3,"total":6,"progress":18}
[2026-01-23 19:04:35.973] [info]  DiscordSplash.onStateUpdate: {"status":"installing-updates","current":3,"total":6,"progress":18}
[2026-01-23 19:04:35.973] [info]  Splash.onStateUpdate: {"status":"installing-updates","current":3,"total":6,"progress":18}
[2026-01-23 19:04:35.973] [info]  DiscordSplash.onStateUpdate: {"status":"installing-updates","current":3,"total":6,"progress":18}
[2026-01-23 19:04:35.974] [info]  Splash.onStateUpdate: {"status":"installing-updates","current":3,"total":6,"progress":18}
[2026-01-23 19:04:35.974] [info]  DiscordSplash.onStateUpdate: {"status":"installing-updates","current":3,"total":6,"progress":18}
[2026-01-23 19:04:35.974] [info]  Splash.onStateUpdate: {"status":"installing-updates","current":3,"total":6,"progress":18}
[2026-01-23 19:04:35.975] [info]  DiscordSplash.onStateUpdate: {"status":"installing-updates","current":3,"total":6,"progress":18}
[2026-01-23 19:04:35.975] [info]  Splash.onStateUpdate: {"status":"installing-updates","current":3,"total":6,"progress":18}
[2026-01-23 19:04:35.976] [info]  DiscordSplash.onStateUpdate: {"status":"installing-updates","current":3,"total":6,"progress":19}
[2026-01-23 19:04:35.976] [info]  Splash.onStateUpdate: {"status":"installing-updates","current":3,"total":6,"progress":19}
[2026-01-23 19:04:35.976] [info]  DiscordSplash.onStateUpdate: {"status":"installing-updates","current":3,"total":6,"progress":19}
[2026-01-23 19:04:35.976] [info]  Splash.onStateUpdate: {"status":"installing-updates","current":3,"total":6,"progress":19}
[2026-01-23 19:04:35.977] [info]  DiscordSplash.onStateUpdate: {"status":"installing-updates","current":3,"total":6,"progress":19}
[2026-01-23 19:04:35.977] [info]  Splash.onStateUpdate: {"status":"installing-updates","current":3,"total":6,"progress":19}
[2026-01-23 19:04:35.977] [info]  DiscordSplash.onStateUpdate: {"status":"installing-updates","current":3,"total":6,"progress":19}
[2026-01-23 19:04:35.978] [info]  Splash.onStateUpdate: {"status":"installing-updates","current":3,"total":6,"progress":19}
[2026-01-23 19:04:35.978] [info]  DiscordSplash.onStateUpdate: {"status":"installing-updates","current":3,"total":6,"progress":19}
[2026-01-23 19:04:35.978] [info]  Splash.onStateUpdate: {"status":"installing-updates","current":3,"total":6,"progress":19}
[2026-01-23 19:04:35.979] [info]  DiscordSplash.onStateUpdate: {"status":"installing-updates","current":3,"total":6,"progress":19}
[2026-01-23 19:04:35.979] [info]  Splash.onStateUpdate: {"status":"installing-updates","current":3,"total":6,"progress":19}
[2026-01-23 19:04:35.979] [info]  DiscordSplash.onStateUpdate: {"status":"installing-updates","current":3,"total":6,"progress":20}
[2026-01-23 19:04:35.980] [info]  Splash.onStateUpdate: {"status":"installing-updates","current":3,"total":6,"progress":20}
[2026-01-23 19:04:35.980] [info]  DiscordSplash.onStateUpdate: {"status":"installing-updates","current":3,"total":6,"progress":20}
[2026-01-23 19:04:35.980] [info]  Splash.onStateUpdate: {"status":"installing-updates","current":3,"total":6,"progress":20}
[2026-01-23 19:04:35.981] [info]  DiscordSplash.onStateUpdate: {"status":"installing-updates","current":3,"total":6,"progress":20}
[2026-01-23 19:04:35.981] [info]  Splash.onStateUpdate: {"status":"installing-updates","current":3,"total":6,"progress":20}
[2026-01-23 19:04:35.981] [info]  DiscordSplash.onStateUpdate: {"status":"installing-updates","current":3,"total":6,"progress":20}
[2026-01-23 19:04:35.981] [info]  Splash.onStateUpdate: {"status":"installing-updates","current":3,"total":6,"progress":20}
[2026-01-23 19:04:35.982] [info]  DiscordSplash.onStateUpdate: {"status":"installing-updates","current":3,"total":6,"progress":20}
[2026-01-23 19:04:35.982] [info]  Splash.onStateUpdate: {"status":"installing-updates","current":3,"total":6,"progress":20}
[2026-01-23 19:04:35.983] [info]  DiscordSplash.onStateUpdate: {"status":"installing-updates","current":3,"total":6,"progress":20}
[2026-01-23 19:04:35.983] [info]  Splash.onStateUpdate: {"status":"installing-updates","current":3,"total":6,"progress":20}
[2026-01-23 19:04:35.983] [info]  DiscordSplash.onStateUpdate: {"status":"installing-updates","current":3,"total":6,"progress":21}
[2026-01-23 19:04:35.983] [info]  Splash.onStateUpdate: {"status":"installing-updates","current":3,"total":6,"progress":21}
[2026-01-23 19:04:35.984] [info]  DiscordSplash.onStateUpdate: {"status":"installing-updates","current":3,"total":6,"progress":21}
[2026-01-23 19:04:35.984] [info]  Splash.onStateUpdate: {"status":"installing-updates","current":3,"total":6,"progress":21}
[2026-01-23 19:04:35.985] [info]  DiscordSplash.onStateUpdate: {"status":"installing-updates","current":3,"total":6,"progress":21}
[2026-01-23 19:04:35.985] [info]  Splash.onStateUpdate: {"status":"installing-updates","current":3,"total":6,"progress":21}
[2026-01-23 19:04:35.985] [info]  DiscordSplash.onStateUpdate: {"status":"installing-updates","current":3,"total":6,"progress":21}
[2026-01-23 19:04:35.985] [info]  Splash.onStateUpdate: {"status":"installing-updates","current":3,"total":6,"progress":21}
[2026-01-23 19:04:35.986] [info]  DiscordSplash.onStateUpdate: {"status":"installing-updates","current":3,"total":6,"progress":21}
[2026-01-23 19:04:35.986] [info]  Splash.onStateUpdate: {"status":"installing-updates","current":3,"total":6,"progress":21}
[2026-01-23 19:04:35.987] [info]  DiscordSplash.onStateUpdate: {"status":"installing-updates","current":3,"total":6,"progress":21}
[2026-01-23 19:04:35.987] [info]  Splash.onStateUpdate: {"status":"installing-updates","current":3,"total":6,"progress":21}
[2026-01-23 19:04:35.987] [info]  DiscordSplash.onStateUpdate: {"status":"installing-updates","current":3,"total":6,"progress":22}
[2026-01-23 19:04:35.987] [info]  Splash.onStateUpdate: {"status":"installing-updates","current":3,"total":6,"progress":22}
[2026-01-23 19:04:35.988] [info]  DiscordSplash.onStateUpdate: {"status":"installing-updates","current":3,"total":6,"progress":22}
[2026-01-23 19:04:35.988] [info]  Splash.onStateUpdate: {"status":"installing-updates","current":3,"total":6,"progress":22}
[2026-01-23 19:04:35.988] [info]  DiscordSplash.onStateUpdate: {"status":"installing-updates","current":3,"total":6,"progress":22}
[2026-01-23 19:04:35.989] [info]  Splash.onStateUpdate: {"status":"installing-updates","current":3,"total":6,"progress":22}
[2026-01-23 19:04:35.989] [info]  Splash.updateCountdownSeconds: undefined
[2026-01-23 19:04:35.989] [info]  DiscordSplash.onStateUpdate: {"status":"installing-updates","current":3,"total":6,"progress":22}
[2026-01-23 19:04:35.989] [info]  Splash.onStateUpdate: {"status":"installing-updates","current":3,"total":6,"progress":22}
[2026-01-23 19:04:35.990] [info]  DiscordSplash.onStateUpdate: {"status":"installing-updates","current":3,"total":6,"progress":22}
[2026-01-23 19:04:35.990] [info]  Splash.onStateUpdate: {"status":"installing-updates","current":3,"total":6,"progress":22}
[2026-01-23 19:04:35.991] [info]  DiscordSplash.onStateUpdate: {"status":"installing-updates","current":3,"total":6,"progress":22}
[2026-01-23 19:04:35.991] [info]  Splash.onStateUpdate: {"status":"installing-updates","current":3,"total":6,"progress":22}
[2026-01-23 19:04:35.991] [info]  DiscordSplash.onStateUpdate: {"status":"installing-updates","current":3,"total":6,"progress":23}
[2026-01-23 19:04:35.991] [info]  Splash.onStateUpdate: {"status":"installing-updates","current":3,"total":6,"progress":23}
[2026-01-23 19:04:35.992] [info]  DiscordSplash.onStateUpdate: {"status":"installing-updates","current":3,"total":6,"progress":23}
[2026-01-23 19:04:35.992] [info]  Splash.onStateUpdate: {"status":"installing-updates","current":3,"total":6,"progress":23}
[2026-01-23 19:04:35.993] [info]  DiscordSplash.onStateUpdate: {"status":"installing-updates","current":3,"total":6,"progress":23}
[2026-01-23 19:04:35.993] [info]  Splash.onStateUpdate: {"status":"installing-updates","current":3,"total":6,"progress":23}
[2026-01-23 19:04:35.993] [info]  DiscordSplash.onStateUpdate: {"status":"installing-updates","current":3,"total":6,"progress":23}
[2026-01-23 19:04:35.993] [info]  Splash.onStateUpdate: {"status":"installing-updates","current":3,"total":6,"progress":23}
[2026-01-23 19:04:35.994] [info]  DiscordSplash.onStateUpdate: {"status":"installing-updates","current":3,"total":6,"progress":23}
[2026-01-23 19:04:35.994] [info]  Splash.onStateUpdate: {"status":"installing-updates","current":3,"total":6,"progress":23}
[2026-01-23 19:04:35.994] [info]  DiscordSplash.onStateUpdate: {"status":"installing-updates","current":3,"total":6,"progress":23}
[2026-01-23 19:04:35.995] [info]  Splash.onStateUpdate: {"status":"installing-updates","current":3,"total":6,"progress":23}
[2026-01-23 19:04:35.995] [info]  DiscordSplash.onStateUpdate: {"status":"installing-updates","current":3,"total":6,"progress":23}
[2026-01-23 19:04:35.995] [info]  Splash.onStateUpdate: {"status":"installing-updates","current":3,"total":6,"progress":23}
[2026-01-23 19:04:35.996] [info]  DiscordSplash.onStateUpdate: {"status":"installing-updates","current":3,"total":6,"progress":24}
[2026-01-23 19:04:35.996] [info]  Splash.onStateUpdate: {"status":"installing-updates","current":3,"total":6,"progress":24}
[2026-01-23 19:04:35.996] [info]  DiscordSplash.onStateUpdate: {"status":"installing-updates","current":3,"total":6,"progress":24}
[2026-01-23 19:04:35.996] [info]  Splash.onStateUpdate: {"status":"installing-updates","current":3,"total":6,"progress":24}
[2026-01-23 19:04:35.997] [info]  DiscordSplash.onStateUpdate: {"status":"installing-updates","current":3,"total":6,"progress":24}
[2026-01-23 19:04:35.997] [info]  Splash.onStateUpdate: {"status":"installing-updates","current":3,"total":6,"progress":24}
[2026-01-23 19:04:35.998] [info]  DiscordSplash.onStateUpdate: {"status":"installing-updates","current":3,"total":6,"progress":24}
[2026-01-23 19:04:35.998] [info]  Splash.onStateUpdate: {"status":"installing-updates","current":3,"total":6,"progress":24}
[2026-01-23 19:04:35.998] [info]  DiscordSplash.onStateUpdate: {"status":"installing-updates","current":3,"total":6,"progress":24}
[2026-01-23 19:04:35.998] [info]  Splash.onStateUpdate: {"status":"installing-updates","current":3,"total":6,"progress":24}
[2026-01-23 19:04:35.999] [info]  DiscordSplash.onStateUpdate: {"status":"installing-updates","current":3,"total":6,"progress":24}
[2026-01-23 19:04:35.999] [info]  Splash.onStateUpdate: {"status":"installing-updates","current":3,"total":6,"progress":24}
[2026-01-23 19:04:36.000] [info]  DiscordSplash.onStateUpdate: {"status":"installing-updates","current":3,"total":6,"progress":25}
[2026-01-23 19:04:36.000] [info]  Splash.onStateUpdate: {"status":"installing-updates","current":3,"total":6,"progress":25}
[2026-01-23 19:04:36.000] [info]  DiscordSplash.onStateUpdate: {"status":"installing-updates","current":3,"total":6,"progress":25}
[2026-01-23 19:04:36.000] [info]  Splash.onStateUpdate: {"status":"installing-updates","current":3,"total":6,"progress":25}
[2026-01-23 19:04:36.001] [info]  DiscordSplash.onStateUpdate: {"status":"installing-updates","current":3,"total":6,"progress":25}
[2026-01-23 19:04:36.001] [info]  Splash.onStateUpdate: {"status":"installing-updates","current":3,"total":6,"progress":25}
[2026-01-23 19:04:36.002] [info]  DiscordSplash.onStateUpdate: {"status":"installing-updates","current":3,"total":6,"progress":25}
[2026-01-23 19:04:36.002] [info]  Splash.onStateUpdate: {"status":"installing-updates","current":3,"total":6,"progress":25}
[2026-01-23 19:04:36.002] [info]  DiscordSplash.onStateUpdate: {"status":"installing-updates","current":3,"total":6,"progress":25}
[2026-01-23 19:04:36.002] [info]  Splash.onStateUpdate: {"status":"installing-updates","current":3,"total":6,"progress":25}
[2026-01-23 19:04:36.003] [info]  DiscordSplash.onStateUpdate: {"status":"installing-updates","current":3,"total":6,"progress":25}
[2026-01-23 19:04:36.003] [info]  Splash.onStateUpdate: {"status":"installing-updates","current":3,"total":6,"progress":25}
[2026-01-23 19:04:36.003] [info]  DiscordSplash.onStateUpdate: {"status":"installing-updates","current":3,"total":6,"progress":26}
[2026-01-23 19:04:36.003] [info]  Splash.onStateUpdate: {"status":"installing-updates","current":3,"total":6,"progress":26}
[2026-01-23 19:04:36.004] [info]  DiscordSplash.onStateUpdate: {"status":"installing-updates","current":3,"total":6,"progress":26}
[2026-01-23 19:04:36.004] [info]  Splash.onStateUpdate: {"status":"installing-updates","current":3,"total":6,"progress":26}
[2026-01-23 19:04:36.005] [info]  DiscordSplash.onStateUpdate: {"status":"installing-updates","current":3,"total":6,"progress":26}
[2026-01-23 19:04:36.005] [info]  Splash.onStateUpdate: {"status":"installing-updates","current":3,"total":6,"progress":26}
[2026-01-23 19:04:36.006] [info]  DiscordSplash.onStateUpdate: {"status":"installing-updates","current":3,"total":6,"progress":26}
[2026-01-23 19:04:36.006] [info]  Splash.onStateUpdate: {"status":"installing-updates","current":3,"total":6,"progress":26}
[2026-01-23 19:04:36.006] [info]  DiscordSplash.onStateUpdate: {"status":"installing-updates","current":3,"total":6,"progress":26}
[2026-01-23 19:04:36.007] [info]  Splash.onStateUpdate: {"status":"installing-updates","current":3,"total":6,"progress":26}
[2026-01-23 19:04:36.008] [info]  DiscordSplash.onStateUpdate: {"status":"installing-updates","current":3,"total":6,"progress":26}
[2026-01-23 19:04:36.009] [info]  Splash.onStateUpdate: {"status":"installing-updates","current":3,"total":6,"progress":26}
[2026-01-23 19:04:36.009] [info]  DiscordSplash.onStateUpdate: {"status":"installing-updates","current":3,"total":6,"progress":27}
[2026-01-23 19:04:36.009] [info]  Splash.onStateUpdate: {"status":"installing-updates","current":3,"total":6,"progress":27}
[2026-01-23 19:04:36.010] [info]  DiscordSplash.onStateUpdate: {"status":"installing-updates","current":3,"total":6,"progress":27}
[2026-01-23 19:04:36.010] [info]  Splash.onStateUpdate: {"status":"installing-updates","current":3,"total":6,"progress":27}
[2026-01-23 19:04:36.011] [info]  DiscordSplash.onStateUpdate: {"status":"installing-updates","current":3,"total":6,"progress":27}
[2026-01-23 19:04:36.011] [info]  Splash.onStateUpdate: {"status":"installing-updates","current":3,"total":6,"progress":27}
[2026-01-23 19:04:36.012] [info]  DiscordSplash.onStateUpdate: {"status":"installing-updates","current":3,"total":6,"progress":27}
[2026-01-23 19:04:36.012] [info]  Splash.onStateUpdate: {"status":"installing-updates","current":3,"total":6,"progress":27}
[2026-01-23 19:04:36.012] [info]  DiscordSplash.onStateUpdate: {"status":"installing-updates","current":3,"total":6,"progress":27}
[2026-01-23 19:04:36.013] [info]  Splash.onStateUpdate: {"status":"installing-updates","current":3,"total":6,"progress":27}
[2026-01-23 19:04:36.013] [info]  DiscordSplash.onStateUpdate: {"status":"installing-updates","current":3,"total":6,"progress":27}
[2026-01-23 19:04:36.013] [info]  Splash.onStateUpdate: {"status":"installing-updates","current":3,"total":6,"progress":27}
[2026-01-23 19:04:36.014] [info]  DiscordSplash.onStateUpdate: {"status":"installing-updates","current":3,"total":6,"progress":28}
[2026-01-23 19:04:36.014] [info]  Splash.onStateUpdate: {"status":"installing-updates","current":3,"total":6,"progress":28}
[2026-01-23 19:04:36.015] [info]  DiscordSplash.onStateUpdate: {"status":"installing-updates","current":3,"total":6,"progress":28}
[2026-01-23 19:04:36.015] [info]  Splash.onStateUpdate: {"status":"installing-updates","current":3,"total":6,"progress":28}
[2026-01-23 19:04:36.015] [info]  DiscordSplash.onStateUpdate: {"status":"installing-updates","current":3,"total":6,"progress":28}
[2026-01-23 19:04:36.015] [info]  Splash.onStateUpdate: {"status":"installing-updates","current":3,"total":6,"progress":28}
[2026-01-23 19:04:36.016] [info]  DiscordSplash.onStateUpdate: {"status":"installing-updates","current":3,"total":6,"progress":28}
[2026-01-23 19:04:36.016] [info]  Splash.onStateUpdate: {"status":"installing-updates","current":3,"total":6,"progress":28}
[2026-01-23 19:04:36.016] [info]  DiscordSplash.onStateUpdate: {"status":"installing-updates","current":3,"total":6,"progress":28}
[2026-01-23 19:04:36.016] [info]  Splash.onStateUpdate: {"status":"installing-updates","current":3,"total":6,"progress":28}
[2026-01-23 19:04:36.017] [info]  DiscordSplash.onStateUpdate: {"status":"installing-updates","current":3,"total":6,"progress":28}
[2026-01-23 19:04:36.017] [info]  Splash.onStateUpdate: {"status":"installing-updates","current":3,"total":6,"progress":28}
[2026-01-23 19:04:36.018] [info]  DiscordSplash.onStateUpdate: {"status":"installing-updates","current":3,"total":6,"progress":29}
[2026-01-23 19:04:36.018] [info]  Splash.onStateUpdate: {"status":"installing-updates","current":3,"total":6,"progress":29}
[2026-01-23 19:04:36.018] [info]  DiscordSplash.onStateUpdate: {"status":"installing-updates","current":3,"total":6,"progress":29}
[2026-01-23 19:04:36.018] [info]  Splash.onStateUpdate: {"status":"installing-updates","current":3,"total":6,"progress":29}
[2026-01-23 19:04:36.019] [info]  DiscordSplash.onStateUpdate: {"status":"installing-updates","current":3,"total":6,"progress":29}
[2026-01-23 19:04:36.019] [info]  Splash.onStateUpdate: {"status":"installing-updates","current":3,"total":6,"progress":29}
[2026-01-23 19:04:36.019] [info]  DiscordSplash.onStateUpdate: {"status":"installing-updates","current":3,"total":6,"progress":29}
[2026-01-23 19:04:36.019] [info]  Splash.onStateUpdate: {"status":"installing-updates","current":3,"total":6,"progress":29}
[2026-01-23 19:04:36.020] [info]  DiscordSplash.onStateUpdate: {"status":"installing-updates","current":3,"total":6,"progress":29}
[2026-01-23 19:04:36.020] [info]  Splash.onStateUpdate: {"status":"installing-updates","current":3,"total":6,"progress":29}
[2026-01-23 19:04:36.020] [info]  DiscordSplash.onStateUpdate: {"status":"installing-updates","current":3,"total":6,"progress":29}
[2026-01-23 19:04:36.021] [info]  Splash.onStateUpdate: {"status":"installing-updates","current":3,"total":6,"progress":29}
[2026-01-23 19:04:36.021] [info]  DiscordSplash.onStateUpdate: {"status":"installing-updates","current":3,"total":6,"progress":29}
[2026-01-23 19:04:36.021] [info]  Splash.onStateUpdate: {"status":"installing-updates","current":3,"total":6,"progress":29}
[2026-01-23 19:04:36.022] [info]  DiscordSplash.onStateUpdate: {"status":"installing-updates","current":3,"total":6,"progress":30}
[2026-01-23 19:04:36.022] [info]  Splash.onStateUpdate: {"status":"installing-updates","current":3,"total":6,"progress":30}
[2026-01-23 19:04:36.022] [info]  DiscordSplash.onStateUpdate: {"status":"installing-updates","current":3,"total":6,"progress":30}
[2026-01-23 19:04:36.022] [info]  Splash.onStateUpdate: {"status":"installing-updates","current":3,"total":6,"progress":30}
[2026-01-23 19:04:36.023] [info]  DiscordSplash.onStateUpdate: {"status":"installing-updates","current":3,"total":6,"progress":30}
[2026-01-23 19:04:36.023] [info]  Splash.onStateUpdate: {"status":"installing-updates","current":3,"total":6,"progress":30}
[2026-01-23 19:04:36.023] [info]  DiscordSplash.onStateUpdate: {"status":"installing-updates","current":3,"total":6,"progress":30}
[2026-01-23 19:04:36.024] [info]  Splash.onStateUpdate: {"status":"installing-updates","current":3,"total":6,"progress":30}
[2026-01-23 19:04:36.024] [info]  DiscordSplash.onStateUpdate: {"status":"installing-updates","current":3,"total":6,"progress":30}
[2026-01-23 19:04:36.024] [info]  Splash.onStateUpdate: {"status":"installing-updates","current":3,"total":6,"progress":30}
[2026-01-23 19:04:36.025] [info]  DiscordSplash.onStateUpdate: {"status":"installing-updates","current":3,"total":6,"progress":30}
[2026-01-23 19:04:36.025] [info]  Splash.onStateUpdate: {"status":"installing-updates","current":3,"total":6,"progress":30}
[2026-01-23 19:04:36.025] [info]  DiscordSplash.onStateUpdate: {"status":"installing-updates","current":3,"total":6,"progress":31}
[2026-01-23 19:04:36.026] [info]  Splash.onStateUpdate: {"status":"installing-updates","current":3,"total":6,"progress":31}
[2026-01-23 19:04:36.026] [info]  DiscordSplash.onStateUpdate: {"status":"installing-updates","current":3,"total":6,"progress":31}
[2026-01-23 19:04:36.026] [info]  Splash.onStateUpdate: {"status":"installing-updates","current":3,"total":6,"progress":31}
[2026-01-23 19:04:36.027] [info]  DiscordSplash.onStateUpdate: {"status":"installing-updates","current":3,"total":6,"progress":31}
[2026-01-23 19:04:36.027] [info]  Splash.onStateUpdate: {"status":"installing-updates","current":3,"total":6,"progress":31}
[2026-01-23 19:04:36.027] [info]  DiscordSplash.onStateUpdate: {"status":"installing-updates","current":3,"total":6,"progress":31}
[2026-01-23 19:04:36.027] [info]  Splash.onStateUpdate: {"status":"installing-updates","current":3,"total":6,"progress":31}
[2026-01-23 19:04:36.028] [info]  DiscordSplash.onStateUpdate: {"status":"installing-updates","current":3,"total":6,"progress":31}
[2026-01-23 19:04:36.028] [info]  Splash.onStateUpdate: {"status":"installing-updates","current":3,"total":6,"progress":31}
[2026-01-23 19:04:36.029] [info]  DiscordSplash.onStateUpdate: {"status":"installing-updates","current":3,"total":6,"progress":31}
[2026-01-23 19:04:36.029] [info]  Splash.onStateUpdate: {"status":"installing-updates","current":3,"total":6,"progress":31}
[2026-01-23 19:04:36.029] [info]  DiscordSplash.onStateUpdate: {"status":"installing-updates","current":3,"total":6,"progress":32}
[2026-01-23 19:04:36.029] [info]  Splash.onStateUpdate: {"status":"installing-updates","current":3,"total":6,"progress":32}
[2026-01-23 19:04:36.030] [info]  DiscordSplash.onStateUpdate: {"status":"installing-updates","current":3,"total":6,"progress":32}
[2026-01-23 19:04:36.030] [info]  Splash.onStateUpdate: {"status":"installing-updates","current":3,"total":6,"progress":32}
[2026-01-23 19:04:36.030] [info]  DiscordSplash.onStateUpdate: {"status":"installing-updates","current":3,"total":6,"progress":32}
[2026-01-23 19:04:36.030] [info]  Splash.onStateUpdate: {"status":"installing-updates","current":3,"total":6,"progress":32}
[2026-01-23 19:04:36.031] [info]  DiscordSplash.onStateUpdate: {"status":"installing-updates","current":3,"total":6,"progress":32}
[2026-01-23 19:04:36.031] [info]  Splash.onStateUpdate: {"status":"installing-updates","current":3,"total":6,"progress":32}
[2026-01-23 19:04:36.031] [info]  DiscordSplash.onStateUpdate: {"status":"installing-updates","current":3,"total":6,"progress":32}
[2026-01-23 19:04:36.032] [info]  Splash.onStateUpdate: {"status":"installing-updates","current":3,"total":6,"progress":32}
[2026-01-23 19:04:36.032] [info]  DiscordSplash.onStateUpdate: {"status":"installing-updates","current":3,"total":6,"progress":32}
[2026-01-23 19:04:36.032] [info]  Splash.onStateUpdate: {"status":"installing-updates","current":3,"total":6,"progress":32}
[2026-01-23 19:04:36.033] [info]  DiscordSplash.onStateUpdate: {"status":"installing-updates","current":3,"total":6,"progress":33}
[2026-01-23 19:04:36.033] [info]  Splash.onStateUpdate: {"status":"installing-updates","current":3,"total":6,"progress":33}
[2026-01-23 19:04:36.033] [info]  DiscordSplash.onStateUpdate: {"status":"installing-updates","current":3,"total":6,"progress":33}
[2026-01-23 19:04:36.033] [info]  Splash.onStateUpdate: {"status":"installing-updates","current":3,"total":6,"progress":33}
[2026-01-23 19:04:36.034] [info]  DiscordSplash.onStateUpdate: {"status":"installing-updates","current":3,"total":6,"progress":33}
[2026-01-23 19:04:36.034] [info]  Splash.onStateUpdate: {"status":"installing-updates","current":3,"total":6,"progress":33}
[2026-01-23 19:04:36.034] [info]  DiscordSplash.onStateUpdate: {"status":"installing-updates","current":3,"total":6,"progress":33}
[2026-01-23 19:04:36.034] [info]  Splash.onStateUpdate: {"status":"installing-updates","current":3,"total":6,"progress":33}
[2026-01-23 19:04:36.035] [info]  DiscordSplash.onStateUpdate: {"status":"installing-updates","current":3,"total":6,"progress":33}
[2026-01-23 19:04:36.035] [info]  Splash.onStateUpdate: {"status":"installing-updates","current":3,"total":6,"progress":33}
[2026-01-23 19:04:36.036] [info]  DiscordSplash.onStateUpdate: {"status":"installing-updates","current":3,"total":6,"progress":33}
[2026-01-23 19:04:36.036] [info]  Splash.onStateUpdate: {"status":"installing-updates","current":3,"total":6,"progress":33}
[2026-01-23 19:04:36.036] [info]  DiscordSplash.onStateUpdate: {"status":"installing-updates","current":3,"total":6,"progress":34}
[2026-01-23 19:04:36.036] [info]  Splash.onStateUpdate: {"status":"installing-updates","current":3,"total":6,"progress":34}
[2026-01-23 19:04:36.037] [info]  DiscordSplash.onStateUpdate: {"status":"installing-updates","current":3,"total":6,"progress":34}
[2026-01-23 19:04:36.037] [info]  Splash.onStateUpdate: {"status":"installing-updates","current":3,"total":6,"progress":34}
[2026-01-23 19:04:36.037] [info]  DiscordSplash.onStateUpdate: {"status":"installing-updates","current":3,"total":6,"progress":34}
[2026-01-23 19:04:36.037] [info]  Splash.onStateUpdate: {"status":"installing-updates","current":3,"total":6,"progress":34}
[2026-01-23 19:04:36.038] [info]  DiscordSplash.onStateUpdate: {"status":"installing-updates","current":3,"total":6,"progress":34}
[2026-01-23 19:04:36.038] [info]  Splash.onStateUpdate: {"status":"installing-updates","current":3,"total":6,"progress":34}
[2026-01-23 19:04:36.039] [info]  DiscordSplash.onStateUpdate: {"status":"installing-updates","current":3,"total":6,"progress":34}
[2026-01-23 19:04:36.039] [info]  Splash.onStateUpdate: {"status":"installing-updates","current":3,"total":6,"progress":34}
[2026-01-23 19:04:36.039] [info]  DiscordSplash.onStateUpdate: {"status":"installing-updates","current":3,"total":6,"progress":34}
[2026-01-23 19:04:36.039] [info]  Splash.onStateUpdate: {"status":"installing-updates","current":3,"total":6,"progress":34}
[2026-01-23 19:04:36.040] [info]  DiscordSplash.onStateUpdate: {"status":"installing-updates","current":3,"total":6,"progress":35}
[2026-01-23 19:04:36.040] [info]  Splash.onStateUpdate: {"status":"installing-updates","current":3,"total":6,"progress":35}
[2026-01-23 19:04:36.040] [info]  DiscordSplash.onStateUpdate: {"status":"installing-updates","current":3,"total":6,"progress":35}
[2026-01-23 19:04:36.040] [info]  Splash.onStateUpdate: {"status":"installing-updates","current":3,"total":6,"progress":35}
[2026-01-23 19:04:36.041] [info]  DiscordSplash.onStateUpdate: {"status":"installing-updates","current":3,"total":6,"progress":35}
[2026-01-23 19:04:36.041] [info]  Splash.onStateUpdate: {"status":"installing-updates","current":3,"total":6,"progress":35}
[2026-01-23 19:04:36.042] [info]  DiscordSplash.onStateUpdate: {"status":"installing-updates","current":3,"total":6,"progress":35}
[2026-01-23 19:04:36.042] [info]  Splash.onStateUpdate: {"status":"installing-updates","current":3,"total":6,"progress":35}
[2026-01-23 19:04:36.042] [info]  DiscordSplash.onStateUpdate: {"status":"installing-updates","current":3,"total":6,"progress":35}
[2026-01-23 19:04:36.042] [info]  Splash.onStateUpdate: {"status":"installing-updates","current":3,"total":6,"progress":35}
[2026-01-23 19:04:36.043] [info]  DiscordSplash.onStateUpdate: {"status":"installing-updates","current":3,"total":6,"progress":35}
[2026-01-23 19:04:36.043] [info]  Splash.onStateUpdate: {"status":"installing-updates","current":3,"total":6,"progress":35}
[2026-01-23 19:04:36.043] [info]  DiscordSplash.onStateUpdate: {"status":"installing-updates","current":3,"total":6,"progress":35}
[2026-01-23 19:04:36.043] [info]  Splash.onStateUpdate: {"status":"installing-updates","current":3,"total":6,"progress":35}
[2026-01-23 19:04:36.044] [info]  DiscordSplash.onStateUpdate: {"status":"installing-updates","current":3,"total":6,"progress":36}
[2026-01-23 19:04:36.044] [info]  Splash.onStateUpdate: {"status":"installing-updates","current":3,"total":6,"progress":36}
[2026-01-23 19:04:36.045] [info]  DiscordSplash.onStateUpdate: {"status":"installing-updates","current":3,"total":6,"progress":36}
[2026-01-23 19:04:36.045] [info]  Splash.onStateUpdate: {"status":"installing-updates","current":3,"total":6,"progress":36}
[2026-01-23 19:04:36.045] [info]  DiscordSplash.onStateUpdate: {"status":"installing-updates","current":3,"total":6,"progress":36}
[2026-01-23 19:04:36.045] [info]  Splash.onStateUpdate: {"status":"installing-updates","current":3,"total":6,"progress":36}
[2026-01-23 19:04:36.046] [info]  DiscordSplash.onStateUpdate: {"status":"installing-updates","current":3,"total":6,"progress":36}
[2026-01-23 19:04:36.046] [info]  Splash.onStateUpdate: {"status":"installing-updates","current":3,"total":6,"progress":36}
[2026-01-23 19:04:36.046] [info]  DiscordSplash.onStateUpdate: {"status":"installing-updates","current":3,"total":6,"progress":36}
[2026-01-23 19:04:36.046] [info]  Splash.onStateUpdate: {"status":"installing-updates","current":3,"total":6,"progress":36}
[2026-01-23 19:04:36.047] [info]  DiscordSplash.onStateUpdate: {"status":"installing-updates","current":3,"total":6,"progress":36}
[2026-01-23 19:04:36.047] [info]  Splash.onStateUpdate: {"status":"installing-updates","current":3,"total":6,"progress":36}
[2026-01-23 19:04:36.048] [info]  DiscordSplash.onStateUpdate: {"status":"installing-updates","current":3,"total":6,"progress":37}
[2026-01-23 19:04:36.048] [info]  Splash.onStateUpdate: {"status":"installing-updates","current":3,"total":6,"progress":37}
[2026-01-23 19:04:36.049] [info]  DiscordSplash.onStateUpdate: {"status":"installing-updates","current":3,"total":6,"progress":37}
[2026-01-23 19:04:36.049] [info]  Splash.onStateUpdate: {"status":"installing-updates","current":3,"total":6,"progress":37}
[2026-01-23 19:04:36.049] [info]  DiscordSplash.onStateUpdate: {"status":"installing-updates","current":3,"total":6,"progress":37}
[2026-01-23 19:04:36.049] [info]  Splash.onStateUpdate: {"status":"installing-updates","current":3,"total":6,"progress":37}
[2026-01-23 19:04:36.050] [info]  DiscordSplash.onStateUpdate: {"status":"installing-updates","current":3,"total":6,"progress":37}
[2026-01-23 19:04:36.050] [info]  Splash.onStateUpdate: {"status":"installing-updates","current":3,"total":6,"progress":37}
[2026-01-23 19:04:36.050] [info]  DiscordSplash.onStateUpdate: {"status":"installing-updates","current":3,"total":6,"progress":37}
[2026-01-23 19:04:36.050] [info]  Splash.onStateUpdate: {"status":"installing-updates","current":3,"total":6,"progress":37}
[2026-01-23 19:04:36.051] [info]  DiscordSplash.onStateUpdate: {"status":"installing-updates","current":3,"total":6,"progress":37}
[2026-01-23 19:04:36.051] [info]  Splash.onStateUpdate: {"status":"installing-updates","current":3,"total":6,"progress":37}
[2026-01-23 19:04:36.052] [info]  DiscordSplash.onStateUpdate: {"status":"installing-updates","current":3,"total":6,"progress":38}
[2026-01-23 19:04:36.052] [info]  Splash.onStateUpdate: {"status":"installing-updates","current":3,"total":6,"progress":38}
[2026-01-23 19:04:36.052] [info]  DiscordSplash.onStateUpdate: {"status":"installing-updates","current":3,"total":6,"progress":38}
[2026-01-23 19:04:36.052] [info]  Splash.onStateUpdate: {"status":"installing-updates","current":3,"total":6,"progress":38}
[2026-01-23 19:04:36.053] [info]  DiscordSplash.onStateUpdate: {"status":"installing-updates","current":3,"total":6,"progress":38}
[2026-01-23 19:04:36.053] [info]  Splash.onStateUpdate: {"status":"installing-updates","current":3,"total":6,"progress":38}
[2026-01-23 19:04:36.053] [info]  DiscordSplash.onStateUpdate: {"status":"installing-updates","current":3,"total":6,"progress":38}
[2026-01-23 19:04:36.054] [info]  Splash.onStateUpdate: {"status":"installing-updates","current":3,"total":6,"progress":38}
[2026-01-23 19:04:36.054] [info]  DiscordSplash.onStateUpdate: {"status":"installing-updates","current":3,"total":6,"progress":38}
[2026-01-23 19:04:36.054] [info]  Splash.onStateUpdate: {"status":"installing-updates","current":3,"total":6,"progress":38}
[2026-01-23 19:04:36.055] [info]  DiscordSplash.onStateUpdate: {"status":"installing-updates","current":3,"total":6,"progress":38}
[2026-01-23 19:04:36.055] [info]  Splash.onStateUpdate: {"status":"installing-updates","current":3,"total":6,"progress":38}
[2026-01-23 19:04:36.055] [info]  DiscordSplash.onStateUpdate: {"status":"installing-updates","current":3,"total":6,"progress":39}
[2026-01-23 19:04:36.055] [info]  Splash.onStateUpdate: {"status":"installing-updates","current":3,"total":6,"progress":39}
[2026-01-23 19:04:36.056] [info]  DiscordSplash.onStateUpdate: {"status":"installing-updates","current":3,"total":6,"progress":39}
[2026-01-23 19:04:36.056] [info]  Splash.onStateUpdate: {"status":"installing-updates","current":3,"total":6,"progress":39}
[2026-01-23 19:04:36.057] [info]  DiscordSplash.onStateUpdate: {"status":"installing-updates","current":3,"total":6,"progress":39}
[2026-01-23 19:04:36.057] [info]  Splash.onStateUpdate: {"status":"installing-updates","current":3,"total":6,"progress":39}
[2026-01-23 19:04:36.057] [info]  DiscordSplash.onStateUpdate: {"status":"installing-updates","current":3,"total":6,"progress":39}
[2026-01-23 19:04:36.057] [info]  Splash.onStateUpdate: {"status":"installing-updates","current":3,"total":6,"progress":39}
[2026-01-23 19:04:36.058] [info]  DiscordSplash.onStateUpdate: {"status":"installing-updates","current":3,"total":6,"progress":39}
[2026-01-23 19:04:36.058] [info]  Splash.onStateUpdate: {"status":"installing-updates","current":3,"total":6,"progress":39}
[2026-01-23 19:04:36.058] [info]  DiscordSplash.onStateUpdate: {"status":"installing-updates","current":3,"total":6,"progress":39}
[2026-01-23 19:04:36.059] [info]  Splash.onStateUpdate: {"status":"installing-updates","current":3,"total":6,"progress":39}
[2026-01-23 19:04:36.059] [info]  DiscordSplash.onStateUpdate: {"status":"installing-updates","current":3,"total":6,"progress":40}
[2026-01-23 19:04:36.059] [info]  Splash.onStateUpdate: {"status":"installing-updates","current":3,"total":6,"progress":40}
[2026-01-23 19:04:36.060] [info]  DiscordSplash.onStateUpdate: {"status":"installing-updates","current":3,"total":6,"progress":40}
[2026-01-23 19:04:36.060] [info]  Splash.onStateUpdate: {"status":"installing-updates","current":3,"total":6,"progress":40}
[2026-01-23 19:04:36.060] [info]  DiscordSplash.onStateUpdate: {"status":"installing-updates","current":3,"total":6,"progress":40}
[2026-01-23 19:04:36.061] [info]  Splash.onStateUpdate: {"status":"installing-updates","current":3,"total":6,"progress":40}
[2026-01-23 19:04:36.061] [info]  DiscordSplash.onStateUpdate: {"status":"installing-updates","current":3,"total":6,"progress":40}
[2026-01-23 19:04:36.061] [info]  Splash.onStateUpdate: {"status":"installing-updates","current":3,"total":6,"progress":40}
[2026-01-23 19:04:36.063] [info]  DiscordSplash.onStateUpdate: {"status":"installing-updates","current":3,"total":6,"progress":40}
[2026-01-23 19:04:36.063] [info]  Splash.onStateUpdate: {"status":"installing-updates","current":3,"total":6,"progress":40}
[2026-01-23 19:04:36.063] [info]  DiscordSplash.onStateUpdate: {"status":"installing-updates","current":3,"total":6,"progress":40}
[2026-01-23 19:04:36.063] [info]  Splash.onStateUpdate: {"status":"installing-updates","current":3,"total":6,"progress":40}
[2026-01-23 19:04:36.064] [info]  DiscordSplash.onStateUpdate: {"status":"installing-updates","current":3,"total":6,"progress":41}
[2026-01-23 19:04:36.064] [info]  Splash.onStateUpdate: {"status":"installing-updates","current":3,"total":6,"progress":41}
[2026-01-23 19:04:36.065] [info]  DiscordSplash.onStateUpdate: {"status":"installing-updates","current":3,"total":6,"progress":41}
[2026-01-23 19:04:36.065] [info]  Splash.onStateUpdate: {"status":"installing-updates","current":3,"total":6,"progress":41}
[2026-01-23 19:04:36.065] [info]  DiscordSplash.onStateUpdate: {"status":"installing-updates","current":3,"total":6,"progress":41}
[2026-01-23 19:04:36.065] [info]  Splash.onStateUpdate: {"status":"installing-updates","current":3,"total":6,"progress":41}
[2026-01-23 19:04:36.066] [info]  DiscordSplash.onStateUpdate: {"status":"installing-updates","current":3,"total":6,"progress":41}
[2026-01-23 19:04:36.066] [info]  Splash.onStateUpdate: {"status":"installing-updates","current":3,"total":6,"progress":41}
[2026-01-23 19:04:36.066] [info]  DiscordSplash.onStateUpdate: {"status":"installing-updates","current":3,"total":6,"progress":41}
[2026-01-23 19:04:36.066] [info]  Splash.onStateUpdate: {"status":"installing-updates","current":3,"total":6,"progress":41}
[2026-01-23 19:04:36.067] [info]  DiscordSplash.onStateUpdate: {"status":"installing-updates","current":3,"total":6,"progress":41}
[2026-01-23 19:04:36.067] [info]  Splash.onStateUpdate: {"status":"installing-updates","current":3,"total":6,"progress":41}
[2026-01-23 19:04:36.068] [info]  DiscordSplash.onStateUpdate: {"status":"installing-updates","current":3,"total":6,"progress":41}
[2026-01-23 19:04:36.068] [info]  Splash.onStateUpdate: {"status":"installing-updates","current":3,"total":6,"progress":41}
[2026-01-23 19:04:36.068] [info]  DiscordSplash.onStateUpdate: {"status":"installing-updates","current":3,"total":6,"progress":42}
[2026-01-23 19:04:36.068] [info]  Splash.onStateUpdate: {"status":"installing-updates","current":3,"total":6,"progress":42}
[2026-01-23 19:04:36.069] [info]  DiscordSplash.onStateUpdate: {"status":"installing-updates","current":3,"total":6,"progress":42}
[2026-01-23 19:04:36.069] [info]  Splash.onStateUpdate: {"status":"installing-updates","current":3,"total":6,"progress":42}
[2026-01-23 19:04:36.069] [info]  DiscordSplash.onStateUpdate: {"status":"installing-updates","current":3,"total":6,"progress":42}
[2026-01-23 19:04:36.069] [info]  Splash.onStateUpdate: {"status":"installing-updates","current":3,"total":6,"progress":42}
[2026-01-23 19:04:36.070] [info]  DiscordSplash.onStateUpdate: {"status":"installing-updates","current":3,"total":6,"progress":42}
[2026-01-23 19:04:36.070] [info]  Splash.onStateUpdate: {"status":"installing-updates","current":3,"total":6,"progress":42}
[2026-01-23 19:04:36.070] [info]  DiscordSplash.onStateUpdate: {"status":"installing-updates","current":3,"total":6,"progress":42}
[2026-01-23 19:04:36.070] [info]  Splash.onStateUpdate: {"status":"installing-updates","current":3,"total":6,"progress":42}
[2026-01-23 19:04:36.071] [info]  DiscordSplash.onStateUpdate: {"status":"installing-updates","current":3,"total":6,"progress":42}
[2026-01-23 19:04:36.071] [info]  Splash.onStateUpdate: {"status":"installing-updates","current":3,"total":6,"progress":42}
[2026-01-23 19:04:36.071] [info]  DiscordSplash.onStateUpdate: {"status":"installing-updates","current":3,"total":6,"progress":43}
[2026-01-23 19:04:36.072] [info]  Splash.onStateUpdate: {"status":"installing-updates","current":3,"total":6,"progress":43}
[2026-01-23 19:04:36.072] [info]  DiscordSplash.onStateUpdate: {"status":"installing-updates","current":3,"total":6,"progress":43}
[2026-01-23 19:04:36.072] [info]  Splash.onStateUpdate: {"status":"installing-updates","current":3,"total":6,"progress":43}
[2026-01-23 19:04:36.073] [info]  DiscordSplash.onStateUpdate: {"status":"installing-updates","current":3,"total":6,"progress":43}
[2026-01-23 19:04:36.073] [info]  Splash.onStateUpdate: {"status":"installing-updates","current":3,"total":6,"progress":43}
[2026-01-23 19:04:36.073] [info]  DiscordSplash.onStateUpdate: {"status":"installing-updates","current":3,"total":6,"progress":43}
[2026-01-23 19:04:36.073] [info]  Splash.onStateUpdate: {"status":"installing-updates","current":3,"total":6,"progress":43}
[2026-01-23 19:04:36.074] [info]  DiscordSplash.onStateUpdate: {"status":"installing-updates","current":3,"total":6,"progress":43}
[2026-01-23 19:04:36.074] [info]  Splash.onStateUpdate: {"status":"installing-updates","current":3,"total":6,"progress":43}
[2026-01-23 19:04:36.074] [info]  DiscordSplash.onStateUpdate: {"status":"installing-updates","current":3,"total":6,"progress":43}
[2026-01-23 19:04:36.075] [info]  Splash.onStateUpdate: {"status":"installing-updates","current":3,"total":6,"progress":43}
[2026-01-23 19:04:36.075] [info]  DiscordSplash.onStateUpdate: {"status":"installing-updates","current":3,"total":6,"progress":44}
[2026-01-23 19:04:36.075] [info]  Splash.onStateUpdate: {"status":"installing-updates","current":3,"total":6,"progress":44}
[2026-01-23 19:04:36.076] [info]  DiscordSplash.onStateUpdate: {"status":"installing-updates","current":3,"total":6,"progress":44}
[2026-01-23 19:04:36.076] [info]  Splash.onStateUpdate: {"status":"installing-updates","current":3,"total":6,"progress":44}
[2026-01-23 19:04:36.076] [info]  DiscordSplash.onStateUpdate: {"status":"installing-updates","current":3,"total":6,"progress":44}
[2026-01-23 19:04:36.076] [info]  Splash.onStateUpdate: {"status":"installing-updates","current":3,"total":6,"progress":44}
[2026-01-23 19:04:36.077] [info]  DiscordSplash.onStateUpdate: {"status":"installing-updates","current":3,"total":6,"progress":44}
[2026-01-23 19:04:36.077] [info]  Splash.onStateUpdate: {"status":"installing-updates","current":3,"total":6,"progress":44}
[2026-01-23 19:04:36.077] [info]  DiscordSplash.onStateUpdate: {"status":"installing-updates","current":3,"total":6,"progress":44}
[2026-01-23 19:04:36.078] [info]  Splash.onStateUpdate: {"status":"installing-updates","current":3,"total":6,"progress":44}
[2026-01-23 19:04:36.078] [info]  DiscordSplash.onStateUpdate: {"status":"installing-updates","current":3,"total":6,"progress":44}
[2026-01-23 19:04:36.078] [info]  Splash.onStateUpdate: {"status":"installing-updates","current":3,"total":6,"progress":44}
[2026-01-23 19:04:36.079] [info]  DiscordSplash.onStateUpdate: {"status":"installing-updates","current":3,"total":6,"progress":45}
[2026-01-23 19:04:36.079] [info]  Splash.onStateUpdate: {"status":"installing-updates","current":3,"total":6,"progress":45}
[2026-01-23 19:04:36.079] [info]  DiscordSplash.onStateUpdate: {"status":"installing-updates","current":3,"total":6,"progress":45}
[2026-01-23 19:04:36.079] [info]  Splash.onStateUpdate: {"status":"installing-updates","current":3,"total":6,"progress":45}
[2026-01-23 19:04:36.080] [info]  DiscordSplash.onStateUpdate: {"status":"installing-updates","current":3,"total":6,"progress":45}
[2026-01-23 19:04:36.080] [info]  Splash.onStateUpdate: {"status":"installing-updates","current":3,"total":6,"progress":45}
[2026-01-23 19:04:36.080] [info]  DiscordSplash.onStateUpdate: {"status":"installing-updates","current":3,"total":6,"progress":45}
[2026-01-23 19:04:36.081] [info]  Splash.onStateUpdate: {"status":"installing-updates","current":3,"total":6,"progress":45}
[2026-01-23 19:04:36.081] [info]  DiscordSplash.onStateUpdate: {"status":"installing-updates","current":3,"total":6,"progress":45}
[2026-01-23 19:04:36.081] [info]  Splash.onStateUpdate: {"status":"installing-updates","current":3,"total":6,"progress":45}
[2026-01-23 19:04:36.082] [info]  DiscordSplash.onStateUpdate: {"status":"installing-updates","current":3,"total":6,"progress":45}
[2026-01-23 19:04:36.082] [info]  Splash.onStateUpdate: {"status":"installing-updates","current":3,"total":6,"progress":45}
[2026-01-23 19:04:36.082] [info]  DiscordSplash.onStateUpdate: {"status":"installing-updates","current":3,"total":6,"progress":46}
[2026-01-23 19:04:36.082] [info]  Splash.onStateUpdate: {"status":"installing-updates","current":3,"total":6,"progress":46}
[2026-01-23 19:04:36.083] [info]  DiscordSplash.onStateUpdate: {"status":"installing-updates","current":3,"total":6,"progress":46}
[2026-01-23 19:04:36.083] [info]  Splash.onStateUpdate: {"status":"installing-updates","current":3,"total":6,"progress":46}
[2026-01-23 19:04:36.083] [info]  DiscordSplash.onStateUpdate: {"status":"installing-updates","current":3,"total":6,"progress":46}
[2026-01-23 19:04:36.084] [info]  Splash.onStateUpdate: {"status":"installing-updates","current":3,"total":6,"progress":46}
[2026-01-23 19:04:36.084] [info]  DiscordSplash.onStateUpdate: {"status":"installing-updates","current":3,"total":6,"progress":46}
[2026-01-23 19:04:36.084] [info]  Splash.onStateUpdate: {"status":"installing-updates","current":3,"total":6,"progress":46}
[2026-01-23 19:04:36.085] [info]  DiscordSplash.onStateUpdate: {"status":"installing-updates","current":3,"total":6,"progress":46}
[2026-01-23 19:04:36.085] [info]  Splash.onStateUpdate: {"status":"installing-updates","current":3,"total":6,"progress":46}
[2026-01-23 19:04:36.085] [info]  DiscordSplash.onStateUpdate: {"status":"installing-updates","current":3,"total":6,"progress":46}
[2026-01-23 19:04:36.085] [info]  Splash.onStateUpdate: {"status":"installing-updates","current":3,"total":6,"progress":46}
[2026-01-23 19:04:36.086] [info]  DiscordSplash.onStateUpdate: {"status":"installing-updates","current":3,"total":6,"progress":47}
[2026-01-23 19:04:36.086] [info]  Splash.onStateUpdate: {"status":"installing-updates","current":3,"total":6,"progress":47}
[2026-01-23 19:04:36.086] [info]  DiscordSplash.onStateUpdate: {"status":"installing-updates","current":3,"total":6,"progress":47}
[2026-01-23 19:04:36.087] [info]  Splash.onStateUpdate: {"status":"installing-updates","current":3,"total":6,"progress":47}
[2026-01-23 19:04:36.087] [info]  DiscordSplash.onStateUpdate: {"status":"installing-updates","current":3,"total":6,"progress":47}
[2026-01-23 19:04:36.087] [info]  Splash.onStateUpdate: {"status":"installing-updates","current":3,"total":6,"progress":47}
[2026-01-23 19:04:36.088] [info]  DiscordSplash.onStateUpdate: {"status":"installing-updates","current":3,"total":6,"progress":47}
[2026-01-23 19:04:36.088] [info]  Splash.onStateUpdate: {"status":"installing-updates","current":3,"total":6,"progress":47}
[2026-01-23 19:04:36.088] [info]  DiscordSplash.onStateUpdate: {"status":"installing-updates","current":3,"total":6,"progress":47}
[2026-01-23 19:04:36.088] [info]  Splash.onStateUpdate: {"status":"installing-updates","current":3,"total":6,"progress":47}
[2026-01-23 19:04:36.089] [info]  DiscordSplash.onStateUpdate: {"status":"installing-updates","current":3,"total":6,"progress":47}
[2026-01-23 19:04:36.089] [info]  Splash.onStateUpdate: {"status":"installing-updates","current":3,"total":6,"progress":47}
[2026-01-23 19:04:36.090] [info]  DiscordSplash.onStateUpdate: {"status":"installing-updates","current":3,"total":6,"progress":47}
[2026-01-23 19:04:36.090] [info]  Splash.onStateUpdate: {"status":"installing-updates","current":3,"total":6,"progress":47}
[2026-01-23 19:04:36.090] [info]  DiscordSplash.onStateUpdate: {"status":"installing-updates","current":3,"total":6,"progress":48}
[2026-01-23 19:04:36.090] [info]  Splash.onStateUpdate: {"status":"installing-updates","current":3,"total":6,"progress":48}
[2026-01-23 19:04:36.091] [info]  DiscordSplash.onStateUpdate: {"status":"installing-updates","current":3,"total":6,"progress":48}
[2026-01-23 19:04:36.091] [info]  Splash.onStateUpdate: {"status":"installing-updates","current":3,"total":6,"progress":48}
[2026-01-23 19:04:36.092] [info]  DiscordSplash.onStateUpdate: {"status":"installing-updates","current":3,"total":6,"progress":48}
[2026-01-23 19:04:36.092] [info]  Splash.onStateUpdate: {"status":"installing-updates","current":3,"total":6,"progress":48}
[2026-01-23 19:04:36.092] [info]  DiscordSplash.onStateUpdate: {"status":"installing-updates","current":3,"total":6,"progress":48}
[2026-01-23 19:04:36.092] [info]  Splash.onStateUpdate: {"status":"installing-updates","current":3,"total":6,"progress":48}
[2026-01-23 19:04:36.093] [info]  DiscordSplash.onStateUpdate: {"status":"installing-updates","current":3,"total":6,"progress":48}
[2026-01-23 19:04:36.093] [info]  Splash.onStateUpdate: {"status":"installing-updates","current":3,"total":6,"progress":48}
[2026-01-23 19:04:36.093] [info]  DiscordSplash.onStateUpdate: {"status":"installing-updates","current":3,"total":6,"progress":48}
[2026-01-23 19:04:36.093] [info]  Splash.onStateUpdate: {"status":"installing-updates","current":3,"total":6,"progress":48}
[2026-01-23 19:04:36.094] [info]  DiscordSplash.onStateUpdate: {"status":"installing-updates","current":3,"total":6,"progress":49}
[2026-01-23 19:04:36.094] [info]  Splash.onStateUpdate: {"status":"installing-updates","current":3,"total":6,"progress":49}
[2026-01-23 19:04:36.095] [info]  DiscordSplash.onStateUpdate: {"status":"installing-updates","current":3,"total":6,"progress":49}
[2026-01-23 19:04:36.095] [info]  Splash.onStateUpdate: {"status":"installing-updates","current":3,"total":6,"progress":49}
[2026-01-23 19:04:36.095] [info]  DiscordSplash.onStateUpdate: {"status":"installing-updates","current":3,"total":6,"progress":49}
[2026-01-23 19:04:36.095] [info]  Splash.onStateUpdate: {"status":"installing-updates","current":3,"total":6,"progress":49}
[2026-01-23 19:04:36.096] [info]  DiscordSplash.onStateUpdate: {"status":"installing-updates","current":3,"total":6,"progress":49}
[2026-01-23 19:04:36.096] [info]  Splash.onStateUpdate: {"status":"installing-updates","current":3,"total":6,"progress":49}
[2026-01-23 19:04:36.096] [info]  DiscordSplash.onStateUpdate: {"status":"installing-updates","current":3,"total":6,"progress":49}
[2026-01-23 19:04:36.096] [info]  Splash.onStateUpdate: {"status":"installing-updates","current":3,"total":6,"progress":49}
[2026-01-23 19:04:36.097] [info]  DiscordSplash.onStateUpdate: {"status":"installing-updates","current":3,"total":6,"progress":49}
[2026-01-23 19:04:36.097] [info]  Splash.onStateUpdate: {"status":"installing-updates","current":3,"total":6,"progress":49}
[2026-01-23 19:04:36.097] [info]  DiscordSplash.onStateUpdate: {"status":"installing-updates","current":3,"total":6,"progress":50}
[2026-01-23 19:04:36.098] [info]  Splash.onStateUpdate: {"status":"installing-updates","current":3,"total":6,"progress":50}
[2026-01-23 19:04:36.098] [info]  DiscordSplash.onStateUpdate: {"status":"installing-updates","current":3,"total":6,"progress":50}
[2026-01-23 19:04:36.098] [info]  Splash.onStateUpdate: {"status":"installing-updates","current":3,"total":6,"progress":50}
[2026-01-23 19:04:36.099] [info]  DiscordSplash.onStateUpdate: {"status":"installing-updates","current":3,"total":6,"progress":50}
[2026-01-23 19:04:36.099] [info]  Splash.onStateUpdate: {"status":"installing-updates","current":3,"total":6,"progress":50}
[2026-01-23 19:04:36.099] [info]  DiscordSplash.onStateUpdate: {"status":"installing-updates","current":3,"total":6,"progress":50}
[2026-01-23 19:04:36.099] [info]  Splash.onStateUpdate: {"status":"installing-updates","current":3,"total":6,"progress":50}
[2026-01-23 19:04:36.100] [info]  DiscordSplash.onStateUpdate: {"status":"installing-updates","current":3,"total":6,"progress":50}
[2026-01-23 19:04:36.100] [info]  Splash.onStateUpdate: {"status":"installing-updates","current":3,"total":6,"progress":50}
[2026-01-23 19:04:36.100] [info]  DiscordSplash.onStateUpdate: {"status":"installing-updates","current":3,"total":6,"progress":50}
[2026-01-23 19:04:36.100] [info]  Splash.onStateUpdate: {"status":"installing-updates","current":3,"total":6,"progress":50}
[2026-01-23 19:04:36.101] [info]  DiscordSplash.onStateUpdate: {"status":"installing-updates","current":3,"total":6,"progress":51}
[2026-01-23 19:04:36.101] [info]  Splash.onStateUpdate: {"status":"installing-updates","current":3,"total":6,"progress":51}
[2026-01-23 19:04:36.102] [info]  DiscordSplash.onStateUpdate: {"status":"installing-updates","current":3,"total":6,"progress":51}
[2026-01-23 19:04:36.102] [info]  Splash.onStateUpdate: {"status":"installing-updates","current":3,"total":6,"progress":51}
[2026-01-23 19:04:36.102] [info]  DiscordSplash.onStateUpdate: {"status":"installing-updates","current":3,"total":6,"progress":51}
[2026-01-23 19:04:36.102] [info]  Splash.onStateUpdate: {"status":"installing-updates","current":3,"total":6,"progress":51}
[2026-01-23 19:04:36.103] [info]  DiscordSplash.onStateUpdate: {"status":"installing-updates","current":3,"total":6,"progress":51}
[2026-01-23 19:04:36.103] [info]  Splash.onStateUpdate: {"status":"installing-updates","current":3,"total":6,"progress":51}
[2026-01-23 19:04:36.103] [info]  DiscordSplash.onStateUpdate: {"status":"installing-updates","current":3,"total":6,"progress":51}
[2026-01-23 19:04:36.103] [info]  Splash.onStateUpdate: {"status":"installing-updates","current":3,"total":6,"progress":51}
[2026-01-23 19:04:36.104] [info]  DiscordSplash.onStateUpdate: {"status":"installing-updates","current":3,"total":6,"progress":51}
[2026-01-23 19:04:36.104] [info]  Splash.onStateUpdate: {"status":"installing-updates","current":3,"total":6,"progress":51}
[2026-01-23 19:04:36.105] [info]  DiscordSplash.onStateUpdate: {"status":"installing-updates","current":3,"total":6,"progress":52}
[2026-01-23 19:04:36.105] [info]  Splash.onStateUpdate: {"status":"installing-updates","current":3,"total":6,"progress":52}
[2026-01-23 19:04:36.105] [info]  DiscordSplash.onStateUpdate: {"status":"installing-updates","current":3,"total":6,"progress":52}
[2026-01-23 19:04:36.105] [info]  Splash.onStateUpdate: {"status":"installing-updates","current":3,"total":6,"progress":52}
[2026-01-23 19:04:36.106] [info]  DiscordSplash.onStateUpdate: {"status":"installing-updates","current":3,"total":6,"progress":52}
[2026-01-23 19:04:36.106] [info]  Splash.onStateUpdate: {"status":"installing-updates","current":3,"total":6,"progress":52}
[2026-01-23 19:04:36.106] [info]  DiscordSplash.onStateUpdate: {"status":"installing-updates","current":3,"total":6,"progress":52}
[2026-01-23 19:04:36.106] [info]  Splash.onStateUpdate: {"status":"installing-updates","current":3,"total":6,"progress":52}
[2026-01-23 19:04:36.107] [info]  DiscordSplash.onStateUpdate: {"status":"installing-updates","current":3,"total":6,"progress":52}
[2026-01-23 19:04:36.107] [info]  Splash.onStateUpdate: {"status":"installing-updates","current":3,"total":6,"progress":52}
[2026-01-23 19:04:36.108] [info]  DiscordSplash.onStateUpdate: {"status":"installing-updates","current":3,"total":6,"progress":52}
[2026-01-23 19:04:36.108] [info]  Splash.onStateUpdate: {"status":"installing-updates","current":3,"total":6,"progress":52}
[2026-01-23 19:04:36.109] [info]  DiscordSplash.onStateUpdate: {"status":"installing-updates","current":3,"total":6,"progress":52}
[2026-01-23 19:04:36.109] [info]  Splash.onStateUpdate: {"status":"installing-updates","current":3,"total":6,"progress":52}
[2026-01-23 19:04:36.109] [info]  DiscordSplash.onStateUpdate: {"status":"installing-updates","current":3,"total":6,"progress":53}
[2026-01-23 19:04:36.110] [info]  Splash.onStateUpdate: {"status":"installing-updates","current":3,"total":6,"progress":53}
[2026-01-23 19:04:36.110] [info]  DiscordSplash.onStateUpdate: {"status":"installing-updates","current":3,"total":6,"progress":53}
[2026-01-23 19:04:36.110] [info]  Splash.onStateUpdate: {"status":"installing-updates","current":3,"total":6,"progress":53}
[2026-01-23 19:04:36.111] [info]  DiscordSplash.onStateUpdate: {"status":"installing-updates","current":3,"total":6,"progress":53}
[2026-01-23 19:04:36.111] [info]  Splash.onStateUpdate: {"status":"installing-updates","current":3,"total":6,"progress":53}
[2026-01-23 19:04:36.112] [info]  DiscordSplash.onStateUpdate: {"status":"installing-updates","current":3,"total":6,"progress":53}
[2026-01-23 19:04:36.112] [info]  Splash.onStateUpdate: {"status":"installing-updates","current":3,"total":6,"progress":53}
[2026-01-23 19:04:36.112] [info]  DiscordSplash.onStateUpdate: {"status":"installing-updates","current":3,"total":6,"progress":53}
[2026-01-23 19:04:36.112] [info]  Splash.onStateUpdate: {"status":"installing-updates","current":3,"total":6,"progress":53}
[2026-01-23 19:04:36.113] [info]  DiscordSplash.onStateUpdate: {"status":"installing-updates","current":3,"total":6,"progress":53}
[2026-01-23 19:04:36.113] [info]  Splash.onStateUpdate: {"status":"installing-updates","current":3,"total":6,"progress":53}
[2026-01-23 19:04:36.113] [info]  DiscordSplash.onStateUpdate: {"status":"installing-updates","current":3,"total":6,"progress":54}
[2026-01-23 19:04:36.114] [info]  Splash.onStateUpdate: {"status":"installing-updates","current":3,"total":6,"progress":54}
[2026-01-23 19:04:36.114] [info]  DiscordSplash.onStateUpdate: {"status":"installing-updates","current":3,"total":6,"progress":54}
[2026-01-23 19:04:36.114] [info]  Splash.onStateUpdate: {"status":"installing-updates","current":3,"total":6,"progress":54}
[2026-01-23 19:04:36.115] [info]  DiscordSplash.onStateUpdate: {"status":"installing-updates","current":3,"total":6,"progress":54}
[2026-01-23 19:04:36.115] [info]  Splash.onStateUpdate: {"status":"installing-updates","current":3,"total":6,"progress":54}
[2026-01-23 19:04:36.116] [info]  DiscordSplash.onStateUpdate: {"status":"installing-updates","current":3,"total":6,"progress":54}
[2026-01-23 19:04:36.116] [info]  Splash.onStateUpdate: {"status":"installing-updates","current":3,"total":6,"progress":54}
[2026-01-23 19:04:36.117] [info]  DiscordSplash.onStateUpdate: {"status":"installing-updates","current":3,"total":6,"progress":54}
[2026-01-23 19:04:36.117] [info]  Splash.onStateUpdate: {"status":"installing-updates","current":3,"total":6,"progress":54}
[2026-01-23 19:04:36.117] [info]  DiscordSplash.onStateUpdate: {"status":"installing-updates","current":3,"total":6,"progress":54}
[2026-01-23 19:04:36.118] [info]  Splash.onStateUpdate: {"status":"installing-updates","current":3,"total":6,"progress":54}
[2026-01-23 19:04:36.118] [info]  DiscordSplash.onStateUpdate: {"status":"installing-updates","current":3,"total":6,"progress":55}
[2026-01-23 19:04:36.118] [info]  Splash.onStateUpdate: {"status":"installing-updates","current":3,"total":6,"progress":55}
[2026-01-23 19:04:36.119] [info]  DiscordSplash.onStateUpdate: {"status":"installing-updates","current":3,"total":6,"progress":55}
[2026-01-23 19:04:36.119] [info]  Splash.onStateUpdate: {"status":"installing-updates","current":3,"total":6,"progress":55}
[2026-01-23 19:04:36.119] [info]  DiscordSplash.onStateUpdate: {"status":"installing-updates","current":3,"total":6,"progress":55}
[2026-01-23 19:04:36.119] [info]  Splash.onStateUpdate: {"status":"installing-updates","current":3,"total":6,"progress":55}
[2026-01-23 19:04:36.120] [info]  DiscordSplash.onStateUpdate: {"status":"installing-updates","current":3,"total":6,"progress":55}
[2026-01-23 19:04:36.120] [info]  Splash.onStateUpdate: {"status":"installing-updates","current":3,"total":6,"progress":55}
[2026-01-23 19:04:36.120] [info]  DiscordSplash.onStateUpdate: {"status":"installing-updates","current":3,"total":6,"progress":55}
[2026-01-23 19:04:36.121] [info]  Splash.onStateUpdate: {"status":"installing-updates","current":3,"total":6,"progress":55}
[2026-01-23 19:04:36.121] [info]  DiscordSplash.onStateUpdate: {"status":"installing-updates","current":3,"total":6,"progress":55}
[2026-01-23 19:04:36.121] [info]  Splash.onStateUpdate: {"status":"installing-updates","current":3,"total":6,"progress":55}
[2026-01-23 19:04:36.122] [info]  DiscordSplash.onStateUpdate: {"status":"installing-updates","current":3,"total":6,"progress":56}
[2026-01-23 19:04:36.122] [info]  Splash.onStateUpdate: {"status":"installing-updates","current":3,"total":6,"progress":56}
[2026-01-23 19:04:36.122] [info]  DiscordSplash.onStateUpdate: {"status":"installing-updates","current":3,"total":6,"progress":56}
[2026-01-23 19:04:36.122] [info]  Splash.onStateUpdate: {"status":"installing-updates","current":3,"total":6,"progress":56}
[2026-01-23 19:04:36.123] [info]  DiscordSplash.onStateUpdate: {"status":"installing-updates","current":3,"total":6,"progress":56}
[2026-01-23 19:04:36.123] [info]  Splash.onStateUpdate: {"status":"installing-updates","current":3,"total":6,"progress":56}
[2026-01-23 19:04:36.123] [info]  DiscordSplash.onStateUpdate: {"status":"installing-updates","current":3,"total":6,"progress":56}
[2026-01-23 19:04:36.123] [info]  Splash.onStateUpdate: {"status":"installing-updates","current":3,"total":6,"progress":56}
[2026-01-23 19:04:36.124] [info]  DiscordSplash.onStateUpdate: {"status":"installing-updates","current":3,"total":6,"progress":56}
[2026-01-23 19:04:36.124] [info]  Splash.onStateUpdate: {"status":"installing-updates","current":3,"total":6,"progress":56}
[2026-01-23 19:04:36.125] [info]  DiscordSplash.onStateUpdate: {"status":"installing-updates","current":3,"total":6,"progress":56}
[2026-01-23 19:04:36.125] [info]  Splash.onStateUpdate: {"status":"installing-updates","current":3,"total":6,"progress":56}
[2026-01-23 19:04:36.126] [info]  DiscordSplash.onStateUpdate: {"status":"installing-updates","current":3,"total":6,"progress":57}
[2026-01-23 19:04:36.126] [info]  Splash.onStateUpdate: {"status":"installing-updates","current":3,"total":6,"progress":57}
[2026-01-23 19:04:36.126] [info]  DiscordSplash.onStateUpdate: {"status":"installing-updates","current":3,"total":6,"progress":57}
[2026-01-23 19:04:36.127] [info]  Splash.onStateUpdate: {"status":"installing-updates","current":3,"total":6,"progress":57}
[2026-01-23 19:04:36.127] [info]  DiscordSplash.onStateUpdate: {"status":"installing-updates","current":3,"total":6,"progress":57}
[2026-01-23 19:04:36.127] [info]  Splash.onStateUpdate: {"status":"installing-updates","current":3,"total":6,"progress":57}
[2026-01-23 19:04:36.128] [info]  DiscordSplash.onStateUpdate: {"status":"installing-updates","current":3,"total":6,"progress":57}
[2026-01-23 19:04:36.128] [info]  Splash.onStateUpdate: {"status":"installing-updates","current":3,"total":6,"progress":57}
[2026-01-23 19:04:36.128] [info]  DiscordSplash.onStateUpdate: {"status":"installing-updates","current":3,"total":6,"progress":57}
[2026-01-23 19:04:36.128] [info]  Splash.onStateUpdate: {"status":"installing-updates","current":3,"total":6,"progress":57}
[2026-01-23 19:04:36.129] [info]  DiscordSplash.onStateUpdate: {"status":"installing-updates","current":3,"total":6,"progress":57}
[2026-01-23 19:04:36.129] [info]  Splash.onStateUpdate: {"status":"installing-updates","current":3,"total":6,"progress":57}
[2026-01-23 19:04:36.129] [info]  DiscordSplash.onStateUpdate: {"status":"installing-updates","current":3,"total":6,"progress":58}
[2026-01-23 19:04:36.130] [info]  Splash.onStateUpdate: {"status":"installing-updates","current":3,"total":6,"progress":58}
[2026-01-23 19:04:36.130] [info]  DiscordSplash.onStateUpdate: {"status":"installing-updates","current":3,"total":6,"progress":58}
[2026-01-23 19:04:36.130] [info]  Splash.onStateUpdate: {"status":"installing-updates","current":3,"total":6,"progress":58}
[2026-01-23 19:04:36.131] [info]  DiscordSplash.onStateUpdate: {"status":"installing-updates","current":3,"total":6,"progress":58}
[2026-01-23 19:04:36.131] [info]  Splash.onStateUpdate: {"status":"installing-updates","current":3,"total":6,"progress":58}
[2026-01-23 19:04:36.132] [info]  DiscordSplash.onStateUpdate: {"status":"installing-updates","current":3,"total":6,"progress":58}
[2026-01-23 19:04:36.132] [info]  Splash.onStateUpdate: {"status":"installing-updates","current":3,"total":6,"progress":58}
[2026-01-23 19:04:36.133] [info]  DiscordSplash.onStateUpdate: {"status":"installing-updates","current":3,"total":6,"progress":58}
[2026-01-23 19:04:36.133] [info]  Splash.onStateUpdate: {"status":"installing-updates","current":3,"total":6,"progress":58}
[2026-01-23 19:04:36.134] [info]  DiscordSplash.onStateUpdate: {"status":"installing-updates","current":3,"total":6,"progress":58}
[2026-01-23 19:04:36.134] [info]  Splash.onStateUpdate: {"status":"installing-updates","current":3,"total":6,"progress":58}
[2026-01-23 19:04:36.134] [info]  DiscordSplash.onStateUpdate: {"status":"installing-updates","current":3,"total":6,"progress":58}
[2026-01-23 19:04:36.134] [info]  Splash.onStateUpdate: {"status":"installing-updates","current":3,"total":6,"progress":58}
[2026-01-23 19:04:36.135] [info]  DiscordSplash.onStateUpdate: {"status":"installing-updates","current":3,"total":6,"progress":59}
[2026-01-23 19:04:36.135] [info]  Splash.onStateUpdate: {"status":"installing-updates","current":3,"total":6,"progress":59}
[2026-01-23 19:04:36.137] [info]  DiscordSplash.onStateUpdate: {"status":"installing-updates","current":3,"total":6,"progress":59}
[2026-01-23 19:04:36.137] [info]  Splash.onStateUpdate: {"status":"installing-updates","current":3,"total":6,"progress":59}
[2026-01-23 19:04:36.138] [info]  DiscordSplash.onStateUpdate: {"status":"installing-updates","current":3,"total":6,"progress":59}
[2026-01-23 19:04:36.138] [info]  Splash.onStateUpdate: {"status":"installing-updates","current":3,"total":6,"progress":59}
[2026-01-23 19:04:36.139] [info]  DiscordSplash.onStateUpdate: {"status":"installing-updates","current":3,"total":6,"progress":59}
[2026-01-23 19:04:36.139] [info]  Splash.onStateUpdate: {"status":"installing-updates","current":3,"total":6,"progress":59}
[2026-01-23 19:04:36.139] [info]  DiscordSplash.onStateUpdate: {"status":"installing-updates","current":3,"total":6,"progress":59}
[2026-01-23 19:04:36.139] [info]  Splash.onStateUpdate: {"status":"installing-updates","current":3,"total":6,"progress":59}
[2026-01-23 19:04:36.140] [info]  DiscordSplash.onStateUpdate: {"status":"installing-updates","current":3,"total":6,"progress":59}
[2026-01-23 19:04:36.140] [info]  Splash.onStateUpdate: {"status":"installing-updates","current":3,"total":6,"progress":59}
[2026-01-23 19:04:36.141] [info]  DiscordSplash.onStateUpdate: {"status":"installing-updates","current":3,"total":6,"progress":60}
[2026-01-23 19:04:36.141] [info]  Splash.onStateUpdate: {"status":"installing-updates","current":3,"total":6,"progress":60}
[2026-01-23 19:04:36.142] [info]  DiscordSplash.onStateUpdate: {"status":"installing-updates","current":3,"total":6,"progress":60}
[2026-01-23 19:04:36.142] [info]  Splash.onStateUpdate: {"status":"installing-updates","current":3,"total":6,"progress":60}
[2026-01-23 19:04:36.142] [info]  DiscordSplash.onStateUpdate: {"status":"installing-updates","current":3,"total":6,"progress":60}
[2026-01-23 19:04:36.143] [info]  Splash.onStateUpdate: {"status":"installing-updates","current":3,"total":6,"progress":60}
[2026-01-23 19:04:36.143] [info]  DiscordSplash.onStateUpdate: {"status":"installing-updates","current":3,"total":6,"progress":60}
[2026-01-23 19:04:36.143] [info]  Splash.onStateUpdate: {"status":"installing-updates","current":3,"total":6,"progress":60}
[2026-01-23 19:04:36.144] [info]  DiscordSplash.onStateUpdate: {"status":"installing-updates","current":3,"total":6,"progress":60}
[2026-01-23 19:04:36.144] [info]  Splash.onStateUpdate: {"status":"installing-updates","current":3,"total":6,"progress":60}
[2026-01-23 19:04:36.144] [info]  DiscordSplash.onStateUpdate: {"status":"installing-updates","current":3,"total":6,"progress":60}
[2026-01-23 19:04:36.144] [info]  Splash.onStateUpdate: {"status":"installing-updates","current":3,"total":6,"progress":60}
[2026-01-23 19:04:36.145] [info]  DiscordSplash.onStateUpdate: {"status":"installing-updates","current":3,"total":6,"progress":61}
[2026-01-23 19:04:36.145] [info]  Splash.onStateUpdate: {"status":"installing-updates","current":3,"total":6,"progress":61}
[2026-01-23 19:04:36.145] [info]  DiscordSplash.onStateUpdate: {"status":"installing-updates","current":3,"total":6,"progress":61}
[2026-01-23 19:04:36.146] [info]  Splash.onStateUpdate: {"status":"installing-updates","current":3,"total":6,"progress":61}
[2026-01-23 19:04:36.146] [info]  DiscordSplash.onStateUpdate: {"status":"installing-updates","current":3,"total":6,"progress":61}
[2026-01-23 19:04:36.146] [info]  Splash.onStateUpdate: {"status":"installing-updates","current":3,"total":6,"progress":61}
[2026-01-23 19:04:36.147] [info]  DiscordSplash.onStateUpdate: {"status":"installing-updates","current":3,"total":6,"progress":61}
[2026-01-23 19:04:36.147] [info]  Splash.onStateUpdate: {"status":"installing-updates","current":3,"total":6,"progress":61}
[2026-01-23 19:04:36.147] [info]  DiscordSplash.onStateUpdate: {"status":"installing-updates","current":3,"total":6,"progress":61}
[2026-01-23 19:04:36.147] [info]  Splash.onStateUpdate: {"status":"installing-updates","current":3,"total":6,"progress":61}
[2026-01-23 19:04:36.148] [info]  DiscordSplash.onStateUpdate: {"status":"installing-updates","current":3,"total":6,"progress":61}
[2026-01-23 19:04:36.148] [info]  Splash.onStateUpdate: {"status":"installing-updates","current":3,"total":6,"progress":61}
[2026-01-23 19:04:36.148] [info]  DiscordSplash.onStateUpdate: {"status":"installing-updates","current":3,"total":6,"progress":62}
[2026-01-23 19:04:36.148] [info]  Splash.onStateUpdate: {"status":"installing-updates","current":3,"total":6,"progress":62}
[2026-01-23 19:04:36.149] [info]  DiscordSplash.onStateUpdate: {"status":"installing-updates","current":3,"total":6,"progress":62}
[2026-01-23 19:04:36.149] [info]  Splash.onStateUpdate: {"status":"installing-updates","current":3,"total":6,"progress":62}
[2026-01-23 19:04:36.150] [info]  DiscordSplash.onStateUpdate: {"status":"installing-updates","current":3,"total":6,"progress":62}
[2026-01-23 19:04:36.150] [info]  Splash.onStateUpdate: {"status":"installing-updates","current":3,"total":6,"progress":62}
[2026-01-23 19:04:36.150] [info]  DiscordSplash.onStateUpdate: {"status":"installing-updates","current":3,"total":6,"progress":62}
[2026-01-23 19:04:36.150] [info]  Splash.onStateUpdate: {"status":"installing-updates","current":3,"total":6,"progress":62}
[2026-01-23 19:04:36.151] [info]  DiscordSplash.onStateUpdate: {"status":"installing-updates","current":3,"total":6,"progress":62}
[2026-01-23 19:04:36.151] [info]  Splash.onStateUpdate: {"status":"installing-updates","current":3,"total":6,"progress":62}
[2026-01-23 19:04:36.151] [info]  DiscordSplash.onStateUpdate: {"status":"installing-updates","current":3,"total":6,"progress":62}
[2026-01-23 19:04:36.151] [info]  Splash.onStateUpdate: {"status":"installing-updates","current":3,"total":6,"progress":62}
[2026-01-23 19:04:36.152] [info]  DiscordSplash.onStateUpdate: {"status":"installing-updates","current":3,"total":6,"progress":63}
[2026-01-23 19:04:36.152] [info]  Splash.onStateUpdate: {"status":"installing-updates","current":3,"total":6,"progress":63}
[2026-01-23 19:04:36.152] [info]  DiscordSplash.onStateUpdate: {"status":"installing-updates","current":3,"total":6,"progress":63}
[2026-01-23 19:04:36.152] [info]  Splash.onStateUpdate: {"status":"installing-updates","current":3,"total":6,"progress":63}
[2026-01-23 19:04:36.153] [info]  DiscordSplash.onStateUpdate: {"status":"installing-updates","current":3,"total":6,"progress":63}
[2026-01-23 19:04:36.153] [info]  Splash.onStateUpdate: {"status":"installing-updates","current":3,"total":6,"progress":63}
[2026-01-23 19:04:36.154] [info]  DiscordSplash.onStateUpdate: {"status":"installing-updates","current":3,"total":6,"progress":63}
[2026-01-23 19:04:36.154] [info]  Splash.onStateUpdate: {"status":"installing-updates","current":3,"total":6,"progress":63}
[2026-01-23 19:04:36.154] [info]  DiscordSplash.onStateUpdate: {"status":"installing-updates","current":3,"total":6,"progress":63}
[2026-01-23 19:04:36.154] [info]  Splash.onStateUpdate: {"status":"installing-updates","current":3,"total":6,"progress":63}
[2026-01-23 19:04:36.155] [info]  DiscordSplash.onStateUpdate: {"status":"installing-updates","current":3,"total":6,"progress":63}
[2026-01-23 19:04:36.155] [info]  Splash.onStateUpdate: {"status":"installing-updates","current":3,"total":6,"progress":63}
[2026-01-23 19:04:36.156] [info]  DiscordSplash.onStateUpdate: {"status":"installing-updates","current":3,"total":6,"progress":64}
[2026-01-23 19:04:36.156] [info]  Splash.onStateUpdate: {"status":"installing-updates","current":3,"total":6,"progress":64}
[2026-01-23 19:04:36.156] [info]  DiscordSplash.onStateUpdate: {"status":"installing-updates","current":3,"total":6,"progress":64}
[2026-01-23 19:04:36.156] [info]  Splash.onStateUpdate: {"status":"installing-updates","current":3,"total":6,"progress":64}
[2026-01-23 19:04:36.157] [info]  DiscordSplash.onStateUpdate: {"status":"installing-updates","current":3,"total":6,"progress":64}
[2026-01-23 19:04:36.157] [info]  Splash.onStateUpdate: {"status":"installing-updates","current":3,"total":6,"progress":64}
[2026-01-23 19:04:36.158] [info]  DiscordSplash.onStateUpdate: {"status":"installing-updates","current":3,"total":6,"progress":64}
[2026-01-23 19:04:36.158] [info]  Splash.onStateUpdate: {"status":"installing-updates","current":3,"total":6,"progress":64}
[2026-01-23 19:04:36.159] [info]  DiscordSplash.onStateUpdate: {"status":"installing-updates","current":3,"total":6,"progress":64}
[2026-01-23 19:04:36.159] [info]  Splash.onStateUpdate: {"status":"installing-updates","current":3,"total":6,"progress":64}
[2026-01-23 19:04:36.159] [info]  DiscordSplash.onStateUpdate: {"status":"installing-updates","current":3,"total":6,"progress":64}
[2026-01-23 19:04:36.159] [info]  Splash.onStateUpdate: {"status":"installing-updates","current":3,"total":6,"progress":64}
[2026-01-23 19:04:36.160] [info]  DiscordSplash.onStateUpdate: {"status":"installing-updates","current":3,"total":6,"progress":64}
[2026-01-23 19:04:36.160] [info]  Splash.onStateUpdate: {"status":"installing-updates","current":3,"total":6,"progress":64}
[2026-01-23 19:04:36.160] [info]  DiscordSplash.onStateUpdate: {"status":"installing-updates","current":3,"total":6,"progress":65}
[2026-01-23 19:04:36.161] [info]  Splash.onStateUpdate: {"status":"installing-updates","current":3,"total":6,"progress":65}
[2026-01-23 19:04:36.161] [info]  DiscordSplash.onStateUpdate: {"status":"installing-updates","current":3,"total":6,"progress":65}
[2026-01-23 19:04:36.161] [info]  Splash.onStateUpdate: {"status":"installing-updates","current":3,"total":6,"progress":65}
[2026-01-23 19:04:36.162] [info]  DiscordSplash.onStateUpdate: {"status":"installing-updates","current":3,"total":6,"progress":65}
[2026-01-23 19:04:36.162] [info]  Splash.onStateUpdate: {"status":"installing-updates","current":3,"total":6,"progress":65}
[2026-01-23 19:04:36.162] [info]  DiscordSplash.onStateUpdate: {"status":"installing-updates","current":3,"total":6,"progress":65}
[2026-01-23 19:04:36.163] [info]  Splash.onStateUpdate: {"status":"installing-updates","current":3,"total":6,"progress":65}
[2026-01-23 19:04:36.163] [info]  DiscordSplash.onStateUpdate: {"status":"installing-updates","current":3,"total":6,"progress":65}
[2026-01-23 19:04:36.163] [info]  Splash.onStateUpdate: {"status":"installing-updates","current":3,"total":6,"progress":65}
[2026-01-23 19:04:36.164] [info]  DiscordSplash.onStateUpdate: {"status":"installing-updates","current":3,"total":6,"progress":65}
[2026-01-23 19:04:36.164] [info]  Splash.onStateUpdate: {"status":"installing-updates","current":3,"total":6,"progress":65}
[2026-01-23 19:04:36.164] [info]  DiscordSplash.onStateUpdate: {"status":"installing-updates","current":3,"total":6,"progress":66}
[2026-01-23 19:04:36.164] [info]  Splash.onStateUpdate: {"status":"installing-updates","current":3,"total":6,"progress":66}
[2026-01-23 19:04:36.165] [info]  DiscordSplash.onStateUpdate: {"status":"installing-updates","current":3,"total":6,"progress":66}
[2026-01-23 19:04:36.165] [info]  Splash.onStateUpdate: {"status":"installing-updates","current":3,"total":6,"progress":66}
[2026-01-23 19:04:36.165] [info]  DiscordSplash.onStateUpdate: {"status":"installing-updates","current":3,"total":6,"progress":66}
[2026-01-23 19:04:36.165] [info]  Splash.onStateUpdate: {"status":"installing-updates","current":3,"total":6,"progress":66}
[2026-01-23 19:04:36.166] [info]  DiscordSplash.onStateUpdate: {"status":"installing-updates","current":3,"total":6,"progress":66}
[2026-01-23 19:04:36.166] [info]  Splash.onStateUpdate: {"status":"installing-updates","current":3,"total":6,"progress":66}
[2026-01-23 19:04:36.167] [info]  DiscordSplash.onStateUpdate: {"status":"installing-updates","current":3,"total":6,"progress":66}
[2026-01-23 19:04:36.167] [info]  Splash.onStateUpdate: {"status":"installing-updates","current":3,"total":6,"progress":66}
[2026-01-23 19:04:36.167] [info]  DiscordSplash.onStateUpdate: {"status":"installing-updates","current":3,"total":6,"progress":66}
[2026-01-23 19:04:36.167] [info]  Splash.onStateUpdate: {"status":"installing-updates","current":3,"total":6,"progress":66}
[2026-01-23 19:04:36.168] [info]  DiscordSplash.onStateUpdate: {"status":"installing-updates","current":3,"total":6,"progress":67}
[2026-01-23 19:04:36.168] [info]  Splash.onStateUpdate: {"status":"installing-updates","current":3,"total":6,"progress":67}
[2026-01-23 19:04:36.168] [info]  DiscordSplash.onStateUpdate: {"status":"installing-updates","current":3,"total":6,"progress":67}
[2026-01-23 19:04:36.168] [info]  Splash.onStateUpdate: {"status":"installing-updates","current":3,"total":6,"progress":67}
[2026-01-23 19:04:36.169] [info]  DiscordSplash.onStateUpdate: {"status":"installing-updates","current":3,"total":6,"progress":67}
[2026-01-23 19:04:36.169] [info]  Splash.onStateUpdate: {"status":"installing-updates","current":3,"total":6,"progress":67}
[2026-01-23 19:04:36.169] [info]  DiscordSplash.onStateUpdate: {"status":"installing-updates","current":3,"total":6,"progress":67}
[2026-01-23 19:04:36.170] [info]  Splash.onStateUpdate: {"status":"installing-updates","current":3,"total":6,"progress":67}
[2026-01-23 19:04:36.170] [info]  DiscordSplash.onStateUpdate: {"status":"installing-updates","current":3,"total":6,"progress":67}
[2026-01-23 19:04:36.170] [info]  Splash.onStateUpdate: {"status":"installing-updates","current":3,"total":6,"progress":67}
[2026-01-23 19:04:36.171] [info]  DiscordSplash.onStateUpdate: {"status":"installing-updates","current":3,"total":6,"progress":67}
[2026-01-23 19:04:36.171] [info]  Splash.onStateUpdate: {"status":"installing-updates","current":3,"total":6,"progress":67}
[2026-01-23 19:04:36.171] [info]  DiscordSplash.onStateUpdate: {"status":"installing-updates","current":3,"total":6,"progress":68}
[2026-01-23 19:04:36.171] [info]  Splash.onStateUpdate: {"status":"installing-updates","current":3,"total":6,"progress":68}
[2026-01-23 19:04:36.172] [info]  DiscordSplash.onStateUpdate: {"status":"installing-updates","current":3,"total":6,"progress":68}
[2026-01-23 19:04:36.172] [info]  Splash.onStateUpdate: {"status":"installing-updates","current":3,"total":6,"progress":68}
[2026-01-23 19:04:36.172] [info]  DiscordSplash.onStateUpdate: {"status":"installing-updates","current":3,"total":6,"progress":68}
[2026-01-23 19:04:36.173] [info]  Splash.onStateUpdate: {"status":"installing-updates","current":3,"total":6,"progress":68}
[2026-01-23 19:04:36.173] [info]  DiscordSplash.onStateUpdate: {"status":"installing-updates","current":3,"total":6,"progress":68}
[2026-01-23 19:04:36.173] [info]  Splash.onStateUpdate: {"status":"installing-updates","current":3,"total":6,"progress":68}
[2026-01-23 19:04:36.174] [info]  DiscordSplash.onStateUpdate: {"status":"installing-updates","current":3,"total":6,"progress":68}
[2026-01-23 19:04:36.174] [info]  Splash.onStateUpdate: {"status":"installing-updates","current":3,"total":6,"progress":68}
[2026-01-23 19:04:36.175] [info]  DiscordSplash.onStateUpdate: {"status":"installing-updates","current":3,"total":6,"progress":68}
[2026-01-23 19:04:36.175] [info]  Splash.onStateUpdate: {"status":"installing-updates","current":3,"total":6,"progress":68}
[2026-01-23 19:04:36.175] [info]  DiscordSplash.onStateUpdate: {"status":"installing-updates","current":3,"total":6,"progress":69}
[2026-01-23 19:04:36.176] [info]  Splash.onStateUpdate: {"status":"installing-updates","current":3,"total":6,"progress":69}
[2026-01-23 19:04:36.176] [info]  DiscordSplash.onStateUpdate: {"status":"installing-updates","current":3,"total":6,"progress":69}
[2026-01-23 19:04:36.176] [info]  Splash.onStateUpdate: {"status":"installing-updates","current":3,"total":6,"progress":69}
[2026-01-23 19:04:36.177] [info]  DiscordSplash.onStateUpdate: {"status":"installing-updates","current":3,"total":6,"progress":69}
[2026-01-23 19:04:36.177] [info]  Splash.onStateUpdate: {"status":"installing-updates","current":3,"total":6,"progress":69}
[2026-01-23 19:04:36.177] [info]  DiscordSplash.onStateUpdate: {"status":"installing-updates","current":3,"total":6,"progress":69}
[2026-01-23 19:04:36.177] [info]  Splash.onStateUpdate: {"status":"installing-updates","current":3,"total":6,"progress":69}
[2026-01-23 19:04:36.178] [info]  DiscordSplash.onStateUpdate: {"status":"installing-updates","current":3,"total":6,"progress":69}
[2026-01-23 19:04:36.178] [info]  Splash.onStateUpdate: {"status":"installing-updates","current":3,"total":6,"progress":69}
[2026-01-23 19:04:36.178] [info]  DiscordSplash.onStateUpdate: {"status":"installing-updates","current":3,"total":6,"progress":69}
[2026-01-23 19:04:36.179] [info]  Splash.onStateUpdate: {"status":"installing-updates","current":3,"total":6,"progress":69}
[2026-01-23 19:04:36.179] [info]  DiscordSplash.onStateUpdate: {"status":"installing-updates","current":3,"total":6,"progress":70}
[2026-01-23 19:04:36.179] [info]  Splash.onStateUpdate: {"status":"installing-updates","current":3,"total":6,"progress":70}
[2026-01-23 19:04:36.180] [info]  DiscordSplash.onStateUpdate: {"status":"installing-updates","current":3,"total":6,"progress":70}
[2026-01-23 19:04:36.180] [info]  Splash.onStateUpdate: {"status":"installing-updates","current":3,"total":6,"progress":70}
[2026-01-23 19:04:36.180] [info]  DiscordSplash.onStateUpdate: {"status":"installing-updates","current":3,"total":6,"progress":70}
[2026-01-23 19:04:36.180] [info]  Splash.onStateUpdate: {"status":"installing-updates","current":3,"total":6,"progress":70}
[2026-01-23 19:04:36.181] [info]  DiscordSplash.onStateUpdate: {"status":"installing-updates","current":3,"total":6,"progress":70}
[2026-01-23 19:04:36.181] [info]  Splash.onStateUpdate: {"status":"installing-updates","current":3,"total":6,"progress":70}
[2026-01-23 19:04:36.182] [info]  DiscordSplash.onStateUpdate: {"status":"installing-updates","current":3,"total":6,"progress":70}
[2026-01-23 19:04:36.182] [info]  Splash.onStateUpdate: {"status":"installing-updates","current":3,"total":6,"progress":70}
[2026-01-23 19:04:36.182] [info]  DiscordSplash.onStateUpdate: {"status":"installing-updates","current":3,"total":6,"progress":70}
[2026-01-23 19:04:36.182] [info]  Splash.onStateUpdate: {"status":"installing-updates","current":3,"total":6,"progress":70}
[2026-01-23 19:04:36.183] [info]  DiscordSplash.onStateUpdate: {"status":"installing-updates","current":3,"total":6,"progress":70}
[2026-01-23 19:04:36.183] [info]  Splash.onStateUpdate: {"status":"installing-updates","current":3,"total":6,"progress":70}
[2026-01-23 19:04:36.183] [info]  DiscordSplash.onStateUpdate: {"status":"installing-updates","current":3,"total":6,"progress":71}
[2026-01-23 19:04:36.183] [info]  Splash.onStateUpdate: {"status":"installing-updates","current":3,"total":6,"progress":71}
[2026-01-23 19:04:36.184] [info]  DiscordSplash.onStateUpdate: {"status":"installing-updates","current":3,"total":6,"progress":71}
[2026-01-23 19:04:36.184] [info]  Splash.onStateUpdate: {"status":"installing-updates","current":3,"total":6,"progress":71}
[2026-01-23 19:04:36.185] [info]  DiscordSplash.onStateUpdate: {"status":"installing-updates","current":3,"total":6,"progress":71}
[2026-01-23 19:04:36.185] [info]  Splash.onStateUpdate: {"status":"installing-updates","current":3,"total":6,"progress":71}
[2026-01-23 19:04:36.185] [info]  DiscordSplash.onStateUpdate: {"status":"installing-updates","current":3,"total":6,"progress":71}
[2026-01-23 19:04:36.185] [info]  Splash.onStateUpdate: {"status":"installing-updates","current":3,"total":6,"progress":71}
[2026-01-23 19:04:36.186] [info]  DiscordSplash.onStateUpdate: {"status":"installing-updates","current":3,"total":6,"progress":71}
[2026-01-23 19:04:36.186] [info]  Splash.onStateUpdate: {"status":"installing-updates","current":3,"total":6,"progress":71}
[2026-01-23 19:04:36.186] [info]  DiscordSplash.onStateUpdate: {"status":"installing-updates","current":3,"total":6,"progress":71}
[2026-01-23 19:04:36.187] [info]  Splash.onStateUpdate: {"status":"installing-updates","current":3,"total":6,"progress":71}
[2026-01-23 19:04:36.187] [info]  DiscordSplash.onStateUpdate: {"status":"installing-updates","current":3,"total":6,"progress":72}
[2026-01-23 19:04:36.187] [info]  Splash.onStateUpdate: {"status":"installing-updates","current":3,"total":6,"progress":72}
[2026-01-23 19:04:36.188] [info]  DiscordSplash.onStateUpdate: {"status":"installing-updates","current":3,"total":6,"progress":72}
[2026-01-23 19:04:36.188] [info]  Splash.onStateUpdate: {"status":"installing-updates","current":3,"total":6,"progress":72}
[2026-01-23 19:04:36.188] [info]  DiscordSplash.onStateUpdate: {"status":"installing-updates","current":3,"total":6,"progress":72}
[2026-01-23 19:04:36.188] [info]  Splash.onStateUpdate: {"status":"installing-updates","current":3,"total":6,"progress":72}
[2026-01-23 19:04:36.189] [info]  DiscordSplash.onStateUpdate: {"status":"installing-updates","current":3,"total":6,"progress":72}
[2026-01-23 19:04:36.189] [info]  Splash.onStateUpdate: {"status":"installing-updates","current":3,"total":6,"progress":72}
[2026-01-23 19:04:36.189] [info]  DiscordSplash.onStateUpdate: {"status":"installing-updates","current":3,"total":6,"progress":72}
[2026-01-23 19:04:36.190] [info]  Splash.onStateUpdate: {"status":"installing-updates","current":3,"total":6,"progress":72}
[2026-01-23 19:04:36.190] [info]  DiscordSplash.onStateUpdate: {"status":"installing-updates","current":3,"total":6,"progress":72}
[2026-01-23 19:04:36.190] [info]  Splash.onStateUpdate: {"status":"installing-updates","current":3,"total":6,"progress":72}
[2026-01-23 19:04:36.191] [info]  DiscordSplash.onStateUpdate: {"status":"installing-updates","current":3,"total":6,"progress":73}
[2026-01-23 19:04:36.191] [info]  Splash.onStateUpdate: {"status":"installing-updates","current":3,"total":6,"progress":73}
[2026-01-23 19:04:36.191] [info]  DiscordSplash.onStateUpdate: {"status":"installing-updates","current":3,"total":6,"progress":73}
[2026-01-23 19:04:36.192] [info]  Splash.onStateUpdate: {"status":"installing-updates","current":3,"total":6,"progress":73}
[2026-01-23 19:04:36.192] [info]  DiscordSplash.onStateUpdate: {"status":"installing-updates","current":3,"total":6,"progress":73}
[2026-01-23 19:04:36.192] [info]  Splash.onStateUpdate: {"status":"installing-updates","current":3,"total":6,"progress":73}
[2026-01-23 19:04:36.193] [info]  DiscordSplash.onStateUpdate: {"status":"installing-updates","current":3,"total":6,"progress":73}
[2026-01-23 19:04:36.193] [info]  Splash.onStateUpdate: {"status":"installing-updates","current":3,"total":6,"progress":73}
[2026-01-23 19:04:36.196] [info]  DiscordSplash.onStateUpdate: {"status":"installing-updates","current":3,"total":6,"progress":73}
[2026-01-23 19:04:36.196] [info]  Splash.onStateUpdate: {"status":"installing-updates","current":3,"total":6,"progress":73}
[2026-01-23 19:04:36.197] [info]  DiscordSplash.onStateUpdate: {"status":"installing-updates","current":3,"total":6,"progress":73}
[2026-01-23 19:04:36.197] [info]  Splash.onStateUpdate: {"status":"installing-updates","current":3,"total":6,"progress":73}
[2026-01-23 19:04:36.198] [info]  DiscordSplash.onStateUpdate: {"status":"installing-updates","current":3,"total":6,"progress":74}
[2026-01-23 19:04:36.198] [info]  Splash.onStateUpdate: {"status":"installing-updates","current":3,"total":6,"progress":74}
[2026-01-23 19:04:36.199] [info]  DiscordSplash.onStateUpdate: {"status":"installing-updates","current":3,"total":6,"progress":74}
[2026-01-23 19:04:36.199] [info]  Splash.onStateUpdate: {"status":"installing-updates","current":3,"total":6,"progress":74}
[2026-01-23 19:04:36.200] [info]  DiscordSplash.onStateUpdate: {"status":"installing-updates","current":3,"total":6,"progress":74}
[2026-01-23 19:04:36.200] [info]  Splash.onStateUpdate: {"status":"installing-updates","current":3,"total":6,"progress":74}
[2026-01-23 19:04:36.200] [info]  DiscordSplash.onStateUpdate: {"status":"installing-updates","current":3,"total":6,"progress":74}
[2026-01-23 19:04:36.200] [info]  Splash.onStateUpdate: {"status":"installing-updates","current":3,"total":6,"progress":74}
[2026-01-23 19:04:36.201] [info]  DiscordSplash.onStateUpdate: {"status":"installing-updates","current":3,"total":6,"progress":74}
[2026-01-23 19:04:36.201] [info]  Splash.onStateUpdate: {"status":"installing-updates","current":3,"total":6,"progress":74}
[2026-01-23 19:04:36.201] [info]  DiscordSplash.onStateUpdate: {"status":"installing-updates","current":3,"total":6,"progress":74}
[2026-01-23 19:04:36.201] [info]  Splash.onStateUpdate: {"status":"installing-updates","current":3,"total":6,"progress":74}
[2026-01-23 19:04:36.202] [info]  DiscordSplash.onStateUpdate: {"status":"installing-updates","current":3,"total":6,"progress":75}
[2026-01-23 19:04:36.202] [info]  Splash.onStateUpdate: {"status":"installing-updates","current":3,"total":6,"progress":75}
[2026-01-23 19:04:36.203] [info]  DiscordSplash.onStateUpdate: {"status":"installing-updates","current":3,"total":6,"progress":75}
[2026-01-23 19:04:36.203] [info]  Splash.onStateUpdate: {"status":"installing-updates","current":3,"total":6,"progress":75}
[2026-01-23 19:04:36.204] [info]  DiscordSplash.onStateUpdate: {"status":"installing-updates","current":3,"total":6,"progress":75}
[2026-01-23 19:04:36.204] [info]  Splash.onStateUpdate: {"status":"installing-updates","current":3,"total":6,"progress":75}
[2026-01-23 19:04:36.204] [info]  DiscordSplash.onStateUpdate: {"status":"installing-updates","current":3,"total":6,"progress":75}
[2026-01-23 19:04:36.204] [info]  Splash.onStateUpdate: {"status":"installing-updates","current":3,"total":6,"progress":75}
[2026-01-23 19:04:36.205] [info]  DiscordSplash.onStateUpdate: {"status":"installing-updates","current":3,"total":6,"progress":75}
[2026-01-23 19:04:36.205] [info]  Splash.onStateUpdate: {"status":"installing-updates","current":3,"total":6,"progress":75}
[2026-01-23 19:04:36.205] [info]  DiscordSplash.onStateUpdate: {"status":"installing-updates","current":3,"total":6,"progress":75}
[2026-01-23 19:04:36.205] [info]  Splash.onStateUpdate: {"status":"installing-updates","current":3,"total":6,"progress":75}
[2026-01-23 19:04:36.206] [info]  DiscordSplash.onStateUpdate: {"status":"installing-updates","current":3,"total":6,"progress":76}
[2026-01-23 19:04:36.206] [info]  Splash.onStateUpdate: {"status":"installing-updates","current":3,"total":6,"progress":76}
[2026-01-23 19:04:36.207] [info]  DiscordSplash.onStateUpdate: {"status":"installing-updates","current":3,"total":6,"progress":76}
[2026-01-23 19:04:36.207] [info]  Splash.onStateUpdate: {"status":"installing-updates","current":3,"total":6,"progress":76}
[2026-01-23 19:04:36.208] [info]  DiscordSplash.onStateUpdate: {"status":"installing-updates","current":3,"total":6,"progress":76}
[2026-01-23 19:04:36.208] [info]  Splash.onStateUpdate: {"status":"installing-updates","current":3,"total":6,"progress":76}
[2026-01-23 19:04:36.209] [info]  DiscordSplash.onStateUpdate: {"status":"installing-updates","current":3,"total":6,"progress":76}
[2026-01-23 19:04:36.209] [info]  Splash.onStateUpdate: {"status":"installing-updates","current":3,"total":6,"progress":76}
[2026-01-23 19:04:36.210] [info]  DiscordSplash.onStateUpdate: {"status":"installing-updates","current":3,"total":6,"progress":76}
[2026-01-23 19:04:36.210] [info]  Splash.onStateUpdate: {"status":"installing-updates","current":3,"total":6,"progress":76}
[2026-01-23 19:04:36.211] [info]  DiscordSplash.onStateUpdate: {"status":"installing-updates","current":3,"total":6,"progress":76}
[2026-01-23 19:04:36.211] [info]  Splash.onStateUpdate: {"status":"installing-updates","current":3,"total":6,"progress":76}
[2026-01-23 19:04:36.212] [info]  DiscordSplash.onStateUpdate: {"status":"installing-updates","current":3,"total":6,"progress":76}
[2026-01-23 19:04:36.212] [info]  Splash.onStateUpdate: {"status":"installing-updates","current":3,"total":6,"progress":76}
[2026-01-23 19:04:36.212] [info]  DiscordSplash.onStateUpdate: {"status":"installing-updates","current":3,"total":6,"progress":77}
[2026-01-23 19:04:36.212] [info]  Splash.onStateUpdate: {"status":"installing-updates","current":3,"total":6,"progress":77}
[2026-01-23 19:04:36.213] [info]  DiscordSplash.onStateUpdate: {"status":"installing-updates","current":3,"total":6,"progress":77}
[2026-01-23 19:04:36.213] [info]  Splash.onStateUpdate: {"status":"installing-updates","current":3,"total":6,"progress":77}
[2026-01-23 19:04:36.213] [info]  DiscordSplash.onStateUpdate: {"status":"installing-updates","current":3,"total":6,"progress":77}
[2026-01-23 19:04:36.214] [info]  Splash.onStateUpdate: {"status":"installing-updates","current":3,"total":6,"progress":77}
[2026-01-23 19:04:36.214] [info]  DiscordSplash.onStateUpdate: {"status":"installing-updates","current":3,"total":6,"progress":77}
[2026-01-23 19:04:36.214] [info]  Splash.onStateUpdate: {"status":"installing-updates","current":3,"total":6,"progress":77}
[2026-01-23 19:04:36.215] [info]  DiscordSplash.onStateUpdate: {"status":"installing-updates","current":3,"total":6,"progress":77}
[2026-01-23 19:04:36.215] [info]  Splash.onStateUpdate: {"status":"installing-updates","current":3,"total":6,"progress":77}
[2026-01-23 19:04:36.215] [info]  DiscordSplash.onStateUpdate: {"status":"installing-updates","current":3,"total":6,"progress":77}
[2026-01-23 19:04:36.215] [info]  Splash.onStateUpdate: {"status":"installing-updates","current":3,"total":6,"progress":77}
[2026-01-23 19:04:36.216] [info]  DiscordSplash.onStateUpdate: {"status":"installing-updates","current":3,"total":6,"progress":78}
[2026-01-23 19:04:36.216] [info]  Splash.onStateUpdate: {"status":"installing-updates","current":3,"total":6,"progress":78}
[2026-01-23 19:04:36.217] [info]  DiscordSplash.onStateUpdate: {"status":"installing-updates","current":3,"total":6,"progress":78}
[2026-01-23 19:04:36.217] [info]  Splash.onStateUpdate: {"status":"installing-updates","current":3,"total":6,"progress":78}
[2026-01-23 19:04:36.218] [info]  DiscordSplash.onStateUpdate: {"status":"installing-updates","current":3,"total":6,"progress":78}
[2026-01-23 19:04:36.218] [info]  Splash.onStateUpdate: {"status":"installing-updates","current":3,"total":6,"progress":78}
[2026-01-23 19:04:36.218] [info]  DiscordSplash.onStateUpdate: {"status":"installing-updates","current":3,"total":6,"progress":78}
[2026-01-23 19:04:36.218] [info]  Splash.onStateUpdate: {"status":"installing-updates","current":3,"total":6,"progress":78}
[2026-01-23 19:04:36.219] [info]  DiscordSplash.onStateUpdate: {"status":"installing-updates","current":3,"total":6,"progress":78}
[2026-01-23 19:04:36.219] [info]  Splash.onStateUpdate: {"status":"installing-updates","current":3,"total":6,"progress":78}
[2026-01-23 19:04:36.219] [info]  DiscordSplash.onStateUpdate: {"status":"installing-updates","current":3,"total":6,"progress":78}
[2026-01-23 19:04:36.219] [info]  Splash.onStateUpdate: {"status":"installing-updates","current":3,"total":6,"progress":78}
[2026-01-23 19:04:36.220] [info]  DiscordSplash.onStateUpdate: {"status":"installing-updates","current":3,"total":6,"progress":79}
[2026-01-23 19:04:36.220] [info]  Splash.onStateUpdate: {"status":"installing-updates","current":3,"total":6,"progress":79}
[2026-01-23 19:04:36.221] [info]  DiscordSplash.onStateUpdate: {"status":"installing-updates","current":3,"total":6,"progress":79}
[2026-01-23 19:04:36.221] [info]  Splash.onStateUpdate: {"status":"installing-updates","current":3,"total":6,"progress":79}
[2026-01-23 19:04:36.221] [info]  DiscordSplash.onStateUpdate: {"status":"installing-updates","current":3,"total":6,"progress":79}
[2026-01-23 19:04:36.221] [info]  Splash.onStateUpdate: {"status":"installing-updates","current":3,"total":6,"progress":79}
[2026-01-23 19:04:36.222] [info]  DiscordSplash.onStateUpdate: {"status":"installing-updates","current":3,"total":6,"progress":79}
[2026-01-23 19:04:36.222] [info]  Splash.onStateUpdate: {"status":"installing-updates","current":3,"total":6,"progress":79}
[2026-01-23 19:04:36.222] [info]  DiscordSplash.onStateUpdate: {"status":"installing-updates","current":3,"total":6,"progress":79}
[2026-01-23 19:04:36.222] [info]  Splash.onStateUpdate: {"status":"installing-updates","current":3,"total":6,"progress":79}
[2026-01-23 19:04:36.223] [info]  DiscordSplash.onStateUpdate: {"status":"installing-updates","current":3,"total":6,"progress":79}
[2026-01-23 19:04:36.223] [info]  Splash.onStateUpdate: {"status":"installing-updates","current":3,"total":6,"progress":79}
[2026-01-23 19:04:36.224] [info]  DiscordSplash.onStateUpdate: {"status":"installing-updates","current":3,"total":6,"progress":80}
[2026-01-23 19:04:36.224] [info]  Splash.onStateUpdate: {"status":"installing-updates","current":3,"total":6,"progress":80}
[2026-01-23 19:04:36.224] [info]  DiscordSplash.onStateUpdate: {"status":"installing-updates","current":3,"total":6,"progress":80}
[2026-01-23 19:04:36.224] [info]  Splash.onStateUpdate: {"status":"installing-updates","current":3,"total":6,"progress":80}
[2026-01-23 19:04:36.225] [info]  DiscordSplash.onStateUpdate: {"status":"installing-updates","current":3,"total":6,"progress":80}
[2026-01-23 19:04:36.225] [info]  Splash.onStateUpdate: {"status":"installing-updates","current":3,"total":6,"progress":80}
[2026-01-23 19:04:36.226] [info]  DiscordSplash.onStateUpdate: {"status":"installing-updates","current":3,"total":6,"progress":80}
[2026-01-23 19:04:36.226] [info]  Splash.onStateUpdate: {"status":"installing-updates","current":3,"total":6,"progress":80}
[2026-01-23 19:04:36.227] [info]  DiscordSplash.onStateUpdate: {"status":"installing-updates","current":3,"total":6,"progress":80}
[2026-01-23 19:04:36.227] [info]  Splash.onStateUpdate: {"status":"installing-updates","current":3,"total":6,"progress":80}
[2026-01-23 19:04:36.227] [info]  DiscordSplash.onStateUpdate: {"status":"installing-updates","current":3,"total":6,"progress":80}
[2026-01-23 19:04:36.228] [info]  Splash.onStateUpdate: {"status":"installing-updates","current":3,"total":6,"progress":80}
[2026-01-23 19:04:36.228] [info]  DiscordSplash.onStateUpdate: {"status":"installing-updates","current":3,"total":6,"progress":81}
[2026-01-23 19:04:36.228] [info]  Splash.onStateUpdate: {"status":"installing-updates","current":3,"total":6,"progress":81}
[2026-01-23 19:04:36.229] [info]  DiscordSplash.onStateUpdate: {"status":"installing-updates","current":3,"total":6,"progress":81}
[2026-01-23 19:04:36.229] [info]  Splash.onStateUpdate: {"status":"installing-updates","current":3,"total":6,"progress":81}
[2026-01-23 19:04:36.230] [info]  DiscordSplash.onStateUpdate: {"status":"installing-updates","current":3,"total":6,"progress":81}
[2026-01-23 19:04:36.230] [info]  Splash.onStateUpdate: {"status":"installing-updates","current":3,"total":6,"progress":81}
[2026-01-23 19:04:36.230] [info]  DiscordSplash.onStateUpdate: {"status":"installing-updates","current":3,"total":6,"progress":81}
[2026-01-23 19:04:36.231] [info]  Splash.onStateUpdate: {"status":"installing-updates","current":3,"total":6,"progress":81}
[2026-01-23 19:04:36.231] [info]  DiscordSplash.onStateUpdate: {"status":"installing-updates","current":3,"total":6,"progress":81}
[2026-01-23 19:04:36.231] [info]  Splash.onStateUpdate: {"status":"installing-updates","current":3,"total":6,"progress":81}
[2026-01-23 19:04:36.232] [info]  DiscordSplash.onStateUpdate: {"status":"installing-updates","current":3,"total":6,"progress":81}
[2026-01-23 19:04:36.232] [info]  Splash.onStateUpdate: {"status":"installing-updates","current":3,"total":6,"progress":81}
[2026-01-23 19:04:36.233] [info]  DiscordSplash.onStateUpdate: {"status":"installing-updates","current":3,"total":6,"progress":82}
[2026-01-23 19:04:36.233] [info]  Splash.onStateUpdate: {"status":"installing-updates","current":3,"total":6,"progress":82}
[2026-01-23 19:04:36.234] [info]  DiscordSplash.onStateUpdate: {"status":"installing-updates","current":3,"total":6,"progress":82}
[2026-01-23 19:04:36.234] [info]  Splash.onStateUpdate: {"status":"installing-updates","current":3,"total":6,"progress":82}
[2026-01-23 19:04:36.234] [info]  DiscordSplash.onStateUpdate: {"status":"installing-updates","current":3,"total":6,"progress":82}
[2026-01-23 19:04:36.235] [info]  Splash.onStateUpdate: {"status":"installing-updates","current":3,"total":6,"progress":82}
[2026-01-23 19:04:36.236] [info]  DiscordSplash.onStateUpdate: {"status":"installing-updates","current":3,"total":6,"progress":82}
[2026-01-23 19:04:36.236] [info]  Splash.onStateUpdate: {"status":"installing-updates","current":3,"total":6,"progress":82}
[2026-01-23 19:04:36.237] [info]  DiscordSplash.onStateUpdate: {"status":"installing-updates","current":3,"total":6,"progress":82}
[2026-01-23 19:04:36.237] [info]  Splash.onStateUpdate: {"status":"installing-updates","current":3,"total":6,"progress":82}
[2026-01-23 19:04:36.237] [info]  DiscordSplash.onStateUpdate: {"status":"installing-updates","current":3,"total":6,"progress":82}
[2026-01-23 19:04:36.237] [info]  Splash.onStateUpdate: {"status":"installing-updates","current":3,"total":6,"progress":82}
[2026-01-23 19:04:36.238] [info]  DiscordSplash.onStateUpdate: {"status":"installing-updates","current":3,"total":6,"progress":82}
[2026-01-23 19:04:36.238] [info]  Splash.onStateUpdate: {"status":"installing-updates","current":3,"total":6,"progress":82}
[2026-01-23 19:04:36.239] [info]  DiscordSplash.onStateUpdate: {"status":"installing-updates","current":3,"total":6,"progress":83}
[2026-01-23 19:04:36.239] [info]  Splash.onStateUpdate: {"status":"installing-updates","current":3,"total":6,"progress":83}
[2026-01-23 19:04:36.242] [info]  DiscordSplash.onStateUpdate: {"status":"installing-updates","current":3,"total":6,"progress":83}
[2026-01-23 19:04:36.242] [info]  Splash.onStateUpdate: {"status":"installing-updates","current":3,"total":6,"progress":83}
[2026-01-23 19:04:36.279] [info]  DiscordSplash.onStateUpdate: {"status":"installing-updates","current":3,"total":6,"progress":83}
[2026-01-23 19:04:36.279] [info]  Splash.onStateUpdate: {"status":"installing-updates","current":3,"total":6,"progress":83}
[2026-01-23 19:04:36.322] [info]  DiscordSplash.onStateUpdate: {"status":"installing-updates","current":3,"total":6,"progress":83}
[2026-01-23 19:04:36.323] [info]  Splash.onStateUpdate: {"status":"installing-updates","current":3,"total":6,"progress":83}
[2026-01-23 19:04:36.324] [info]  DiscordSplash.onStateUpdate: {"status":"installing-updates","current":3,"total":6,"progress":83}
[2026-01-23 19:04:36.324] [info]  Splash.onStateUpdate: {"status":"installing-updates","current":3,"total":6,"progress":83}
[2026-01-23 19:04:36.324] [info]  DiscordSplash.onStateUpdate: {"status":"installing-updates","current":3,"total":6,"progress":83}
[2026-01-23 19:04:36.325] [info]  Splash.onStateUpdate: {"status":"installing-updates","current":3,"total":6,"progress":83}
[2026-01-23 19:04:36.326] [info]  DiscordSplash.onStateUpdate: {"status":"installing-updates","current":3,"total":6,"progress":84}
[2026-01-23 19:04:36.326] [info]  Splash.onStateUpdate: {"status":"installing-updates","current":3,"total":6,"progress":84}
[2026-01-23 19:04:36.329] [info]  DiscordSplash.onStateUpdate: {"status":"installing-updates","current":3,"total":6,"progress":84}
[2026-01-23 19:04:36.329] [info]  Splash.onStateUpdate: {"status":"installing-updates","current":3,"total":6,"progress":84}
[2026-01-23 19:04:36.331] [info]  DiscordSplash.onStateUpdate: {"status":"installing-updates","current":3,"total":6,"progress":84}
[2026-01-23 19:04:36.331] [info]  Splash.onStateUpdate: {"status":"installing-updates","current":3,"total":6,"progress":84}
[2026-01-23 19:04:36.331] [info]  DiscordSplash.onStateUpdate: {"status":"installing-updates","current":3,"total":6,"progress":84}
[2026-01-23 19:04:36.331] [info]  Splash.onStateUpdate: {"status":"installing-updates","current":3,"total":6,"progress":84}
[2026-01-23 19:04:36.332] [info]  DiscordSplash.onStateUpdate: {"status":"installing-updates","current":3,"total":6,"progress":84}
[2026-01-23 19:04:36.332] [info]  Splash.onStateUpdate: {"status":"installing-updates","current":3,"total":6,"progress":84}
[2026-01-23 19:04:36.332] [info]  DiscordSplash.onStateUpdate: {"status":"installing-updates","current":3,"total":6,"progress":84}
[2026-01-23 19:04:36.333] [info]  Splash.onStateUpdate: {"status":"installing-updates","current":3,"total":6,"progress":84}
[2026-01-23 19:04:36.333] [info]  DiscordSplash.onStateUpdate: {"status":"installing-updates","current":3,"total":6,"progress":85}
[2026-01-23 19:04:36.333] [info]  Splash.onStateUpdate: {"status":"installing-updates","current":3,"total":6,"progress":85}
[2026-01-23 19:04:36.334] [info]  DiscordSplash.onStateUpdate: {"status":"installing-updates","current":3,"total":6,"progress":85}
[2026-01-23 19:04:36.334] [info]  Splash.onStateUpdate: {"status":"installing-updates","current":3,"total":6,"progress":85}
[2026-01-23 19:04:36.334] [info]  DiscordSplash.onStateUpdate: {"status":"installing-updates","current":3,"total":6,"progress":85}
[2026-01-23 19:04:36.334] [info]  Splash.onStateUpdate: {"status":"installing-updates","current":3,"total":6,"progress":85}
[2026-01-23 19:04:36.335] [info]  DiscordSplash.onStateUpdate: {"status":"installing-updates","current":3,"total":6,"progress":85}
[2026-01-23 19:04:36.335] [info]  Splash.onStateUpdate: {"status":"installing-updates","current":3,"total":6,"progress":85}
[2026-01-23 19:04:36.336] [info]  DiscordSplash.onStateUpdate: {"status":"installing-updates","current":3,"total":6,"progress":85}
[2026-01-23 19:04:36.336] [info]  Splash.onStateUpdate: {"status":"installing-updates","current":3,"total":6,"progress":85}
[2026-01-23 19:04:36.336] [info]  DiscordSplash.onStateUpdate: {"status":"installing-updates","current":3,"total":6,"progress":85}
[2026-01-23 19:04:36.336] [info]  Splash.onStateUpdate: {"status":"installing-updates","current":3,"total":6,"progress":85}
[2026-01-23 19:04:36.337] [info]  DiscordSplash.onStateUpdate: {"status":"installing-updates","current":3,"total":6,"progress":86}
[2026-01-23 19:04:36.337] [info]  Splash.onStateUpdate: {"status":"installing-updates","current":3,"total":6,"progress":86}
[2026-01-23 19:04:36.337] [info]  DiscordSplash.onStateUpdate: {"status":"installing-updates","current":3,"total":6,"progress":86}
[2026-01-23 19:04:36.337] [info]  Splash.onStateUpdate: {"status":"installing-updates","current":3,"total":6,"progress":86}
[2026-01-23 19:04:36.338] [info]  DiscordSplash.onStateUpdate: {"status":"installing-updates","current":3,"total":6,"progress":86}
[2026-01-23 19:04:36.338] [info]  Splash.onStateUpdate: {"status":"installing-updates","current":3,"total":6,"progress":86}
[2026-01-23 19:04:36.339] [info]  DiscordSplash.onStateUpdate: {"status":"installing-updates","current":3,"total":6,"progress":86}
[2026-01-23 19:04:36.339] [info]  Splash.onStateUpdate: {"status":"installing-updates","current":3,"total":6,"progress":86}
[2026-01-23 19:04:36.339] [info]  DiscordSplash.onStateUpdate: {"status":"installing-updates","current":3,"total":6,"progress":86}
[2026-01-23 19:04:36.339] [info]  Splash.onStateUpdate: {"status":"installing-updates","current":3,"total":6,"progress":86}
[2026-01-23 19:04:36.340] [info]  DiscordSplash.onStateUpdate: {"status":"installing-updates","current":3,"total":6,"progress":86}
[2026-01-23 19:04:36.340] [info]  Splash.onStateUpdate: {"status":"installing-updates","current":3,"total":6,"progress":86}
[2026-01-23 19:04:36.340] [info]  DiscordSplash.onStateUpdate: {"status":"installing-updates","current":3,"total":6,"progress":87}
[2026-01-23 19:04:36.340] [info]  Splash.onStateUpdate: {"status":"installing-updates","current":3,"total":6,"progress":87}
[2026-01-23 19:04:36.341] [info]  DiscordSplash.onStateUpdate: {"status":"installing-updates","current":3,"total":6,"progress":87}
[2026-01-23 19:04:36.341] [info]  Splash.onStateUpdate: {"status":"installing-updates","current":3,"total":6,"progress":87}
[2026-01-23 19:04:36.341] [info]  DiscordSplash.onStateUpdate: {"status":"installing-updates","current":3,"total":6,"progress":87}
[2026-01-23 19:04:36.342] [info]  Splash.onStateUpdate: {"status":"installing-updates","current":3,"total":6,"progress":87}
[2026-01-23 19:04:36.342] [info]  DiscordSplash.onStateUpdate: {"status":"installing-updates","current":3,"total":6,"progress":87}
[2026-01-23 19:04:36.342] [info]  Splash.onStateUpdate: {"status":"installing-updates","current":3,"total":6,"progress":87}
[2026-01-23 19:04:36.343] [info]  DiscordSplash.onStateUpdate: {"status":"installing-updates","current":3,"total":6,"progress":87}
[2026-01-23 19:04:36.343] [info]  Splash.onStateUpdate: {"status":"installing-updates","current":3,"total":6,"progress":87}
[2026-01-23 19:04:36.344] [info]  DiscordSplash.onStateUpdate: {"status":"installing-updates","current":3,"total":6,"progress":87}
[2026-01-23 19:04:36.344] [info]  Splash.onStateUpdate: {"status":"installing-updates","current":3,"total":6,"progress":87}
[2026-01-23 19:04:36.344] [info]  DiscordSplash.onStateUpdate: {"status":"installing-updates","current":3,"total":6,"progress":88}
[2026-01-23 19:04:36.344] [info]  Splash.onStateUpdate: {"status":"installing-updates","current":3,"total":6,"progress":88}
[2026-01-23 19:04:36.345] [info]  DiscordSplash.onStateUpdate: {"status":"installing-updates","current":3,"total":6,"progress":88}
[2026-01-23 19:04:36.345] [info]  Splash.onStateUpdate: {"status":"installing-updates","current":3,"total":6,"progress":88}
[2026-01-23 19:04:36.346] [info]  DiscordSplash.onStateUpdate: {"status":"installing-updates","current":3,"total":6,"progress":88}
[2026-01-23 19:04:36.346] [info]  Splash.onStateUpdate: {"status":"installing-updates","current":3,"total":6,"progress":88}
[2026-01-23 19:04:36.346] [info]  DiscordSplash.onStateUpdate: {"status":"installing-updates","current":3,"total":6,"progress":88}
[2026-01-23 19:04:36.346] [info]  Splash.onStateUpdate: {"status":"installing-updates","current":3,"total":6,"progress":88}
[2026-01-23 19:04:36.347] [info]  DiscordSplash.onStateUpdate: {"status":"installing-updates","current":3,"total":6,"progress":88}
[2026-01-23 19:04:36.347] [info]  Splash.onStateUpdate: {"status":"installing-updates","current":3,"total":6,"progress":88}
[2026-01-23 19:04:36.347] [info]  DiscordSplash.onStateUpdate: {"status":"installing-updates","current":3,"total":6,"progress":88}
[2026-01-23 19:04:36.348] [info]  Splash.onStateUpdate: {"status":"installing-updates","current":3,"total":6,"progress":88}
[2026-01-23 19:04:36.348] [info]  DiscordSplash.onStateUpdate: {"status":"installing-updates","current":3,"total":6,"progress":88}
[2026-01-23 19:04:36.348] [info]  Splash.onStateUpdate: {"status":"installing-updates","current":3,"total":6,"progress":88}
[2026-01-23 19:04:36.349] [info]  DiscordSplash.onStateUpdate: {"status":"installing-updates","current":3,"total":6,"progress":89}
[2026-01-23 19:04:36.349] [info]  Splash.onStateUpdate: {"status":"installing-updates","current":3,"total":6,"progress":89}
[2026-01-23 19:04:36.349] [info]  DiscordSplash.onStateUpdate: {"status":"installing-updates","current":3,"total":6,"progress":89}
[2026-01-23 19:04:36.350] [info]  Splash.onStateUpdate: {"status":"installing-updates","current":3,"total":6,"progress":89}
[2026-01-23 19:04:36.350] [info]  DiscordSplash.onStateUpdate: {"status":"installing-updates","current":3,"total":6,"progress":89}
[2026-01-23 19:04:36.350] [info]  Splash.onStateUpdate: {"status":"installing-updates","current":3,"total":6,"progress":89}
[2026-01-23 19:04:36.351] [info]  DiscordSplash.onStateUpdate: {"status":"installing-updates","current":3,"total":6,"progress":89}
[2026-01-23 19:04:36.351] [info]  Splash.onStateUpdate: {"status":"installing-updates","current":3,"total":6,"progress":89}
[2026-01-23 19:04:36.351] [info]  DiscordSplash.onStateUpdate: {"status":"installing-updates","current":3,"total":6,"progress":89}
[2026-01-23 19:04:36.351] [info]  Splash.onStateUpdate: {"status":"installing-updates","current":3,"total":6,"progress":89}
[2026-01-23 19:04:36.352] [info]  DiscordSplash.onStateUpdate: {"status":"installing-updates","current":3,"total":6,"progress":89}
[2026-01-23 19:04:36.352] [info]  Splash.onStateUpdate: {"status":"installing-updates","current":3,"total":6,"progress":89}
[2026-01-23 19:04:36.353] [info]  DiscordSplash.onStateUpdate: {"status":"installing-updates","current":3,"total":6,"progress":90}
[2026-01-23 19:04:36.353] [info]  Splash.onStateUpdate: {"status":"installing-updates","current":3,"total":6,"progress":90}
[2026-01-23 19:04:36.353] [info]  DiscordSplash.onStateUpdate: {"status":"installing-updates","current":3,"total":6,"progress":90}
[2026-01-23 19:04:36.353] [info]  Splash.onStateUpdate: {"status":"installing-updates","current":3,"total":6,"progress":90}
[2026-01-23 19:04:36.354] [info]  DiscordSplash.onStateUpdate: {"status":"installing-updates","current":3,"total":6,"progress":90}
[2026-01-23 19:04:36.354] [info]  Splash.onStateUpdate: {"status":"installing-updates","current":3,"total":6,"progress":90}
[2026-01-23 19:04:36.354] [info]  DiscordSplash.onStateUpdate: {"status":"installing-updates","current":3,"total":6,"progress":90}
[2026-01-23 19:04:36.354] [info]  Splash.onStateUpdate: {"status":"installing-updates","current":3,"total":6,"progress":90}
[2026-01-23 19:04:36.355] [info]  DiscordSplash.onStateUpdate: {"status":"installing-updates","current":3,"total":6,"progress":90}
[2026-01-23 19:04:36.355] [info]  Splash.onStateUpdate: {"status":"installing-updates","current":3,"total":6,"progress":90}
[2026-01-23 19:04:36.356] [info]  DiscordSplash.onStateUpdate: {"status":"installing-updates","current":3,"total":6,"progress":90}
[2026-01-23 19:04:36.356] [info]  Splash.onStateUpdate: {"status":"installing-updates","current":3,"total":6,"progress":90}
[2026-01-23 19:04:36.356] [info]  DiscordSplash.onStateUpdate: {"status":"installing-updates","current":3,"total":6,"progress":91}
[2026-01-23 19:04:36.357] [info]  Splash.onStateUpdate: {"status":"installing-updates","current":3,"total":6,"progress":91}
[2026-01-23 19:04:36.357] [info]  DiscordSplash.onStateUpdate: {"status":"installing-updates","current":3,"total":6,"progress":91}
[2026-01-23 19:04:36.357] [info]  Splash.onStateUpdate: {"status":"installing-updates","current":3,"total":6,"progress":91}
[2026-01-23 19:04:36.358] [info]  DiscordSplash.onStateUpdate: {"status":"installing-updates","current":3,"total":6,"progress":91}
[2026-01-23 19:04:36.358] [info]  Splash.onStateUpdate: {"status":"installing-updates","current":3,"total":6,"progress":91}
[2026-01-23 19:04:36.359] [info]  DiscordSplash.onStateUpdate: {"status":"installing-updates","current":3,"total":6,"progress":91}
[2026-01-23 19:04:36.359] [info]  Splash.onStateUpdate: {"status":"installing-updates","current":3,"total":6,"progress":91}
[2026-01-23 19:04:36.359] [info]  DiscordSplash.onStateUpdate: {"status":"installing-updates","current":3,"total":6,"progress":91}
[2026-01-23 19:04:36.359] [info]  Splash.onStateUpdate: {"status":"installing-updates","current":3,"total":6,"progress":91}
[2026-01-23 19:04:36.360] [info]  DiscordSplash.onStateUpdate: {"status":"installing-updates","current":3,"total":6,"progress":91}
[2026-01-23 19:04:36.360] [info]  Splash.onStateUpdate: {"status":"installing-updates","current":3,"total":6,"progress":91}
[2026-01-23 19:04:36.361] [info]  DiscordSplash.onStateUpdate: {"status":"installing-updates","current":3,"total":6,"progress":92}
[2026-01-23 19:04:36.361] [info]  Splash.onStateUpdate: {"status":"installing-updates","current":3,"total":6,"progress":92}
[2026-01-23 19:04:36.361] [info]  DiscordSplash.onStateUpdate: {"status":"installing-updates","current":3,"total":6,"progress":92}
[2026-01-23 19:04:36.361] [info]  Splash.onStateUpdate: {"status":"installing-updates","current":3,"total":6,"progress":92}
[2026-01-23 19:04:36.362] [info]  DiscordSplash.onStateUpdate: {"status":"installing-updates","current":3,"total":6,"progress":92}
[2026-01-23 19:04:36.362] [info]  Splash.onStateUpdate: {"status":"installing-updates","current":3,"total":6,"progress":92}
[2026-01-23 19:04:36.363] [info]  DiscordSplash.onStateUpdate: {"status":"installing-updates","current":3,"total":6,"progress":92}
[2026-01-23 19:04:36.363] [info]  Splash.onStateUpdate: {"status":"installing-updates","current":3,"total":6,"progress":92}
[2026-01-23 19:04:36.363] [info]  DiscordSplash.onStateUpdate: {"status":"installing-updates","current":3,"total":6,"progress":92}
[2026-01-23 19:04:36.363] [info]  Splash.onStateUpdate: {"status":"installing-updates","current":3,"total":6,"progress":92}
[2026-01-23 19:04:36.364] [info]  DiscordSplash.onStateUpdate: {"status":"installing-updates","current":3,"total":6,"progress":92}
[2026-01-23 19:04:36.364] [info]  Splash.onStateUpdate: {"status":"installing-updates","current":3,"total":6,"progress":92}
[2026-01-23 19:04:36.364] [info]  DiscordSplash.onStateUpdate: {"status":"installing-updates","current":3,"total":6,"progress":93}
[2026-01-23 19:04:36.364] [info]  Splash.onStateUpdate: {"status":"installing-updates","current":3,"total":6,"progress":93}
[2026-01-23 19:04:36.365] [info]  DiscordSplash.onStateUpdate: {"status":"installing-updates","current":3,"total":6,"progress":93}
[2026-01-23 19:04:36.365] [info]  Splash.onStateUpdate: {"status":"installing-updates","current":3,"total":6,"progress":93}
[2026-01-23 19:04:36.365] [info]  DiscordSplash.onStateUpdate: {"status":"installing-updates","current":3,"total":6,"progress":93}
[2026-01-23 19:04:36.366] [info]  Splash.onStateUpdate: {"status":"installing-updates","current":3,"total":6,"progress":93}
[2026-01-23 19:04:36.366] [info]  DiscordSplash.onStateUpdate: {"status":"installing-updates","current":3,"total":6,"progress":93}
[2026-01-23 19:04:36.366] [info]  Splash.onStateUpdate: {"status":"installing-updates","current":3,"total":6,"progress":93}
[2026-01-23 19:04:36.367] [info]  DiscordSplash.onStateUpdate: {"status":"installing-updates","current":3,"total":6,"progress":93}
[2026-01-23 19:04:36.367] [info]  Splash.onStateUpdate: {"status":"installing-updates","current":3,"total":6,"progress":93}
[2026-01-23 19:04:36.367] [info]  DiscordSplash.onStateUpdate: {"status":"installing-updates","current":3,"total":6,"progress":93}
[2026-01-23 19:04:36.367] [info]  Splash.onStateUpdate: {"status":"installing-updates","current":3,"total":6,"progress":93}
[2026-01-23 19:04:36.368] [info]  DiscordSplash.onStateUpdate: {"status":"installing-updates","current":3,"total":6,"progress":94}
[2026-01-23 19:04:36.368] [info]  Splash.onStateUpdate: {"status":"installing-updates","current":3,"total":6,"progress":94}
[2026-01-23 19:04:36.368] [info]  DiscordSplash.onStateUpdate: {"status":"installing-updates","current":3,"total":6,"progress":94}
[2026-01-23 19:04:36.368] [info]  Splash.onStateUpdate: {"status":"installing-updates","current":3,"total":6,"progress":94}
[2026-01-23 19:04:36.369] [info]  DiscordSplash.onStateUpdate: {"status":"installing-updates","current":3,"total":6,"progress":94}
[2026-01-23 19:04:36.369] [info]  Splash.onStateUpdate: {"status":"installing-updates","current":3,"total":6,"progress":94}
[2026-01-23 19:04:36.370] [info]  DiscordSplash.onStateUpdate: {"status":"installing-updates","current":3,"total":6,"progress":94}
[2026-01-23 19:04:36.370] [info]  Splash.onStateUpdate: {"status":"installing-updates","current":3,"total":6,"progress":94}
[2026-01-23 19:04:36.370] [info]  DiscordSplash.onStateUpdate: {"status":"installing-updates","current":3,"total":6,"progress":94}
[2026-01-23 19:04:36.370] [info]  Splash.onStateUpdate: {"status":"installing-updates","current":3,"total":6,"progress":94}
[2026-01-23 19:04:36.371] [info]  DiscordSplash.onStateUpdate: {"status":"installing-updates","current":3,"total":6,"progress":94}
[2026-01-23 19:04:36.371] [info]  Splash.onStateUpdate: {"status":"installing-updates","current":3,"total":6,"progress":94}
[2026-01-23 19:04:36.371] [info]  DiscordSplash.onStateUpdate: {"status":"installing-updates","current":3,"total":6,"progress":94}
[2026-01-23 19:04:36.372] [info]  Splash.onStateUpdate: {"status":"installing-updates","current":3,"total":6,"progress":94}
[2026-01-23 19:04:36.372] [info]  DiscordSplash.onStateUpdate: {"status":"installing-updates","current":3,"total":6,"progress":95}
[2026-01-23 19:04:36.372] [info]  Splash.onStateUpdate: {"status":"installing-updates","current":3,"total":6,"progress":95}
[2026-01-23 19:04:36.373] [info]  DiscordSplash.onStateUpdate: {"status":"installing-updates","current":3,"total":6,"progress":95}
[2026-01-23 19:04:36.373] [info]  Splash.onStateUpdate: {"status":"installing-updates","current":3,"total":6,"progress":95}
[2026-01-23 19:04:36.373] [info]  DiscordSplash.onStateUpdate: {"status":"installing-updates","current":3,"total":6,"progress":95}
[2026-01-23 19:04:36.373] [info]  Splash.onStateUpdate: {"status":"installing-updates","current":3,"total":6,"progress":95}
[2026-01-23 19:04:36.374] [info]  DiscordSplash.onStateUpdate: {"status":"installing-updates","current":3,"total":6,"progress":95}
[2026-01-23 19:04:36.374] [info]  Splash.onStateUpdate: {"status":"installing-updates","current":3,"total":6,"progress":95}
[2026-01-23 19:04:36.374] [info]  DiscordSplash.onStateUpdate: {"status":"installing-updates","current":3,"total":6,"progress":95}
[2026-01-23 19:04:36.375] [info]  Splash.onStateUpdate: {"status":"installing-updates","current":3,"total":6,"progress":95}
[2026-01-23 19:04:36.375] [info]  DiscordSplash.onStateUpdate: {"status":"installing-updates","current":3,"total":6,"progress":95}
[2026-01-23 19:04:36.375] [info]  Splash.onStateUpdate: {"status":"installing-updates","current":3,"total":6,"progress":95}
[2026-01-23 19:04:36.376] [info]  DiscordSplash.onStateUpdate: {"status":"installing-updates","current":3,"total":6,"progress":96}
[2026-01-23 19:04:36.376] [info]  Splash.onStateUpdate: {"status":"installing-updates","current":3,"total":6,"progress":96}
[2026-01-23 19:04:36.376] [info]  DiscordSplash.onStateUpdate: {"status":"installing-updates","current":3,"total":6,"progress":96}
[2026-01-23 19:04:36.377] [info]  Splash.onStateUpdate: {"status":"installing-updates","current":3,"total":6,"progress":96}
[2026-01-23 19:04:36.377] [info]  DiscordSplash.onStateUpdate: {"status":"installing-updates","current":3,"total":6,"progress":96}
[2026-01-23 19:04:36.377] [info]  Splash.onStateUpdate: {"status":"installing-updates","current":3,"total":6,"progress":96}
[2026-01-23 19:04:36.378] [info]  DiscordSplash.onStateUpdate: {"status":"installing-updates","current":3,"total":6,"progress":96}
[2026-01-23 19:04:36.378] [info]  Splash.onStateUpdate: {"status":"installing-updates","current":3,"total":6,"progress":96}
[2026-01-23 19:04:36.378] [info]  DiscordSplash.onStateUpdate: {"status":"installing-updates","current":3,"total":6,"progress":96}
[2026-01-23 19:04:36.378] [info]  Splash.onStateUpdate: {"status":"installing-updates","current":3,"total":6,"progress":96}
[2026-01-23 19:04:36.379] [info]  DiscordSplash.onStateUpdate: {"status":"installing-updates","current":3,"total":6,"progress":96}
[2026-01-23 19:04:36.379] [info]  Splash.onStateUpdate: {"status":"installing-updates","current":3,"total":6,"progress":96}
[2026-01-23 19:04:36.379] [info]  DiscordSplash.onStateUpdate: {"status":"installing-updates","current":3,"total":6,"progress":97}
[2026-01-23 19:04:36.379] [info]  Splash.onStateUpdate: {"status":"installing-updates","current":3,"total":6,"progress":97}
[2026-01-23 19:04:36.380] [info]  DiscordSplash.onStateUpdate: {"status":"installing-updates","current":3,"total":6,"progress":97}
[2026-01-23 19:04:36.380] [info]  Splash.onStateUpdate: {"status":"installing-updates","current":3,"total":6,"progress":97}
[2026-01-23 19:04:36.380] [info]  DiscordSplash.onStateUpdate: {"status":"installing-updates","current":3,"total":6,"progress":97}
[2026-01-23 19:04:36.381] [info]  Splash.onStateUpdate: {"status":"installing-updates","current":3,"total":6,"progress":97}
[2026-01-23 19:04:36.381] [info]  DiscordSplash.onStateUpdate: {"status":"installing-updates","current":3,"total":6,"progress":97}
[2026-01-23 19:04:36.381] [info]  Splash.onStateUpdate: {"status":"installing-updates","current":3,"total":6,"progress":97}
[2026-01-23 19:04:36.382] [info]  DiscordSplash.onStateUpdate: {"status":"installing-updates","current":3,"total":6,"progress":97}
[2026-01-23 19:04:36.382] [info]  Splash.onStateUpdate: {"status":"installing-updates","current":3,"total":6,"progress":97}
[2026-01-23 19:04:36.382] [info]  DiscordSplash.onStateUpdate: {"status":"installing-updates","current":3,"total":6,"progress":97}
[2026-01-23 19:04:36.382] [info]  Splash.onStateUpdate: {"status":"installing-updates","current":3,"total":6,"progress":97}
[2026-01-23 19:04:36.383] [info]  DiscordSplash.onStateUpdate: {"status":"installing-updates","current":3,"total":6,"progress":98}
[2026-01-23 19:04:36.383] [info]  Splash.onStateUpdate: {"status":"installing-updates","current":3,"total":6,"progress":98}
[2026-01-23 19:04:36.384] [info]  DiscordSplash.onStateUpdate: {"status":"installing-updates","current":3,"total":6,"progress":98}
[2026-01-23 19:04:36.384] [info]  Splash.onStateUpdate: {"status":"installing-updates","current":3,"total":6,"progress":98}
[2026-01-23 19:04:36.384] [info]  DiscordSplash.onStateUpdate: {"status":"installing-updates","current":3,"total":6,"progress":98}
[2026-01-23 19:04:36.384] [info]  Splash.onStateUpdate: {"status":"installing-updates","current":3,"total":6,"progress":98}
[2026-01-23 19:04:36.385] [info]  DiscordSplash.onStateUpdate: {"status":"installing-updates","current":3,"total":6,"progress":98}
[2026-01-23 19:04:36.385] [info]  Splash.onStateUpdate: {"status":"installing-updates","current":3,"total":6,"progress":98}
[2026-01-23 19:04:36.385] [info]  DiscordSplash.onStateUpdate: {"status":"installing-updates","current":3,"total":6,"progress":98}
[2026-01-23 19:04:36.385] [info]  Splash.onStateUpdate: {"status":"installing-updates","current":3,"total":6,"progress":98}
[2026-01-23 19:04:36.386] [info]  DiscordSplash.onStateUpdate: {"status":"installing-updates","current":3,"total":6,"progress":98}
[2026-01-23 19:04:36.386] [info]  Splash.onStateUpdate: {"status":"installing-updates","current":3,"total":6,"progress":98}
[2026-01-23 19:04:36.387] [info]  DiscordSplash.onStateUpdate: {"status":"installing-updates","current":3,"total":6,"progress":99}
[2026-01-23 19:04:36.387] [info]  Splash.onStateUpdate: {"status":"installing-updates","current":3,"total":6,"progress":99}
[2026-01-23 19:04:36.387] [info]  DiscordSplash.onStateUpdate: {"status":"installing-updates","current":3,"total":6,"progress":99}
[2026-01-23 19:04:36.387] [info]  Splash.onStateUpdate: {"status":"installing-updates","current":3,"total":6,"progress":99}
[2026-01-23 19:04:36.388] [info]  DiscordSplash.onStateUpdate: {"status":"installing-updates","current":3,"total":6,"progress":99}
[2026-01-23 19:04:36.388] [info]  Splash.onStateUpdate: {"status":"installing-updates","current":3,"total":6,"progress":99}
[2026-01-23 19:04:36.389] [info]  DiscordSplash.onStateUpdate: {"status":"installing-updates","current":3,"total":6,"progress":99}
[2026-01-23 19:04:36.389] [info]  Splash.onStateUpdate: {"status":"installing-updates","current":3,"total":6,"progress":99}
[2026-01-23 19:04:36.390] [info]  DiscordSplash.onStateUpdate: {"status":"installing-updates","current":3,"total":6,"progress":99}
[2026-01-23 19:04:36.390] [info]  Splash.onStateUpdate: {"status":"installing-updates","current":3,"total":6,"progress":99}
[2026-01-23 19:04:36.390] [info]  DiscordSplash.onStateUpdate: {"status":"installing-updates","current":3,"total":6,"progress":99}
[2026-01-23 19:04:36.390] [info]  Splash.onStateUpdate: {"status":"installing-updates","current":3,"total":6,"progress":99}
[2026-01-23 19:04:36.391] [info]  DiscordSplash.onStateUpdate: {"status":"installing-updates","current":3,"total":6,"progress":100}
[2026-01-23 19:04:36.391] [info]  Splash.onStateUpdate: {"status":"installing-updates","current":3,"total":6,"progress":100}
[2026-01-23 19:04:36.392] [info]  DiscordSplash.onStateUpdate: {"status":"installing-updates","current":4,"total":6}
[2026-01-23 19:04:36.392] [info]  Splash.onStateUpdate: {"status":"installing-updates","current":4,"total":6}
[2026-01-23 19:04:36.393] [info]  DiscordSplash.onStateUpdate: {"status":"installing-updates","current":4,"total":6,"progress":3}
[2026-01-23 19:04:36.393] [info]  Splash.onStateUpdate: {"status":"installing-updates","current":4,"total":6,"progress":3}
[2026-01-23 19:04:36.393] [info]  DiscordSplash.onStateUpdate: {"status":"installing-updates","current":4,"total":6,"progress":6}
[2026-01-23 19:04:36.394] [info]  Splash.onStateUpdate: {"status":"installing-updates","current":4,"total":6,"progress":6}
[2026-01-23 19:04:36.394] [info]  DiscordSplash.onStateUpdate: {"status":"installing-updates","current":4,"total":6,"progress":9}
[2026-01-23 19:04:36.394] [info]  Splash.onStateUpdate: {"status":"installing-updates","current":4,"total":6,"progress":9}
[2026-01-23 19:04:36.395] [info]  DiscordSplash.onStateUpdate: {"status":"installing-updates","current":4,"total":6,"progress":12}
[2026-01-23 19:04:36.395] [info]  Splash.onStateUpdate: {"status":"installing-updates","current":4,"total":6,"progress":12}
[2026-01-23 19:04:36.395] [info]  DiscordSplash.onStateUpdate: {"status":"installing-updates","current":4,"total":6,"progress":15}
[2026-01-23 19:04:36.396] [info]  Splash.onStateUpdate: {"status":"installing-updates","current":4,"total":6,"progress":15}
[2026-01-23 19:04:36.396] [info]  DiscordSplash.onStateUpdate: {"status":"installing-updates","current":4,"total":6,"progress":18}
[2026-01-23 19:04:36.396] [info]  Splash.onStateUpdate: {"status":"installing-updates","current":4,"total":6,"progress":18}
[2026-01-23 19:04:36.464] [info]  DiscordSplash.onStateUpdate: {"status":"installing-updates","current":4,"total":6,"progress":21}
[2026-01-23 19:04:36.464] [info]  Splash.onStateUpdate: {"status":"installing-updates","current":4,"total":6,"progress":21}
[2026-01-23 19:04:36.465] [info]  DiscordSplash.onStateUpdate: {"status":"installing-updates","current":4,"total":6,"progress":24}
[2026-01-23 19:04:36.465] [info]  Splash.onStateUpdate: {"status":"installing-updates","current":4,"total":6,"progress":24}
[2026-01-23 19:04:36.466] [info]  DiscordSplash.onStateUpdate: {"status":"installing-updates","current":4,"total":6,"progress":27}
[2026-01-23 19:04:36.466] [info]  Splash.onStateUpdate: {"status":"installing-updates","current":4,"total":6,"progress":27}
[2026-01-23 19:04:36.467] [info]  DiscordSplash.onStateUpdate: {"status":"installing-updates","current":4,"total":6,"progress":30}
[2026-01-23 19:04:36.467] [info]  Splash.onStateUpdate: {"status":"installing-updates","current":4,"total":6,"progress":30}
[2026-01-23 19:04:36.470] [info]  DiscordSplash.onStateUpdate: {"status":"installing-updates","current":4,"total":6,"progress":33}
[2026-01-23 19:04:36.470] [info]  Splash.onStateUpdate: {"status":"installing-updates","current":4,"total":6,"progress":33}
[2026-01-23 19:04:36.471] [info]  DiscordSplash.onStateUpdate: {"status":"installing-updates","current":4,"total":6,"progress":36}
[2026-01-23 19:04:36.471] [info]  Splash.onStateUpdate: {"status":"installing-updates","current":4,"total":6,"progress":36}
[2026-01-23 19:04:36.472] [info]  DiscordSplash.onStateUpdate: {"status":"installing-updates","current":4,"total":6,"progress":39}
[2026-01-23 19:04:36.472] [info]  Splash.onStateUpdate: {"status":"installing-updates","current":4,"total":6,"progress":39}
[2026-01-23 19:04:36.473] [info]  DiscordSplash.onStateUpdate: {"status":"installing-updates","current":4,"total":6,"progress":42}
[2026-01-23 19:04:36.473] [info]  Splash.onStateUpdate: {"status":"installing-updates","current":4,"total":6,"progress":42}
[2026-01-23 19:04:36.473] [info]  DiscordSplash.onStateUpdate: {"status":"installing-updates","current":4,"total":6,"progress":45}
[2026-01-23 19:04:36.473] [info]  Splash.onStateUpdate: {"status":"installing-updates","current":4,"total":6,"progress":45}
[2026-01-23 19:04:36.474] [info]  DiscordSplash.onStateUpdate: {"status":"installing-updates","current":4,"total":6,"progress":48}
[2026-01-23 19:04:36.474] [info]  Splash.onStateUpdate: {"status":"installing-updates","current":4,"total":6,"progress":48}
[2026-01-23 19:04:36.475] [info]  DiscordSplash.onStateUpdate: {"status":"installing-updates","current":4,"total":6,"progress":51}
[2026-01-23 19:04:36.475] [info]  Splash.onStateUpdate: {"status":"installing-updates","current":4,"total":6,"progress":51}
[2026-01-23 19:04:36.475] [info]  DiscordSplash.onStateUpdate: {"status":"installing-updates","current":4,"total":6,"progress":54}
[2026-01-23 19:04:36.475] [info]  Splash.onStateUpdate: {"status":"installing-updates","current":4,"total":6,"progress":54}
[2026-01-23 19:04:36.476] [info]  DiscordSplash.onStateUpdate: {"status":"installing-updates","current":4,"total":6,"progress":57}
[2026-01-23 19:04:36.476] [info]  Splash.onStateUpdate: {"status":"installing-updates","current":4,"total":6,"progress":57}
[2026-01-23 19:04:36.477] [info]  DiscordSplash.onStateUpdate: {"status":"installing-updates","current":4,"total":6,"progress":60}
[2026-01-23 19:04:36.477] [info]  Splash.onStateUpdate: {"status":"installing-updates","current":4,"total":6,"progress":60}
[2026-01-23 19:04:36.477] [info]  DiscordSplash.onStateUpdate: {"status":"installing-updates","current":4,"total":6,"progress":63}
[2026-01-23 19:04:36.477] [info]  Splash.onStateUpdate: {"status":"installing-updates","current":4,"total":6,"progress":63}
[2026-01-23 19:04:36.478] [info]  DiscordSplash.onStateUpdate: {"status":"installing-updates","current":4,"total":6,"progress":66}
[2026-01-23 19:04:36.478] [info]  Splash.onStateUpdate: {"status":"installing-updates","current":4,"total":6,"progress":66}
[2026-01-23 19:04:36.478] [info]  DiscordSplash.onStateUpdate: {"status":"installing-updates","current":4,"total":6,"progress":69}
[2026-01-23 19:04:36.478] [info]  Splash.onStateUpdate: {"status":"installing-updates","current":4,"total":6,"progress":69}
[2026-01-23 19:04:36.479] [info]  DiscordSplash.onStateUpdate: {"status":"installing-updates","current":4,"total":6,"progress":72}
[2026-01-23 19:04:36.479] [info]  Splash.onStateUpdate: {"status":"installing-updates","current":4,"total":6,"progress":72}
[2026-01-23 19:04:36.479] [info]  DiscordSplash.onStateUpdate: {"status":"installing-updates","current":4,"total":6,"progress":75}
[2026-01-23 19:04:36.479] [info]  Splash.onStateUpdate: {"status":"installing-updates","current":4,"total":6,"progress":75}
[2026-01-23 19:04:36.480] [info]  DiscordSplash.onStateUpdate: {"status":"installing-updates","current":4,"total":6,"progress":78}
[2026-01-23 19:04:36.480] [info]  Splash.onStateUpdate: {"status":"installing-updates","current":4,"total":6,"progress":78}
[2026-01-23 19:04:36.480] [info]  DiscordSplash.onStateUpdate: {"status":"installing-updates","current":4,"total":6,"progress":81}
[2026-01-23 19:04:36.481] [info]  Splash.onStateUpdate: {"status":"installing-updates","current":4,"total":6,"progress":81}
[2026-01-23 19:04:36.481] [info]  DiscordSplash.onStateUpdate: {"status":"installing-updates","current":4,"total":6,"progress":84}
[2026-01-23 19:04:36.481] [info]  Splash.onStateUpdate: {"status":"installing-updates","current":4,"total":6,"progress":84}
[2026-01-23 19:04:36.482] [info]  DiscordSplash.onStateUpdate: {"status":"installing-updates","current":4,"total":6,"progress":87}
[2026-01-23 19:04:36.482] [info]  Splash.onStateUpdate: {"status":"installing-updates","current":4,"total":6,"progress":87}
[2026-01-23 19:04:36.482] [info]  DiscordSplash.onStateUpdate: {"status":"installing-updates","current":4,"total":6,"progress":90}
[2026-01-23 19:04:36.482] [info]  Splash.onStateUpdate: {"status":"installing-updates","current":4,"total":6,"progress":90}
[2026-01-23 19:04:36.483] [info]  DiscordSplash.onStateUpdate: {"status":"installing-updates","current":4,"total":6,"progress":93}
[2026-01-23 19:04:36.483] [info]  Splash.onStateUpdate: {"status":"installing-updates","current":4,"total":6,"progress":93}
[2026-01-23 19:04:36.483] [info]  DiscordSplash.onStateUpdate: {"status":"installing-updates","current":4,"total":6,"progress":96}
[2026-01-23 19:04:36.483] [info]  Splash.onStateUpdate: {"status":"installing-updates","current":4,"total":6,"progress":96}
[2026-01-23 19:04:36.484] [info]  DiscordSplash.onStateUpdate: {"status":"installing-updates","current":4,"total":6,"progress":100}
[2026-01-23 19:04:36.484] [info]  Splash.onStateUpdate: {"status":"installing-updates","current":4,"total":6,"progress":100}
[2026-01-23 19:04:36.485] [info]  DiscordSplash.onStateUpdate: {"status":"installing-updates","current":5,"total":6}
[2026-01-23 19:04:36.485] [info]  Splash.onStateUpdate: {"status":"installing-updates","current":5,"total":6}
[2026-01-23 19:04:36.485] [info]  DiscordSplash.onStateUpdate: {"status":"installing-updates","current":5,"total":6,"progress":25}
[2026-01-23 19:04:36.485] [info]  Splash.onStateUpdate: {"status":"installing-updates","current":5,"total":6,"progress":25}
[2026-01-23 19:04:36.486] [info]  DiscordSplash.onStateUpdate: {"status":"installing-updates","current":5,"total":6,"progress":50}
[2026-01-23 19:04:36.486] [info]  Splash.onStateUpdate: {"status":"installing-updates","current":5,"total":6,"progress":50}
[2026-01-23 19:04:36.487] [info]  DiscordSplash.onStateUpdate: {"status":"installing-updates","current":5,"total":6,"progress":75}
[2026-01-23 19:04:36.487] [info]  Splash.onStateUpdate: {"status":"installing-updates","current":5,"total":6,"progress":75}
[2026-01-23 19:04:36.843] [info]  DiscordSplash.onStateUpdate: {"status":"installing-updates","current":5,"total":6,"progress":100}
[2026-01-23 19:04:36.843] [info]  Splash.onStateUpdate: {"status":"installing-updates","current":5,"total":6,"progress":100}
[2026-01-23 19:04:36.845] [info]  DiscordSplash.onStateUpdate: {"status":"installing-updates","current":6,"total":6}
[2026-01-23 19:04:36.845] [info]  Splash.onStateUpdate: {"status":"installing-updates","current":6,"total":6}
[2026-01-23 19:04:36.846] [info]  DiscordSplash.onStateUpdate: {"status":"installing-updates","current":6,"total":6,"progress":25}
[2026-01-23 19:04:36.846] [info]  Splash.onStateUpdate: {"status":"installing-updates","current":6,"total":6,"progress":25}
[2026-01-23 19:04:36.846] [info]  DiscordSplash.onStateUpdate: {"status":"installing-updates","current":6,"total":6,"progress":50}
[2026-01-23 19:04:36.847] [info]  Splash.onStateUpdate: {"status":"installing-updates","current":6,"total":6,"progress":50}
[2026-01-23 19:04:36.851] [info]  DiscordSplash.onStateUpdate: {"status":"installing-updates","current":6,"total":6,"progress":75}
[2026-01-23 19:04:36.851] [info]  Splash.onStateUpdate: {"status":"installing-updates","current":6,"total":6,"progress":75}
[2026-01-23 19:04:36.851] [info]  DiscordSplash.onStateUpdate: {"status":"installing-updates","current":6,"total":6,"progress":100}
[2026-01-23 19:04:36.851] [info]  Splash.onStateUpdate: {"status":"installing-updates","current":6,"total":6,"progress":100}
[2026-01-23 19:04:36.853] [info]  DiscordSplash.onStateUpdate: {"status":"checking-for-updates","current":6,"total":6}
[2026-01-23 19:04:36.853] [info]  Splash.onStateUpdate: {"status":"checking-for-updates","current":6,"total":6}
[2026-01-23 19:04:36.990] [info]  Splash.updateCountdownSeconds: undefined
[2026-01-23 19:04:37.058] [info]  DiscordSplash.onStateUpdate: {"status":"launching","current":6,"total":6}
[2026-01-23 19:04:37.058] [info]  Splash.onStateUpdate: {"status":"launching","current":6,"total":6}
[2026-01-23 19:04:37.452] [info]  [FAST CONNECT] wss://gateway.discord.gg/?encoding=etf&v=9&compress=zstd-stream, encoding: etf, version: 9
[2026-01-23 19:04:37.713] [info]  [FAST CONNECT] fast connect early identify is not enabled
[2026-01-23 19:04:37.989] [info]  Splash.updateCountdownSeconds: undefined
[2026-01-23 19:04:38.853] [info]  [libdiscore] [experiment_manager] Loaded experiments from cache
[2026-01-23 19:04:38.945] [info]  [KvStore] GuildStore initialized in mode: typescript
[2026-01-23 19:04:38.989] [info]  Splash.updateCountdownSeconds: undefined
[2026-01-23 19:04:39.014] [info]  [KkvStore] GuildRoleStore initialized in mode: typescript
[2026-01-23 19:04:39.066] [info]  Initializing voice engine with audio subsystem: standard
[2026-01-23 19:04:39.158] [info]  [KkvStore] RawGuildEmojiStore initialized in mode: typescript
[2026-01-23 19:04:39.175] [info]  [KkvStore] StickersPackStore initialized in mode: typescript
[2026-01-23 19:04:39.175] [info]  [KkvStore] GuildStickersStore initialized in mode: typescript
[2026-01-23 19:04:39.294] [info]  [default] [BUILD INFO] Release Channel: stable, Build Number: 488272, Version Hash: 47627a4a32c30cda3a622778125467eaa9a6fa3e
[2026-01-23 19:04:39.448] [info]  [KvStore] NoteStore initialized in mode: typescript
[2026-01-23 19:04:39.452] [warn]  [CloudSyncUtils] CloudSync is not supported on this platform
[2026-01-23 19:04:39.466] [info]  [default] [NATIVE INFO] host 0.0.121, modules: discord_desktop_core: 1, discord_erlpack: 1, discord_spellcheck: 1, discord_utils: 1, discord_voice: 1, discord_zstd: 1, build: null
[2026-01-23 19:04:39.470] [info]  [libdiscore] The answer for life the universe and everything is: 42
[2026-01-23 19:04:39.488] [error] [Spellchecker] sh is not a valid locale.
[2026-01-23 19:04:39.524] [info]  [Spellchecker] Switching to en-US (available)
[2026-01-23 19:04:40.800] [info]  [GatewaySocket] [CONNECT] wss://gateway.discord.gg, encoding: etf, version: 9, compression: zstd-stream
[2026-01-23 19:04:40.800] [info]  [GatewaySocket] [FAST CONNECT] successfully took over websocket, state: [object Object]
[2026-01-23 19:04:40.800] [info]  [GatewaySocket] [CONNECTED] wss://gateway.discord.gg/?encoding=etf&v=9&compress=zstd-stream in 0 ms
[2026-01-23 19:04:41.779] [info]  [GatewaySocket] [READY] took 979ms, as 11da7a93763f2953cc6c7ce3cbb01fd8
[2026-01-23 19:04:41.828] [info]  [Flux] Dispatching CONNECTION_OPEN
[2026-01-23 19:04:41.832] [info]  [DatabaseManager] removing database (user: 792433527081271357, database: undefined)
[2026-01-23 19:04:41.842] [warn]  [NativeDispatchUtils] Tried getting Dispatch instance before instantiated
[2026-01-23 19:04:41.854] [info]  [Spotify] WS Connecting
[2026-01-23 19:04:41.856] [info]  [Spotify] Added account: 31vzsztvayz6pancbtcewcttagkm
[2026-01-23 19:04:41.892] [info]  [MessageActionCreators] Fetching messages for 1191834641016033351 between undefined and undefined. jump={"jumpType":"ANIMATED"}
[2026-01-23 19:04:42.207] [info]  [GatewaySocket] [READY_SUPPLEMENTAL] took 1407ms
[2026-01-23 19:04:42.391] [info]  [MessageActionCreators] Fetched 0 messages for 1191834641016033351 isBefore:false isAfter:false
[2026-01-23 19:04:42.393] [info]  [ChannelMessages] loadComplete: resetting state for channelId=1191834641016033351, sending.length=0
[2026-01-23 19:04:42.594] [info]  [Spotify] Updated account access token: 31vzsztvayz6pancbtcewcttagkm
[2026-01-23 19:04:42.816] [info]  [Spotify] WS Connected
[2026-01-23 19:04:42.927] [info]  [Spotify] Devices updated for 31vzsztvayz6pancbtcewcttagkm: 
[2026-01-23 19:04:43.042] [info]  [Spotify] Profile updated for 31vzsztvayz6pancbtcewcttagkm: isPremium = false
[2026-01-23 19:04:44.297] [info]  [OverlayKeybindExperimentManager] Experiments initializing...
[2026-01-23 19:04:44.315] [info]  [OverlayKeybindExperimentManager] Experiments initialized
[2026-01-23 19:04:44.987] [info]  [RPCServer:WSS] Starting on 6463
[2026-01-23 19:04:44.994] [info]  [RPCServer:IPC] Starting on /run/user/1000/discord-ipc-0
[2026-01-23 19:04:46.446] [error] Could not find a View Model linked to Artboard BaseGlowRemapped.
[2026-01-23 19:04:46.449] [error] Could not find a View Model linked to Artboard BaseGlowRemapped.
[2026-01-23 19:04:46.778] [info]  [discord_protos.discord_users.v1.PreloadedUserSettings] Updating userContent with delay 0
[2026-01-23 19:04:46.783] [info]  [discord_protos.discord_users.v1.PreloadedUserSettings] Scheduling save from markDirty
[2026-01-23 19:04:46.791] [info]  [discord_protos.discord_users.v1.PreloadedUserSettings] Persisting proto
[2026-01-23 19:04:52.286] [info]  [ReadStateStore] Deleting ReadState 225451665602510850 0 [object Object]
[2026-01-23 19:04:53.286] [info]  [ReadStateStore] Deleting ReadState 1426934709203505294 0 [object Object]
[2026-01-23 19:04:55.513] [warn]  [libdiscore] [BlockedDomainsStore] Delta update failed due to inconsistent state, falling back to full sync
[2026-01-23 19:04:55.847] [info]  [libdiscore] [BlockedDomainsStore] Successfully fetched blocked domains
[2026-01-23 19:05:00.335] [warn]  The resource https://discordapp.com/assets/189422196a4f8b53.woff2 was preloaded using link preload but not used within a few seconds from the window's load event. Please make sure it has an appropriate `as` value and it is preloaded intentionally.
[2026-01-23 19:05:00.335] [warn]  The resource https://discordapp.com/assets/7a6a566c2e88a35d.woff2 was preloaded using link preload but not used within a few seconds from the window's load event. Please make sure it has an appropriate `as` value and it is preloaded intentionally.
[2026-01-23 19:05:00.335] [warn]  The resource https://discordapp.com/assets/dd24010f3cf7def7.woff2 was preloaded using link preload but not used within a few seconds from the window's load event. Please make sure it has an appropriate `as` value and it is preloaded intentionally.
[2026-01-23 19:05:00.335] [warn]  The resource https://discordapp.com/assets/e52f0cba712e2fb4.woff2 was preloaded using link preload but not used within a few seconds from the window's load event. Please make sure it has an appropriate `as` value and it is preloaded intentionally.
[2026-01-23 19:05:00.336] [warn]  The resource https://discordapp.com/assets/ce3b8055f5114434.woff2 was preloaded using link preload but not used within a few seconds from the window's load event. Please make sure it has an appropriate `as` value and it is preloaded intentionally.
[2026-01-23 19:05:00.336] [warn]  The resource https://discordapp.com/assets/cb2006dbced0e246.woff2 was preloaded using link preload but not used within a few seconds from the window's load event. Please make sure it has an appropriate `as` value and it is preloaded intentionally.
[2026-01-23 19:05:18.285] [info]  [WindowVisibilityVideoManager] Incoming video enabled changed, incomingVideoEnabled = false
[2026-01-23 19:05:27.304] [warn]  The resource https://discordapp.com/assets/189422196a4f8b53.woff2 was preloaded using link preload but not used within a few seconds from the window's load event. Please make sure it has an appropriate `as` value and it is preloaded intentionally.
[2026-01-23 19:05:27.304] [warn]  The resource https://discordapp.com/assets/7a6a566c2e88a35d.woff2 was preloaded using link preload but not used within a few seconds from the window's load event. Please make sure it has an appropriate `as` value and it is preloaded intentionally.
[2026-01-23 19:05:27.304] [warn]  The resource https://discordapp.com/assets/dd24010f3cf7def7.woff2 was preloaded using link preload but not used within a few seconds from the window's load event. Please make sure it has an appropriate `as` value and it is preloaded intentionally.
[2026-01-23 19:05:27.305] [warn]  The resource https://discordapp.com/assets/e52f0cba712e2fb4.woff2 was preloaded using link preload but not used within a few seconds from the window's load event. Please make sure it has an appropriate `as` value and it is preloaded intentionally.
[2026-01-23 19:05:27.305] [warn]  The resource https://discordapp.com/assets/ce3b8055f5114434.woff2 was preloaded using link preload but not used within a few seconds from the window's load event. Please make sure it has an appropriate `as` value and it is preloaded intentionally.
[2026-01-23 19:05:27.305] [warn]  The resource https://discordapp.com/assets/cb2006dbced0e246.woff2 was preloaded using link preload but not used within a few seconds from the window's load event. Please make sure it has an appropriate `as` value and it is preloaded intentionally.
[2026-03-06 17:26:17.695] [info]  DiscordSplash.signalReady
[2026-03-06 17:26:17.739] [info]  DiscordSplash.onStateUpdate: {"status":"installing-updates","current":1,"total":6}
[2026-03-06 17:26:17.741] [info]  Splash.onStateUpdate: {"status":"installing-updates","current":1,"total":6}
[2026-03-06 17:26:17.742] [info]  DiscordSplash.onStateUpdate: {"status":"installing-updates","current":2,"total":6}
[2026-03-06 17:26:17.742] [info]  Splash.onStateUpdate: {"status":"installing-updates","current":2,"total":6}
[2026-03-06 17:26:17.743] [info]  DiscordSplash.onStateUpdate: {"status":"installing-updates","current":3,"total":6}
[2026-03-06 17:26:17.744] [info]  Splash.onStateUpdate: {"status":"installing-updates","current":3,"total":6}
[2026-03-06 17:26:17.744] [info]  DiscordSplash.onStateUpdate: {"status":"installing-updates","current":4,"total":6}
[2026-03-06 17:26:17.744] [info]  Splash.onStateUpdate: {"status":"installing-updates","current":4,"total":6}
[2026-03-06 17:26:17.745] [info]  DiscordSplash.onStateUpdate: {"status":"installing-updates","current":5,"total":6}
[2026-03-06 17:26:17.746] [info]  Splash.onStateUpdate: {"status":"installing-updates","current":5,"total":6}
[2026-03-06 17:26:17.746] [info]  DiscordSplash.onStateUpdate: {"status":"installing-updates","current":6,"total":6}
[2026-03-06 17:26:17.747] [info]  Splash.onStateUpdate: {"status":"installing-updates","current":6,"total":6}
[2026-03-06 17:26:17.747] [info]  DiscordSplash.onStateUpdate: {"status":"checking-for-updates","current":6,"total":6}
[2026-03-06 17:26:17.747] [info]  Splash.onStateUpdate: {"status":"checking-for-updates","current":6,"total":6}
[2026-03-06 17:26:18.379] [info]  DiscordSplash.onStateUpdate: {"status":"update-manually","current":6,"total":6,"newVersion":"0.0.127"}
[2026-03-06 17:26:18.379] [info]  Splash.onStateUpdate: {"status":"update-manually","current":6,"total":6,"newVersion":"0.0.127"}
[2026-03-06 17:26:18.695] [info]  Splash.updateCountdownSeconds: undefined
[2026-03-06 17:26:19.694] [info]  Splash.updateCountdownSeconds: undefined
